-- MySQL dump 10.13  Distrib 8.0.33, for Win64 (x86_64)
--
-- Host: 127.0.0.1    Database: ojrdb
-- ------------------------------------------------------
-- Server version	8.0.33

/*!40101 SET @OLD_CHARACTER_SET_CLIENT=@@CHARACTER_SET_CLIENT */;
/*!40101 SET @OLD_CHARACTER_SET_RESULTS=@@CHARACTER_SET_RESULTS */;
/*!40101 SET @OLD_COLLATION_CONNECTION=@@COLLATION_CONNECTION */;
/*!50503 SET NAMES utf8mb4 */;
/*!40103 SET @OLD_TIME_ZONE=@@TIME_ZONE */;
/*!40103 SET TIME_ZONE='+00:00' */;
/*!40014 SET @OLD_UNIQUE_CHECKS=@@UNIQUE_CHECKS, UNIQUE_CHECKS=0 */;
/*!40014 SET @OLD_FOREIGN_KEY_CHECKS=@@FOREIGN_KEY_CHECKS, FOREIGN_KEY_CHECKS=0 */;
/*!40101 SET @OLD_SQL_MODE=@@SQL_MODE, SQL_MODE='NO_AUTO_VALUE_ON_ZERO' */;
/*!40111 SET @OLD_SQL_NOTES=@@SQL_NOTES, SQL_NOTES=0 */;

--
-- Table structure for table `AgenciaMaritima`
--

DROP TABLE IF EXISTS `AgenciaMaritima`;
/*!40101 SET @saved_cs_client     = @@character_set_client */;
/*!50503 SET character_set_client = utf8mb4 */;
CREATE TABLE `AgenciaMaritima` (
  `id` bigint NOT NULL AUTO_INCREMENT,
  `nombre` varchar(100) NOT NULL,
  `telefono` varchar(100) NOT NULL,
  PRIMARY KEY (`id`)
) ENGINE=InnoDB AUTO_INCREMENT=20 DEFAULT CHARSET=utf8mb4 COLLATE=utf8mb4_0900_ai_ci;
/*!40101 SET character_set_client = @saved_cs_client */;

--
-- Dumping data for table `AgenciaMaritima`
--

LOCK TABLES `AgenciaMaritima` WRITE;
/*!40000 ALTER TABLE `AgenciaMaritima` DISABLE KEYS */;
INSERT INTO `AgenciaMaritima` VALUES (1,'OBISPO','2804418885'),(2,'PARDAL','2804576307'),(3,'AGENCIA MARITIMA DEL SUR','2804574097'),(4,'GENERICA','1'),(5,'MAR AZUL','1'),(6,'MARGONI ARHEX MELISA','291431577'),(7,'COMINTER','2915279966'),(10,'OLAZABAL','2804220009'),(11,'BARBERA','02804607068'),(12,'PORTSERVICE','2804191809'),(14,'CRISTAL','2976241757'),(15,'PRUEBA','1'),(16,'AGENCIA FEIJOO CRI','1'),(17,'NAVARRO','1'),(18,'AGENCIA FEIJOO PD','1'),(19,'SHEPHERD','1');
/*!40000 ALTER TABLE `AgenciaMaritima` ENABLE KEYS */;
UNLOCK TABLES;

--
-- Table structure for table `Armadora`
--

DROP TABLE IF EXISTS `Armadora`;
/*!40101 SET @saved_cs_client     = @@character_set_client */;
/*!50503 SET character_set_client = utf8mb4 */;
CREATE TABLE `Armadora` (
  `id` bigint NOT NULL AUTO_INCREMENT,
  `nombre` varchar(100) NOT NULL,
  `direccion` varchar(150) NOT NULL,
  `cuit` varchar(13) NOT NULL,
  `telefono` varchar(100) NOT NULL,
  `fecha_alta` datetime(6) NOT NULL,
  `fecha_actualizacion` datetime(6) NOT NULL,
  `agenciaMaritima_id` bigint NOT NULL,
  PRIMARY KEY (`id`),
  KEY `Armadora_agenciaMaritima_id_cf7d80d2_fk_AgenciaMaritima_id` (`agenciaMaritima_id`),
  CONSTRAINT `Armadora_agenciaMaritima_id_cf7d80d2_fk_AgenciaMaritima_id` FOREIGN KEY (`agenciaMaritima_id`) REFERENCES `AgenciaMaritima` (`id`)
) ENGINE=InnoDB AUTO_INCREMENT=59 DEFAULT CHARSET=utf8mb4 COLLATE=utf8mb4_0900_ai_ci;
/*!40101 SET character_set_client = @saved_cs_client */;

--
-- Dumping data for table `Armadora`
--

LOCK TABLES `Armadora` WRITE;
/*!40000 ALTER TABLE `Armadora` DISABLE KEYS */;
INSERT INTO `Armadora` VALUES (1,'Arela S.A.','ad','30-70860949-4','1','2023-07-06 22:11:54.424979','2024-05-16 20:58:45.567184',1),(2,'Armadora Acrux S.A.','','30-70849690-8','1','2023-07-06 22:11:54.424979','2024-05-16 21:13:36.907647',1),(3,'Bafetta S.A.','','30-70973284-2','1','2023-07-06 22:11:54.424979','2023-11-15 22:07:18.952014',4),(4,'Bricel S.A.','','','1','2023-07-06 22:11:54.424979','2023-07-06 22:11:54.424979',4),(5,'Buena Proa S.A.','','30-69096228-0','1','2023-07-06 22:11:54.424979','2024-05-16 21:13:48.501139',1),(6,'Cabo Virgenes S.A.','','30-70940443-8','1','2023-07-06 22:11:54.424979','2023-11-15 22:09:49.659018',4),(7,'Centomar S.A.','','30-70804624-4','1','2023-07-06 22:11:54.424979','2024-05-16 21:13:53.727735',1),(8,'Crestas S.A.','','30-68134354-3','1','2023-07-06 22:11:54.424979','2023-11-15 22:10:48.004708',4),(9,'Crustaceos del Sur S.A.','','30-70902885-1','1','2023-07-06 22:11:54.424979','2024-05-16 21:14:22.955360',1),(10,'Cte Pidrabuena S.A.','','30-62899701-9','1','2023-07-06 22:11:54.424979','2023-11-15 22:11:19.787499',4),(11,'De Angelis y Logghe SA','','30-70771872-9','1','2023-07-06 22:11:54.424979','2025-05-23 20:29:06.516355',15),(12,'Empesur S.A.','','30-62082765-3','1','2023-07-06 22:11:54.424979','2023-11-15 22:11:51.328579',4),(13,'Food Partners S.A.','','30-71187285-6','1','2023-07-06 22:11:54.424979','2023-11-15 22:12:26.406656',4),(14,'Greciamar S.A.','','30-71020150-8','1','2023-07-06 22:11:54.424979','2024-05-16 21:14:17.844917',1),(15,'Isla de los Estados','','30-61487509-3','1','2023-07-06 22:11:54.424979','2023-11-15 22:13:42.521574',4),(16,'La Escalerona S.A.','aadfd','30-71457345-0','2804660922','2023-07-06 22:11:54.424979','2024-05-16 21:14:27.892712',1),(17,'Linearre S.A.','','','1','2023-07-06 22:11:54.424979','2023-07-06 22:11:54.424979',4),(18,'Marcopesa S.A.','','30-67056332-0','1','2023-07-06 22:11:54.424979','2023-11-15 22:14:46.650691',4),(19,'Pelagic S.A.','','30-71483927-2','1','2023-07-06 22:11:54.424979','2023-11-15 22:15:14.791512',4),(20,'Pescargen S.A.','','30-57596116-5','1','2023-07-06 22:11:54.424979','2023-11-15 22:15:49.053779',4),(21,'Pesquera Deseado S.A.U.','','30-70129618-0','1','2023-07-06 22:11:54.424979','2023-11-15 22:16:10.381789',4),(22,'Pesquera Olivos S.A.','','30-66033509-5','1','2023-07-06 22:11:54.424979','2024-05-16 21:14:46.734606',1),(23,'Pesquera San Isidro S.A.','','30-68250900-3','2804660922','2023-07-06 22:11:54.424979','2025-08-20 21:58:53.643616',1),(24,'Pesquera San Salvador S.R.L.','','30-65998597-3','1','2023-07-06 22:11:54.424979','2023-11-16 21:14:43.748415',4),(25,'Pesqueria del Atlantico S.A.','','30-71476012-9','1','2023-07-06 22:11:54.424979','2023-11-15 22:16:51.191334',4),(26,'Riminimarr S.A.','','30-71218042-7','1','2023-07-06 22:11:54.424979','2024-05-16 21:14:36.277265',1),(27,'Urbipez S.A.','','30-70932673-9','1','2023-07-06 22:11:54.424979','2023-11-15 22:17:40.614312',4),(28,'Valdore SA','n','30-71542688-5','1','2023-07-06 22:11:54.424979','2023-11-15 22:18:01.769008',1),(29,'Generica','No se','','1','2023-07-08 22:36:44.263281','2023-07-08 22:36:44.263425',1),(30,'Costa Chubut S.A.','n','30-70834000-2','0280','2023-07-10 21:55:38.258643','2025-08-02 13:09:09.423625',14),(31,'SUDELCO S.A.','','30-52184598-4','1','2023-08-14 21:44:59.955055','2023-11-15 22:17:25.189354',4),(32,'ESTRELLA PATAGONICA S.A.','No se','30-68562823-2','28045444','2023-09-21 20:58:47.015807','2023-11-15 22:12:13.156412',4),(33,'BARRANCAS BLANCAS','No se','30-70821899-1','1','2023-09-22 22:05:45.409737','2023-11-15 22:07:34.808518',5),(34,'PESQUERA LATINA S.A.','MAR DEL PLATA','33-63794579-9','2236336947','2024-04-29 19:11:34.864745','2024-04-29 19:11:34.864766',4),(35,'PESQUERA SANTA CRUZ S.A.','Reconquista 1088 - Piso 8','30-60401436-7','2804198521','2024-05-01 13:09:39.861679','2024-05-01 13:09:39.861728',2),(36,'Conarpesa Continental Armadores de Pesca S.A.','Jeronimo Salguero 2731 - Piso 5','30-57785659-8','1121926398','2024-05-14 22:24:18.268210','2025-04-30 14:52:20.187596',11),(37,'ARGENOVA S.A.','AV ALEM 855 PISO 32','30-62539063-6','0','2024-05-16 12:53:34.444814','2024-08-07 13:43:03.390886',2),(38,'AGROPEZ S.A.','Jeronimo Salguero 2731 - Piso 5','30-66028312-5','2804451626','2024-05-24 19:33:29.095464','2025-04-30 14:52:39.970640',11),(39,'MIRABELLA SRL','','33714468079','0','2024-05-30 11:59:26.207536','2024-05-30 11:59:26.207561',1),(40,'GRINFIN S.A.','AV J B JUSTO 50 - 7B M.DEL PLATA','30-65224339-4','2804191809','2024-05-31 21:25:42.401237','2024-08-26 20:47:11.389035',11),(41,'CHIARMAR S.A.','','30-71518448-2','2234470084','2024-06-03 21:09:04.632251','2025-08-05 21:46:30.008683',12),(42,'Comandante Piedrabuena S.A.','Mar del Plata','30628997019','2654142','2024-06-26 12:47:13.283404','2024-06-26 17:14:07.623651',4),(43,'IBERCONSA DE ARGENTINA S.A.','PARQUE IND. PESQUERO PUERTO MADRYN','30-67057144-7','0','2024-07-13 21:31:58.559298','2024-07-13 21:31:58.559321',11),(44,'IBERCONSA S.A.','','','2804631372','2024-07-23 20:35:51.840520','2024-07-23 20:35:51.840545',3),(45,'RED CHAMBER ARGENTINA S.A.','','30-71454587-2','1','2024-08-02 22:10:01.070800','2024-08-02 22:10:01.070823',11),(46,'BAHIA DE LOS ESTADOS','','30-71547806-0','1','2024-08-05 21:13:00.276841','2024-08-05 21:13:00.276861',14),(47,'CRUSTACEOS PATAGONICOS S.A.','','30-70834000-2','1','2024-08-05 21:13:28.315251','2024-08-05 21:13:28.315271',14),(48,'EL TEMERARIO','','20-16332480-7','1','2024-08-06 21:34:40.152925','2024-08-06 21:34:40.152953',4),(49,'AZUL MARINO S.R.L.','','20-16332480-7','1','2024-08-06 21:37:53.960650','2024-08-06 21:37:53.960691',4),(50,'MAR DE MESSINA S.A.','MARLIN 400','30632815502','0','2024-08-16 13:35:57.936168','2024-08-16 13:35:57.936190',4),(51,'CRUZ DEL SUR','AV.MADERO 1020 PISO 21 CABA','30-70088287-6','0','2024-11-05 21:18:55.293977','2024-11-05 21:18:55.294001',4),(52,'Suarez Luis Alberto','Francisco San Martin 1165 San Antonio Oeste','20-16332480-7','.','2024-11-14 14:44:07.245722','2025-07-22 22:40:30.792374',16),(53,'Petromares S.A.','Rawson','30-71690308-3','0','2024-11-16 19:34:45.057722','2024-11-16 19:34:45.057760',4),(54,'ASOCIACIÓN CIVIL NUEVA ESPERANZA COLONIA MENONITA','LOTE 20 SEC 3 FRAC 0','30-67167616-1','0','2024-11-26 14:31:33.800793','2025-05-06 15:23:41.939081',4),(55,'PESQUERA RIO QUEQUEN S.A.','','30-65623525-6','.','2025-02-06 20:45:16.360590','2025-02-06 20:45:30.960279',11),(56,'Bentonicos de Argentina S.A.','Gobernador Paz 1071 USUAHIA C.P. 9410','30-71095200-7','0','2025-02-25 16:25:44.759213','2025-02-25 16:25:44.759238',14),(57,'HANSUNG AR S.A.','','30-60573764-8','.','2025-04-23 14:46:22.597833','2025-04-24 20:42:03.799710',11),(58,'OCEAN WAVES EXPORT S.A.','0','30718114558','0','2025-07-21 12:41:53.623294','2025-07-23 14:12:53.241773',5);
/*!40000 ALTER TABLE `Armadora` ENABLE KEYS */;
UNLOCK TABLES;

--
-- Table structure for table `ArmadoraPuerto`
--

DROP TABLE IF EXISTS `ArmadoraPuerto`;
/*!40101 SET @saved_cs_client     = @@character_set_client */;
/*!50503 SET character_set_client = utf8mb4 */;
CREATE TABLE `ArmadoraPuerto` (
  `id` bigint NOT NULL AUTO_INCREMENT,
  `fecha_alta` datetime(6) NOT NULL,
  `fecha_actualizacion` datetime(6) NOT NULL,
  `armadora_id` bigint NOT NULL,
  `puerto_id` bigint NOT NULL,
  `agenciaMaritima_id` bigint NOT NULL,
  PRIMARY KEY (`id`),
  UNIQUE KEY `ArmadoraPuerto_armadora_id_puerto_id_76166f98_uniq` (`armadora_id`,`puerto_id`),
  KEY `ArmadoraPuerto_puerto_id_46681f57_fk_Puerto_id` (`puerto_id`),
  KEY `ArmadoraPuerto_agenciaMaritima_id_7df2cebe_fk_AgenciaMaritima_id` (`agenciaMaritima_id`),
  CONSTRAINT `ArmadoraPuerto_agenciaMaritima_id_7df2cebe_fk_AgenciaMaritima_id` FOREIGN KEY (`agenciaMaritima_id`) REFERENCES `AgenciaMaritima` (`id`),
  CONSTRAINT `ArmadoraPuerto_armadora_id_b1b22752_fk_Armadora_id` FOREIGN KEY (`armadora_id`) REFERENCES `Armadora` (`id`),
  CONSTRAINT `ArmadoraPuerto_puerto_id_46681f57_fk_Puerto_id` FOREIGN KEY (`puerto_id`) REFERENCES `Puerto` (`id`)
) ENGINE=InnoDB AUTO_INCREMENT=6 DEFAULT CHARSET=utf8mb4 COLLATE=utf8mb4_0900_ai_ci;
/*!40101 SET character_set_client = @saved_cs_client */;

--
-- Dumping data for table `ArmadoraPuerto`
--

LOCK TABLES `ArmadoraPuerto` WRITE;
/*!40000 ALTER TABLE `ArmadoraPuerto` DISABLE KEYS */;
INSERT INTO `ArmadoraPuerto` VALUES (2,'2024-05-31 22:28:28.577451','2024-05-31 22:28:28.577483',37,1,2),(3,'2024-05-31 22:28:50.820839','2024-05-31 22:28:50.820872',37,5,7),(4,'2025-08-08 21:30:58.536063','2025-08-08 21:30:58.536087',37,7,2),(5,'2025-08-08 21:32:32.890064','2025-08-08 21:32:32.890112',37,9,17);
/*!40000 ALTER TABLE `ArmadoraPuerto` ENABLE KEYS */;
UNLOCK TABLES;

--
-- Table structure for table `auth_group`
--

DROP TABLE IF EXISTS `auth_group`;
/*!40101 SET @saved_cs_client     = @@character_set_client */;
/*!50503 SET character_set_client = utf8mb4 */;
CREATE TABLE `auth_group` (
  `id` int NOT NULL AUTO_INCREMENT,
  `name` varchar(150) NOT NULL,
  PRIMARY KEY (`id`),
  UNIQUE KEY `name` (`name`)
) ENGINE=InnoDB AUTO_INCREMENT=2 DEFAULT CHARSET=utf8mb4 COLLATE=utf8mb4_0900_ai_ci;
/*!40101 SET character_set_client = @saved_cs_client */;

--
-- Dumping data for table `auth_group`
--

LOCK TABLES `auth_group` WRITE;
/*!40000 ALTER TABLE `auth_group` DISABLE KEYS */;
INSERT INTO `auth_group` VALUES (1,'Operarios');
/*!40000 ALTER TABLE `auth_group` ENABLE KEYS */;
UNLOCK TABLES;

--
-- Table structure for table `auth_group_permissions`
--

DROP TABLE IF EXISTS `auth_group_permissions`;
/*!40101 SET @saved_cs_client     = @@character_set_client */;
/*!50503 SET character_set_client = utf8mb4 */;
CREATE TABLE `auth_group_permissions` (
  `id` bigint NOT NULL AUTO_INCREMENT,
  `group_id` int NOT NULL,
  `permission_id` int NOT NULL,
  PRIMARY KEY (`id`),
  UNIQUE KEY `auth_group_permissions_group_id_permission_id_0cd325b0_uniq` (`group_id`,`permission_id`),
  KEY `auth_group_permissio_permission_id_84c5c92e_fk_auth_perm` (`permission_id`),
  CONSTRAINT `auth_group_permissio_permission_id_84c5c92e_fk_auth_perm` FOREIGN KEY (`permission_id`) REFERENCES `auth_permission` (`id`),
  CONSTRAINT `auth_group_permissions_group_id_b120cbf9_fk_auth_group_id` FOREIGN KEY (`group_id`) REFERENCES `auth_group` (`id`)
) ENGINE=InnoDB AUTO_INCREMENT=69 DEFAULT CHARSET=utf8mb4 COLLATE=utf8mb4_0900_ai_ci;
/*!40101 SET character_set_client = @saved_cs_client */;

--
-- Dumping data for table `auth_group_permissions`
--

LOCK TABLES `auth_group_permissions` WRITE;
/*!40000 ALTER TABLE `auth_group_permissions` DISABLE KEYS */;
INSERT INTO `auth_group_permissions` VALUES (1,1,25),(2,1,26),(3,1,27),(4,1,28),(5,1,29),(6,1,30),(7,1,31),(8,1,32),(9,1,33),(10,1,34),(11,1,35),(12,1,36),(13,1,37),(14,1,38),(15,1,39),(16,1,40),(17,1,41),(18,1,42),(19,1,43),(20,1,44),(21,1,45),(22,1,46),(23,1,47),(24,1,48),(25,1,49),(26,1,50),(27,1,51),(28,1,52),(29,1,53),(30,1,54),(31,1,55),(32,1,56),(33,1,57),(34,1,58),(35,1,59),(36,1,60),(37,1,61),(38,1,62),(39,1,63),(40,1,64),(41,1,65),(42,1,66),(43,1,67),(44,1,68),(45,1,69),(46,1,70),(47,1,71),(48,1,72),(49,1,73),(50,1,74),(51,1,75),(52,1,76),(53,1,77),(54,1,78),(55,1,79),(56,1,80),(57,1,81),(58,1,82),(59,1,83),(60,1,84),(62,1,85),(63,1,86),(64,1,87),(61,1,88),(65,1,89),(66,1,90),(67,1,91),(68,1,92);
/*!40000 ALTER TABLE `auth_group_permissions` ENABLE KEYS */;
UNLOCK TABLES;

--
-- Table structure for table `auth_permission`
--

DROP TABLE IF EXISTS `auth_permission`;
/*!40101 SET @saved_cs_client     = @@character_set_client */;
/*!50503 SET character_set_client = utf8mb4 */;
CREATE TABLE `auth_permission` (
  `id` int NOT NULL AUTO_INCREMENT,
  `name` varchar(255) NOT NULL,
  `content_type_id` int NOT NULL,
  `codename` varchar(100) NOT NULL,
  PRIMARY KEY (`id`),
  UNIQUE KEY `auth_permission_content_type_id_codename_01ab375a_uniq` (`content_type_id`,`codename`),
  CONSTRAINT `auth_permission_content_type_id_2f476e4b_fk_django_co` FOREIGN KEY (`content_type_id`) REFERENCES `django_content_type` (`id`)
) ENGINE=InnoDB AUTO_INCREMENT=97 DEFAULT CHARSET=utf8mb4 COLLATE=utf8mb4_0900_ai_ci;
/*!40101 SET character_set_client = @saved_cs_client */;

--
-- Dumping data for table `auth_permission`
--

LOCK TABLES `auth_permission` WRITE;
/*!40000 ALTER TABLE `auth_permission` DISABLE KEYS */;
INSERT INTO `auth_permission` VALUES (1,'Can add log entry',1,'add_logentry'),(2,'Can change log entry',1,'change_logentry'),(3,'Can delete log entry',1,'delete_logentry'),(4,'Can view log entry',1,'view_logentry'),(5,'Can add permission',2,'add_permission'),(6,'Can change permission',2,'change_permission'),(7,'Can delete permission',2,'delete_permission'),(8,'Can view permission',2,'view_permission'),(9,'Can add group',3,'add_group'),(10,'Can change group',3,'change_group'),(11,'Can delete group',3,'delete_group'),(12,'Can view group',3,'view_group'),(13,'Can add user',4,'add_user'),(14,'Can change user',4,'change_user'),(15,'Can delete user',4,'delete_user'),(16,'Can view user',4,'view_user'),(17,'Can add content type',5,'add_contenttype'),(18,'Can change content type',5,'change_contenttype'),(19,'Can delete content type',5,'delete_contenttype'),(20,'Can view content type',5,'view_contenttype'),(21,'Can add session',6,'add_session'),(22,'Can change session',6,'change_session'),(23,'Can delete session',6,'delete_session'),(24,'Can view session',6,'view_session'),(25,'Can add agencia maritima',7,'add_agenciamaritima'),(26,'Can change agencia maritima',7,'change_agenciamaritima'),(27,'Can delete agencia maritima',7,'delete_agenciamaritima'),(28,'Can view agencia maritima',7,'view_agenciamaritima'),(29,'Can add armadora',8,'add_armadora'),(30,'Can change armadora',8,'change_armadora'),(31,'Can delete armadora',8,'delete_armadora'),(32,'Can view armadora',8,'view_armadora'),(33,'Can add barco',9,'add_barco'),(34,'Can change barco',9,'change_barco'),(35,'Can delete barco',9,'delete_barco'),(36,'Can view barco',9,'view_barco'),(37,'Can add camion',10,'add_camion'),(38,'Can change camion',10,'change_camion'),(39,'Can delete camion',10,'delete_camion'),(40,'Can view camion',10,'view_camion'),(41,'Can add carga',11,'add_carga'),(42,'Can change carga',11,'change_carga'),(43,'Can delete carga',11,'delete_carga'),(44,'Can view carga',11,'view_carga'),(45,'Can add chofer',12,'add_chofer'),(46,'Can change chofer',12,'change_chofer'),(47,'Can delete chofer',12,'delete_chofer'),(48,'Can view chofer',12,'view_chofer'),(49,'Can add combustible',13,'add_combustible'),(50,'Can change combustible',13,'change_combustible'),(51,'Can delete combustible',13,'delete_combustible'),(52,'Can view combustible',13,'view_combustible'),(53,'Can add configuracion',14,'add_configuracion'),(54,'Can change configuracion',14,'change_configuracion'),(55,'Can delete configuracion',14,'delete_configuracion'),(56,'Can view configuracion',14,'view_configuracion'),(57,'Can add puerto',15,'add_puerto'),(58,'Can change puerto',15,'change_puerto'),(59,'Can delete puerto',15,'delete_puerto'),(60,'Can view puerto',15,'view_puerto'),(61,'Can add remolque',16,'add_remolque'),(62,'Can change remolque',16,'change_remolque'),(63,'Can delete remolque',16,'delete_remolque'),(64,'Can view remolque',16,'view_remolque'),(65,'Can add remito varios',17,'add_remitovarios'),(66,'Can change remito varios',17,'change_remitovarios'),(67,'Can delete remito varios',17,'delete_remitovarios'),(68,'Can view remito varios',17,'view_remitovarios'),(69,'Can add remito',18,'add_remito'),(70,'Can change remito',18,'change_remito'),(71,'Can delete remito',18,'delete_remito'),(72,'Can view remito',18,'view_remito'),(73,'Can add transporte',19,'add_transporte'),(74,'Can change transporte',19,'change_transporte'),(75,'Can delete transporte',19,'delete_transporte'),(76,'Can view transporte',19,'view_transporte'),(77,'Can add cliente',20,'add_cliente'),(78,'Can change cliente',20,'change_cliente'),(79,'Can delete cliente',20,'delete_cliente'),(80,'Can view cliente',20,'view_cliente'),(81,'Can add contacto agencia',21,'add_contactoagencia'),(82,'Can change contacto agencia',21,'change_contactoagencia'),(83,'Can delete contacto agencia',21,'delete_contactoagencia'),(84,'Can view contacto agencia',21,'view_contactoagencia'),(85,'Can add armadora puerto',22,'add_armadorapuerto'),(86,'Can change armadora puerto',22,'change_armadorapuerto'),(87,'Can delete armadora puerto',22,'delete_armadorapuerto'),(88,'Can view armadora puerto',22,'view_armadorapuerto'),(89,'Can add rancho',24,'add_rancho'),(90,'Can change rancho',24,'change_rancho'),(91,'Can delete rancho',24,'delete_rancho'),(92,'Can view rancho',24,'view_rancho'),(93,'Can add producto',23,'add_producto'),(94,'Can change producto',23,'change_producto'),(95,'Can delete producto',23,'delete_producto'),(96,'Can view producto',23,'view_producto');
/*!40000 ALTER TABLE `auth_permission` ENABLE KEYS */;
UNLOCK TABLES;

--
-- Table structure for table `auth_user`
--

DROP TABLE IF EXISTS `auth_user`;
/*!40101 SET @saved_cs_client     = @@character_set_client */;
/*!50503 SET character_set_client = utf8mb4 */;
CREATE TABLE `auth_user` (
  `id` int NOT NULL AUTO_INCREMENT,
  `password` varchar(128) NOT NULL,
  `last_login` datetime(6) DEFAULT NULL,
  `is_superuser` tinyint(1) NOT NULL,
  `username` varchar(150) NOT NULL,
  `first_name` varchar(150) NOT NULL,
  `last_name` varchar(150) NOT NULL,
  `email` varchar(254) NOT NULL,
  `is_staff` tinyint(1) NOT NULL,
  `is_active` tinyint(1) NOT NULL,
  `date_joined` datetime(6) NOT NULL,
  PRIMARY KEY (`id`),
  UNIQUE KEY `username` (`username`)
) ENGINE=InnoDB AUTO_INCREMENT=6 DEFAULT CHARSET=utf8mb4 COLLATE=utf8mb4_0900_ai_ci;
/*!40101 SET character_set_client = @saved_cs_client */;

--
-- Dumping data for table `auth_user`
--

LOCK TABLES `auth_user` WRITE;
/*!40000 ALTER TABLE `auth_user` DISABLE KEYS */;
INSERT INTO `auth_user` VALUES (1,'pbkdf2_sha256$600000$162qOh7rkfDhWahz0xGfFq$XUkVBx/E5uA2GluG1CREHqOlHzeOzuQ3utPRoAyGXUA=','2025-11-11 20:42:14.776399',1,'abertolissi','','','abertolissi@hotmail.com',1,1,'2024-04-16 21:19:28.346932'),(2,'pbkdf2_sha256$600000$bBFsMLvKM8sPFDmHdKVHVQ$DXlb8aFH8QR1DY7VS0mhwsJgPFOkgEvG+pRZ/QSCMm8=','2025-12-12 14:45:33.487422',1,'NMUGUETA','Nuria','Mugueta','',1,1,'2024-04-17 21:58:49.000000'),(3,'pbkdf2_sha256$600000$Rzori11ps6rjA8o7Kn5iln$kotORYPS3CcpxgvbX4EkJS+UYFKbqsnVxZ3cRHJHF6k=','2025-12-03 20:21:37.617437',0,'SRABAL','Sebastian','Rabal','',1,1,'2024-04-17 21:59:12.000000'),(4,'pbkdf2_sha256$600000$AqSqlp5Jdoxd8qJwXOwVP4$2RqHm8NvyV3KD4GnDfTHipBWAAVkgZoQrHI0v7Xbsgo=','2025-11-11 20:45:47.562716',1,'WCANTO','Walter','Canto','',1,1,'2024-04-17 21:59:29.000000'),(5,'pbkdf2_sha256$600000$rIpBKpLrPKLWIH6wABR2R2$8rcCnFyBFmtxDwcUipz5q+VtBkNgil5vqiVFfzYHUOM=','2025-12-13 12:53:27.563185',1,'OROBERT','Orlando','Robert','',1,1,'2024-04-17 21:59:43.000000');
/*!40000 ALTER TABLE `auth_user` ENABLE KEYS */;
UNLOCK TABLES;

--
-- Table structure for table `auth_user_groups`
--

DROP TABLE IF EXISTS `auth_user_groups`;
/*!40101 SET @saved_cs_client     = @@character_set_client */;
/*!50503 SET character_set_client = utf8mb4 */;
CREATE TABLE `auth_user_groups` (
  `id` bigint NOT NULL AUTO_INCREMENT,
  `user_id` int NOT NULL,
  `group_id` int NOT NULL,
  PRIMARY KEY (`id`),
  UNIQUE KEY `auth_user_groups_user_id_group_id_94350c0c_uniq` (`user_id`,`group_id`),
  KEY `auth_user_groups_group_id_97559544_fk_auth_group_id` (`group_id`),
  CONSTRAINT `auth_user_groups_group_id_97559544_fk_auth_group_id` FOREIGN KEY (`group_id`) REFERENCES `auth_group` (`id`),
  CONSTRAINT `auth_user_groups_user_id_6a12ed8b_fk_auth_user_id` FOREIGN KEY (`user_id`) REFERENCES `auth_user` (`id`)
) ENGINE=InnoDB AUTO_INCREMENT=5 DEFAULT CHARSET=utf8mb4 COLLATE=utf8mb4_0900_ai_ci;
/*!40101 SET character_set_client = @saved_cs_client */;

--
-- Dumping data for table `auth_user_groups`
--

LOCK TABLES `auth_user_groups` WRITE;
/*!40000 ALTER TABLE `auth_user_groups` DISABLE KEYS */;
INSERT INTO `auth_user_groups` VALUES (1,2,1),(3,3,1),(4,4,1),(2,5,1);
/*!40000 ALTER TABLE `auth_user_groups` ENABLE KEYS */;
UNLOCK TABLES;

--
-- Table structure for table `auth_user_user_permissions`
--

DROP TABLE IF EXISTS `auth_user_user_permissions`;
/*!40101 SET @saved_cs_client     = @@character_set_client */;
/*!50503 SET character_set_client = utf8mb4 */;
CREATE TABLE `auth_user_user_permissions` (
  `id` bigint NOT NULL AUTO_INCREMENT,
  `user_id` int NOT NULL,
  `permission_id` int NOT NULL,
  PRIMARY KEY (`id`),
  UNIQUE KEY `auth_user_user_permissions_user_id_permission_id_14a6b632_uniq` (`user_id`,`permission_id`),
  KEY `auth_user_user_permi_permission_id_1fbb5f2c_fk_auth_perm` (`permission_id`),
  CONSTRAINT `auth_user_user_permi_permission_id_1fbb5f2c_fk_auth_perm` FOREIGN KEY (`permission_id`) REFERENCES `auth_permission` (`id`),
  CONSTRAINT `auth_user_user_permissions_user_id_a95ead1b_fk_auth_user_id` FOREIGN KEY (`user_id`) REFERENCES `auth_user` (`id`)
) ENGINE=InnoDB DEFAULT CHARSET=utf8mb4 COLLATE=utf8mb4_0900_ai_ci;
/*!40101 SET character_set_client = @saved_cs_client */;

--
-- Dumping data for table `auth_user_user_permissions`
--

LOCK TABLES `auth_user_user_permissions` WRITE;
/*!40000 ALTER TABLE `auth_user_user_permissions` DISABLE KEYS */;
/*!40000 ALTER TABLE `auth_user_user_permissions` ENABLE KEYS */;
UNLOCK TABLES;

--
-- Table structure for table `Barco`
--

DROP TABLE IF EXISTS `Barco`;
/*!40101 SET @saved_cs_client     = @@character_set_client */;
/*!50503 SET character_set_client = utf8mb4 */;
CREATE TABLE `Barco` (
  `id` bigint NOT NULL AUTO_INCREMENT,
  `nombre` varchar(100) NOT NULL,
  `tipo` varchar(15) NOT NULL,
  `matricula` varchar(15) NOT NULL,
  `bandera` varchar(30) NOT NULL,
  `eslora` decimal(10,2) DEFAULT NULL,
  `manga` decimal(10,2) DEFAULT NULL,
  `puntal` decimal(10,2) DEFAULT NULL,
  `fecha_alta` datetime(6) NOT NULL,
  `fecha_actualizacion` datetime(6) NOT NULL,
  `armadora_id` bigint NOT NULL,
  PRIMARY KEY (`id`),
  KEY `Barco_armadora_id_4f851b21_fk_Armadora_id` (`armadora_id`),
  CONSTRAINT `Barco_armadora_id_4f851b21_fk_Armadora_id` FOREIGN KEY (`armadora_id`) REFERENCES `Armadora` (`id`)
) ENGINE=InnoDB AUTO_INCREMENT=181 DEFAULT CHARSET=utf8mb4 COLLATE=utf8mb4_0900_ai_ci;
/*!40101 SET character_set_client = @saved_cs_client */;

--
-- Dumping data for table `Barco`
--

LOCK TABLES `Barco` WRITE;
/*!40000 ALTER TABLE `Barco` DISABLE KEYS */;
INSERT INTO `Barco` VALUES (1,'ACRUX','PESQUERO','03086','ARGENTINA',28.00,7.80,3.65,'2023-07-06 22:11:54.424979','2023-07-07 21:17:18.927708',11),(2,'ANITA ALVAREZ','PESQUERO','02138','ARGENTINA',25.50,6.50,3.17,'2023-07-06 22:11:54.424979','2023-07-07 21:18:02.004627',28),(3,'ANTONIA D','PESQUERO','3217','ARGENTINA',24.10,7.80,3.65,'2023-07-06 22:11:54.424979','2023-07-06 22:11:54.424979',29),(4,'ARAUCANIA','PESQUERO','1384','ARGENTINA',28.30,6.70,3.30,'2023-07-06 22:11:54.424979','2023-07-06 22:11:54.424979',29),(5,'ARESIT','PESQUERO','02265','ARGENTINA',36.26,8.37,5.60,'2023-07-06 22:11:54.424979','2023-07-07 21:18:28.893075',21),(6,'ARGENTINO','PESQUERO','0142','ARGENTINA',33.77,8.01,4.34,'2023-07-06 22:11:54.424979','2023-07-06 22:11:54.424979',29),(7,'ARRUFO','PESQUERO','0540','ARGENTINA',39.16,8.90,6.10,'2023-07-06 22:11:54.424979','2023-07-06 22:11:54.424979',29),(8,'ATLANTICO I','PESQUERO','03162','ARGENTINA',39.95,11.10,6.90,'2023-07-06 22:11:54.424979','2023-07-07 21:19:03.369070',25),(9,'ATREVIDO','PESQUERO','0145','ARGENTINA',32.50,8.12,4.15,'2023-07-06 22:11:54.424979','2023-07-06 22:11:54.424979',29),(10,'AURORA','PESQUERO','02581','ARGENTINA',67.55,10.60,6.95,'2023-07-06 22:11:54.424979','2023-07-06 22:11:54.424979',29),(11,'BAFFETTA','PESQUERO','02635','ARGENTINA',19.45,6.40,3.27,'2023-07-06 22:11:54.424979','2023-07-07 21:19:26.348527',3),(12,'BORRASCA','PESQUERO','01095','ARGENTINA',36.12,8.81,4.11,'2023-07-06 22:11:54.424979','2023-07-06 22:11:54.424979',29),(13,'BUENA PESCA','PESQUERO','01475','ARGENTINA',39.10,8.50,7.15,'2023-07-06 22:11:54.424979','2023-07-06 22:11:54.424979',29),(14,'CENTAURO 2000','PESQUERO','0482','ARGENTINA',35.50,9.30,4.15,'2023-07-06 22:11:54.424979','2025-07-29 12:58:01.885857',5),(15,'CIUDAD FELIZ','PESQUERO','0910','ARGENTINA',28.56,6.20,3.30,'2023-07-06 22:11:54.424979','2023-07-06 22:11:54.424979',29),(16,'CODEPECA III','PESQUERO','0506','ARGENTINA',36.81,8.39,5.49,'2023-07-06 22:11:54.424979','2023-07-07 21:19:56.216098',22),(17,'CODEPECA IV','PESQUERO','01012','ARGENTINA',36.85,8.39,5.49,'2023-07-06 22:11:54.424979','2023-07-07 21:20:26.347406',26),(18,'CRISTO REDENTOR','PESQUERO','01185','ARGENTINA',31.00,7.00,3.53,'2023-07-06 22:11:54.424979','2023-07-07 21:20:47.545704',13),(20,'DESAFIO','PESQUERO','0177','ARGENTINA',29.56,8.00,4.15,'2023-07-06 22:11:54.424979','2023-07-07 21:21:34.267004',8),(21,'DON AGUSTIN','PESQUERO','0968','ARGENTINA',25.60,6.50,3.08,'2023-07-06 22:11:54.424979','2023-07-07 21:22:16.181839',24),(22,'DON ANTONIO','PESQUERO','029','ARGENTINA',27.80,6.50,3.30,'2023-07-06 22:11:54.424979','2023-07-07 21:22:42.764100',16),(23,'DON ESCIPION','PESQUERO','02322','ARGENTINA',23.60,6.40,3.00,'2023-07-06 22:11:54.424979','2023-07-06 22:11:54.424979',29),(24,'DON GAETANO','PESQUERO','071','ARGENTINA',32.10,7.27,3.88,'2023-07-06 22:11:54.424979','2023-07-06 22:11:54.424979',29),(25,'DON JUAN','PESQUERO','1397','ARGENTINA',27.00,6.10,3.30,'2023-07-06 22:11:54.424979','2023-07-06 22:11:54.424979',29),(26,'DON RAIMUNDO','PESQUERO','01431','ARGENTINA',25.60,6.50,3.30,'2023-07-06 22:11:54.424979','2023-07-06 22:11:54.424979',29),(27,'DON SANTIAGO','PESQUERO','01733','ARGENTINA',26.55,7.40,3.60,'2023-07-06 22:11:54.424979','2023-07-10 13:18:41.152620',5),(28,'DUKAT','PESQUERO','02775','ARGENTINA',50.80,10.50,6.00,'2023-07-06 22:11:54.424979','2023-07-07 21:23:31.281772',9),(29,'EL SANTO','PESQUERO','1526','ARGENTINA',24.95,6.18,3.08,'2023-07-06 22:11:54.424979','2023-07-06 22:11:54.424979',29),(30,'EMPESUR VI','PESQUERO','02983','ARGENTINA',35.03,8.30,3.40,'2023-07-06 22:11:54.424979','2023-07-07 21:23:47.480186',12),(31,'EMPESUR VII','PESQUERO','03045','ARGENTINA',35.03,8.30,3.40,'2023-07-06 22:11:54.424979','2023-07-07 21:23:58.125489',12),(32,'ENTRENA DOS','PESQUERO','02070','ARGENTINA',33.18,7.70,5.40,'2023-07-06 22:11:54.424979','2023-07-06 22:11:54.424979',29),(33,'ENTRENA UNO','PESQUERO','02069','ARGENTINA',33.10,7.70,5.40,'2023-07-06 22:11:54.424979','2023-07-06 22:11:54.424979',29),(34,'FEDERICO C','PESQUERO','3190','ARGENTINA',37.68,9.70,6.82,'2023-07-06 22:11:54.424979','2023-07-06 22:11:54.424979',29),(35,'FRANCA','PESQUERO','0495','ARGENTINA',27.29,6.39,3.30,'2023-07-06 22:11:54.424979','2023-07-07 21:24:17.119277',19),(36,'GAUCHO GRANDE','PESQUERO','0339','ARGENTINA',27.64,6.60,3.30,'2023-07-06 22:11:54.424979','2023-07-06 22:11:54.424979',29),(37,'GRACIELA I','PESQUERO','03137','ARGENTINA',39.94,11.10,4.50,'2023-07-06 22:11:54.424979','2023-07-06 22:11:54.424979',29),(38,'GURISES','PESQUERO','01386','ARGENTINA',25.20,6.60,3.30,'2023-07-06 22:11:54.424979','2023-07-06 22:11:54.424979',29),(39,'HUA I 616','PESQUERO','0392','ARGENTINA',59.80,10.00,4.50,'2023-07-06 22:11:54.424979','2023-07-07 21:24:51.422586',2),(40,'HUAFENG 820','PESQUERO','1472','ARGENTINA',24.82,6.35,3.32,'2023-07-06 22:11:54.424979','2025-08-05 21:47:04.551717',41),(41,'HUAFENG 821','PESQUERO','1471','ARGENTINA',24.85,6.20,3.30,'2023-07-06 22:11:54.424979','2025-08-05 21:47:25.576814',41),(42,'IGLU I','PESQUERO',' 01423','ARGENTINA',32.75,7.82,4.20,'2023-07-06 22:11:54.424979','2023-07-06 22:11:54.424979',29),(43,'INSOLITO','PESQUERO','0758','ARGENTINA',22.70,6.20,3.10,'2023-07-06 22:11:54.424979','2023-07-06 22:11:54.424979',29),(44,'JOSE AMERICO','PESQUERO',' 03071','ARGENTINA',44.21,11.10,6.90,'2023-07-06 22:11:54.424979','2023-07-06 22:11:54.424979',29),(45,'JOSE MARCELO','PESQUERO','03138','ARGENTINA',39.94,11.10,4.50,'2023-07-06 22:11:54.424979','2023-07-06 22:11:54.424979',29),(46,'JUAN ALVAREZ','PESQUERO','0619','ARGENTINA',36.60,9.50,4.30,'2023-07-06 22:11:54.424979','2023-07-07 21:25:11.511845',23),(47,'JUAN PABLO II','PESQUERO','2695','ARGENTINA',22.49,6.65,3.52,'2023-07-06 22:11:54.424979','2023-07-07 21:25:30.827957',15),(48,'JUPITER','PESQUERO','0483','ARGENTINA',24.81,6.20,3.31,'2023-07-06 22:11:54.424979','2023-07-06 22:11:54.424979',29),(49,'KALEU KALEU','PESQUERO','01963','ARGENTINA',36.12,8.81,4.10,'2023-07-06 22:11:54.424979','2023-07-06 22:11:54.424979',29),(50,'LAIA','PESQUERO','0254','ARGENTINA',53.00,8.60,4.00,'2023-07-06 22:11:54.424979','2023-07-07 21:25:55.947859',18),(51,'LUCIA LUISA','PESQUERO','0623','ARGENTINA',27.90,6.60,3.30,'2023-07-06 22:11:54.424979','2024-05-27 14:52:52.872667',14),(52,'MADRE DIVINA','PESQUERO','01556','ARGENTINA',26.35,6.10,3.10,'2023-07-06 22:11:54.424979','2023-07-07 21:26:32.745155',16),(53,'MAR AUSTRAL I','PESQUERO','0208','ARGENTINA',37.60,9.30,4.00,'2023-07-06 22:11:54.424979','2023-07-07 21:27:50.970777',21),(54,'MAR CORAL','PESQUERO','3118','ARGENTINA',35.53,9.20,6.10,'2023-07-06 22:11:54.424979','2025-08-25 13:50:26.420632',23),(55,'MAR DE ORO','PESQUERO','0548','ARGENTINA',28.20,6.90,3.60,'2023-07-06 22:11:54.424979','2023-07-07 21:28:32.488577',28),(56,'MAR DEL CHUBUT','PESQUERO','0487','ARGENTINA',28.20,6.60,3.30,'2023-07-06 22:11:54.424979','2023-07-07 21:28:56.863443',17),(57,'MAR ESMERALDA','PESQUERO','0925','ARGENTINA',53.35,9.20,6.45,'2023-07-06 22:11:54.424979','2023-07-07 21:29:12.942291',6),(58,'MAR SUR','PESQUERO','0341','ARGENTINA',36.40,7.20,4.60,'2023-07-06 22:11:54.424979','2023-07-07 21:29:44.296206',20),(59,'MARBELLA','PESQUERO','01073','ARGENTINA',27.38,7.10,3.65,'2023-07-06 22:11:54.424979','2023-07-06 22:11:54.424979',29),(60,'MAREJADA','PESQUERO','01107','ARGENTINA',27.98,6.50,3.30,'2023-07-06 22:11:54.424979','2023-07-06 22:11:54.424979',29),(61,'MARIA ALEJANDRA I','PESQUERO','3074','ARGENTINA',39.20,10.50,7.34,'2023-07-06 22:11:54.424979','2023-07-06 22:11:54.424979',29),(62,'MARIA EUGENIA','PESQUERO','01173','ARGENTINA',53.74,9.57,6.50,'2023-07-06 22:11:54.424979','2023-07-06 22:11:54.424979',29),(63,'MARIA GLORIA','PESQUERO','02738','ARGENTINA',28.05,7.25,4.35,'2023-07-06 22:11:54.424979','2023-07-06 22:11:54.424979',29),(64,'MARIA GRACIA','PESQUERO','0195','ARGENTINA',24.05,6.00,3.00,'2023-07-06 22:11:54.424979','2023-07-06 22:11:54.424979',29),(65,'MARIA LILIANA','PESQUERO','01174','ARGENTINA',53.74,9.57,6.50,'2023-07-06 22:11:54.424979','2023-07-06 22:11:54.424979',29),(66,'MARIA RITA','PESQUERO','0436','ARGENTINA',29.88,6.60,3.30,'2023-07-06 22:11:54.424979','2023-07-06 22:11:54.424979',29),(67,'MERLUAN','PESQUERO','3179','ARGENTINA',21.00,8.50,4.00,'2023-07-06 22:11:54.424979','2025-02-14 16:12:13.053129',14),(68,'MEVIMAR','PESQUERO','01508','ARGENTINA',37.45,8.30,3.55,'2023-07-06 22:11:54.424979','2023-07-07 21:30:42.768293',26),(69,'MIRIAM','PESQUERO','0370','ARGENTINA',36.35,9.50,4.15,'2023-07-06 22:11:54.424979','2023-07-07 21:32:01.401844',25),(70,'MYRDOMA F','PESQUERO','02771','ARGENTINA',38.55,8.50,6.15,'2023-07-06 22:11:54.424979','2023-07-08 22:38:59.565923',1),(71,'NANINA','PESQUERO','02576','ARGENTINA',72.08,11.20,6.50,'2023-07-06 22:11:54.424979','2023-07-07 21:31:37.521007',29),(72,'NATALIA','PESQUERO','2066','ARGENTINA',68.45,10.60,7.50,'2023-07-06 22:11:54.424979','2023-07-06 22:11:54.424979',29),(73,'NAVEGANTES II','PESQUERO','2065','ARGENTINA',63.00,10.00,6.90,'2023-07-06 22:11:54.424979','2025-02-06 20:45:49.061237',55),(74,'NDDANDDU','PESQUERO','0141','ARGENTINA',28.20,6.90,3.60,'2023-07-06 22:11:54.424979','2023-07-06 22:11:54.424979',29),(75,'NINA','PESQUERO','03171','ARGENTINA',36.50,11.20,4.65,'2023-07-06 22:11:54.424979','2023-07-06 22:11:54.424979',29),(76,'NIÑO JESUS DE PRAGA','PESQUERO','3194','ARGENTINA',27.74,8.40,6.63,'2023-07-06 22:11:54.424979','2025-08-05 21:51:40.119101',29),(77,'PAKU','PESQUERO','0250','ARGENTINA',39.12,8.90,6.10,'2023-07-06 22:11:54.424979','2023-07-06 22:11:54.424979',29),(78,'PAOLA S','PESQUERO','0557','ARGENTINA',28.25,6.40,3.30,'2023-07-06 22:11:54.424979','2023-07-06 22:11:54.424979',29),(79,'PATAGONIA','PESQUERO','0284','ARGENTINA',30.95,6.60,3.35,'2023-07-06 22:11:54.424979','2023-07-07 21:32:48.821167',13),(80,'PORTOBELO I','PESQUERO','02699','ARGENTINA',23.98,6.70,3.04,'2023-07-06 22:11:54.424979','2023-07-06 22:11:54.424979',29),(81,'PORTOBELO II','PESQUERO','02790','ARGENTINA',23.98,6.70,3.26,'2023-07-06 22:11:54.424979','2023-07-06 22:11:54.424979',29),(82,'PROMAC','PESQUERO','0285','ARGENTINA',33.45,7.35,3.70,'2023-07-06 22:11:54.424979','2023-07-06 22:11:54.424979',29),(83,'PUCARA','PESQUERO','01822','ARGENTINA',24.30,6.00,3.20,'2023-07-06 22:11:54.424979','2023-07-06 22:11:54.424979',29),(84,'RASMUS EFFERSOE','PESQUERO','02703','ARGENTINA',39.78,10.09,4.75,'2023-07-06 22:11:54.424979','2023-07-06 22:11:54.424979',29),(85,'RIBAZON INES','PESQUERO','0751','ARGENTINA',38.50,7.62,3.81,'2023-07-06 22:11:54.424979','2025-08-05 21:52:22.608450',39),(86,'S. DON JOSE MOSCUZZA','PESQUERO','02257','ARGENTINA',38.00,9.00,6.15,'2023-07-06 22:11:54.424979','2023-07-06 22:11:54.424979',29),(87,'SALVADOR R','PESQUERO','02755','ARGENTINA',27.73,7.20,3.65,'2023-07-06 22:11:54.424979','2023-07-07 21:33:06.631730',27),(88,'SAN GENARO','PESQUERO','0763','ARGENTINA',25.60,6.50,3.30,'2023-07-06 22:11:54.424979','2023-07-06 22:11:54.424979',29),(89,'SAN MATIAS','PESQUERO','0289','ARGENTINA',34.10,7.70,4.25,'2023-07-06 22:11:54.424979','2023-07-06 22:11:54.424979',29),(90,'SANT ANGELO','PESQUERO','0425','ARGENTINA',1.00,1.00,1.00,'2023-07-06 22:11:54.424979','2023-07-06 22:11:54.424979',29),(91,'SANTIAGO I','PESQUERO','02280','ARGENTINA',30.50,7.90,4.10,'2023-07-06 22:11:54.424979','2023-07-06 22:11:54.424979',29),(92,'SCIROCCO','PESQUERO','2574','ARGENTINA',65.93,10.18,6.65,'2023-07-06 22:11:54.424979','2023-07-06 22:11:54.424979',29),(93,'SERMILIK','PESQUERO','0505','ARGENTINA',34.05,7.70,4.50,'2023-07-06 22:11:54.424979','2023-07-07 21:33:46.719074',26),(94,'SFIDA','PESQUERO','01567','ARGENTINA',26.50,7.80,3.65,'2023-07-06 22:11:54.424979','2023-07-07 21:34:07.476333',5),(95,'SUEMAR','PESQUERO','0618','ARGENTINA',36.60,9.50,4.30,'2023-07-06 22:11:54.424979','2023-07-07 21:34:27.255379',23),(96,'SUR ESTE 502','PESQUERO','02201','ARGENTINA',54.60,9.30,6.84,'2023-07-06 22:11:54.424979','2023-07-06 22:11:54.424979',29),(97,'TABEIRON DOS','PESQUERO','02323','ARGENTINA',33.00,9.60,6.90,'2023-07-06 22:11:54.424979','2023-07-07 21:34:53.044122',25),(98,'TABEIRON TRES','PESQUERO','02365','ARGENTINA',23.90,6.60,3.40,'2023-07-06 22:11:54.424979','2023-07-06 22:11:54.424979',29),(99,'TALISMAN','PESQUERO','02263','ARGENTINA',49.95,10.85,6.00,'2023-07-06 22:11:54.424979','2024-05-06 16:01:26.763880',7),(100,'TIFON','PESQUERO','01182','ARGENTINA',22.00,6.50,3.41,'2023-07-06 22:11:54.424979','2023-07-07 21:35:27.512306',15),(101,'VALIENTE I','PESQUERO','0211','ARGENTINA',35.30,8.60,5.65,'2023-07-06 22:11:54.424979','2023-07-06 22:11:54.424979',29),(102,'VALIENTE II','PESQUERO','0212','ARGENTINA',35.30,8.60,5.65,'2023-07-06 22:11:54.424979','2023-07-06 22:11:54.424979',29),(103,'VICTORIA II','PESQUERO','0556','ARGENTINA',27.40,6.40,3.30,'2023-07-06 22:11:54.424979','2023-07-06 22:11:54.424979',29),(104,'XEITOSINO','PESQUERO','0403','ARGENTINA',51.72,9.50,6.50,'2023-07-06 22:11:54.424979','2024-05-24 19:40:00.067074',29),(105,'YENU','PESQUERO','0498','ARGENTINA',37.81,8.50,5.48,'2023-07-06 22:11:54.424979','2023-07-07 21:35:39.765539',26),(106,'HUAFENG 822','PESQUERO','01337','ARG',25.00,6.27,3.30,'2023-07-10 21:57:05.333042','2023-07-10 21:57:05.333064',30),(107,'DOÑA ALFIA','PESQUERO','0512','ARGENTINA',20.88,6.00,2.50,'2023-07-13 20:49:17.812286','2024-12-05 20:54:28.297781',30),(108,'BARLOVENTO','PESQUERO','3178','ARGENTINA',21.95,7.40,3.27,'2023-07-13 20:51:13.411936','2025-11-26 13:53:40.769249',14),(109,'LUCIO','DRAGA','03223','ARG',35.23,7.95,2.00,'2023-08-14 21:46:02.002927','2023-08-14 21:46:02.002965',31),(110,'EL TEHUELCHE','PESQUERO','2565','ARGENTINA',17.40,5.80,3.30,'2023-08-15 21:53:14.779302','2023-08-15 21:53:14.779329',16),(111,'ALDEBARAN','PESQUERO','01741','ARGENTINA',25.00,6.13,3.30,'2023-09-21 20:59:47.914652','2023-09-21 20:59:47.914704',32),(112,'SOFIA B','PESQUERO','2679','ARGENTINA',20.00,8.00,3.00,'2023-09-22 22:06:27.131850','2023-09-22 22:06:27.131880',33),(113,'ESPARTANO','PESQUERO','3164','ARGENTINA',21.00,7.00,3.40,'2023-09-22 22:07:01.603623','2023-09-22 22:07:01.604991',33),(114,'VIENTO','REMOLCADOR','0566','ARG',35.20,7.95,2.00,'2023-09-29 17:06:57.324544','2023-09-29 17:06:57.324569',31),(115,'LU QING YUAN YU 280','POTERO','03141','ARG',74.00,11.00,4.00,'2024-04-29 21:50:49.410372','2024-04-29 21:50:49.410395',34),(116,'MAR MARIA','CONGELADOR','2960','ARG',37.00,9.00,3.80,'2024-05-01 13:29:43.855753','2024-05-01 13:29:43.855772',35),(117,'API XII','CONGELADOR','3213','ARGENTINA',44.00,141.00,5.40,'2024-05-09 13:46:47.152452','2024-05-09 13:46:47.152471',35),(118,'CONARPESA I','CONGELADOR','200','ARG',53.00,10.00,5.40,'2024-05-14 22:30:20.231447','2024-05-14 22:30:20.231481',36),(119,'ARGENOVA XIV','CONGELADOR','00213','ARGENTINA',55.00,8.70,4.90,'2024-05-16 12:54:21.730757','2024-05-16 12:54:21.730791',37),(120,'LU QING YUAN YU 286','POTERO','3170','ARGENTINA',74.00,11.00,4.00,'2024-05-21 12:46:43.647751','2024-05-21 12:46:43.647791',34),(121,'ARGENOVA I','CONGELADOR','2180','ARGENTINA',55.00,8.70,4.90,'2024-05-21 15:32:52.375533','2024-05-21 15:32:52.375555',37),(122,'ARGENOVA IV','CONGELADOR','2157','ARGENTINA',55.00,8.70,4.90,'2024-05-21 15:47:10.788122','2024-05-21 15:47:10.788144',37),(123,'ARGENOVA VI','CONGELADOR','2179','ARGENTINA',55.00,8.70,4.90,'2024-05-21 15:47:44.257179','2024-05-21 15:47:44.257197',37),(124,'ARGENOVA XXIII','CONGELADOR','2713','ARGENTINA',55.00,8.70,4.90,'2024-05-21 15:48:19.654741','2024-05-21 15:48:19.654760',37),(125,'CONARA I','CONGELADOR','201','ARG',38.00,7.00,3.20,'2024-05-24 19:35:12.572914','2024-05-24 19:35:12.572934',38),(126,'PEVEGASA QUINTO','PESQUERO','02312','ARGENTINA',38.65,9.00,6.15,'2024-05-29 13:48:37.246926','2024-05-29 13:48:37.246948',35),(128,'Pevegasa V','Congelador','2312','Argentina',40.00,9.00,4.50,'2024-05-31 12:02:25.290553','2024-05-31 12:02:25.290577',35),(129,'Bahía Desvelos','Congelador','665','Argentina',39.40,8.00,4.00,'2024-05-31 16:34:08.842024','2024-05-31 16:34:08.842048',35),(130,'MESSINA I','FRESQUERO','1089','ARGENTINA',29.00,6.00,3.00,'2024-05-31 21:30:36.642716','2024-05-31 21:30:36.642740',40),(131,'HUAFENG 882','FRESQUERO','03238','ARGENTINA',24.10,7.80,3.65,'2024-06-03 21:24:30.440773','2024-06-03 21:24:30.440798',41),(132,'ARGENOVA II','Congelador','2177','Argentina',55.00,8.70,4.90,'2024-06-05 14:24:39.971204','2024-06-05 14:24:39.971243',37),(133,'HUAFENG 828','FRESQUERO','03215','ARGENTINA',24.10,7.80,3.65,'2024-06-05 20:08:10.461019','2024-06-05 20:08:10.461042',41),(134,'ARGENOVA XXVI','Congelador','2057','Argentina',55.00,8.70,4.90,'2024-06-07 13:13:49.378561','2024-06-07 13:13:49.378581',37),(135,'HUAFENG 881','PESQUERO','03241','ARGENTINA',24.10,7.80,3.65,'2024-06-09 14:50:27.962463','2024-06-09 14:50:27.962483',41),(136,'HUAFENG 827','PESQUERO','03212','ARGENTINA',24.10,7.80,3.65,'2024-06-09 14:51:19.212950','2024-06-09 14:51:19.212974',41),(137,'ARGENOVA X','PESQUERO','2329','ARGENTINA',35.10,8.75,4.15,'2024-06-18 22:39:17.108524','2024-06-18 22:39:17.108543',37),(138,'ARGENOVA IX','CONGELADOR','2328','ARGENTINA',55.00,8.70,4.90,'2024-06-22 21:09:18.528924','2024-06-22 21:09:18.528947',37),(139,'Comandante Luis Piedra Buena','amarilla','0767','ARGENTINA',25.00,6.00,3.30,'2024-06-26 12:49:16.032745','2024-06-26 12:49:16.032780',42),(140,'ARGENOVA XXII','CONGELADOR','607','Argentina',55.00,8.00,3.00,'2024-06-26 14:03:56.363829','2024-06-26 14:03:56.363862',37),(141,'ARGENOVA XXIV','CONGELADOR','2752','ARGENTINA',65.60,8.70,5.00,'2024-07-13 13:21:14.731891','2024-07-13 13:21:14.731911',37),(142,'MAGDALENA','CONGELADOR','02325','ARG',34.00,7.90,4.30,'2024-07-13 21:34:15.744828','2024-07-13 21:34:15.744849',43),(143,'API X','PESQUERO','03191','ARGENTINA',36.39,10.50,6.40,'2024-07-23 20:35:56.685726','2024-07-23 20:35:56.685751',44),(144,'VICTORIA P','PESQUERO','02246','ARGENTINA',38.45,9.60,4.43,'2024-07-24 15:36:20.165084','2024-07-24 15:36:20.165105',43),(145,'MINCHOS VIII','PESQUERO','01132','ARGENTINA',39.90,8.30,3.70,'2024-07-24 15:45:47.098347','2024-07-24 15:45:47.098368',43),(146,'CABO VIRGENES','FRESQUERO','0024','ARGENTINA',42.00,10.00,3.60,'2024-08-02 22:10:57.370845','2024-08-02 22:10:57.370864',45),(148,'SANTORINI','PESQUERO','3072','ARGENTINA',20.54,6.40,3.10,'2024-08-05 21:14:59.878232','2024-08-05 21:14:59.878251',46),(149,'EURO II','PESQUERO','2314','ARGENTINA',20.54,6.40,2.40,'2024-08-05 21:15:42.454728','2024-08-05 21:15:42.454751',30),(150,'FIDES FE I','PESQUERO','1531','ARGENTINA',20.67,6.00,3.00,'2024-08-05 21:16:14.410437','2024-08-05 21:16:14.410460',47),(151,'DOÑA ALFIA','PESQUERO','05012','ARGENTINA',20.88,6.00,2.50,'2024-08-05 21:16:41.976665','2024-08-05 21:16:41.976684',30),(152,'TEMERARIO 1RO','PESQUERO','01551','ARGENTINA',23.80,5.80,2.80,'2024-08-06 21:38:35.125770','2024-11-14 14:44:28.513299',52),(153,'MARBELLA','PESQUERO','01073','ARGENTINA',27.38,7.10,3.65,'2024-08-16 13:36:04.945928','2024-08-16 13:36:04.945950',50),(154,'DOMAIO','POTERO','02593','ARGENTINA',67.75,10.22,4.30,'2024-11-05 21:20:03.861151','2024-11-05 21:20:03.861173',51),(155,'PATAGONIA BLUES','POTERO','02176','ARGENTINA',62.00,10.00,4.00,'2024-11-05 21:20:47.301632','2024-11-05 21:20:47.301650',51),(156,'Deposito Rawson','.','123548','Argentina',0.01,0.01,0.01,'2024-11-16 19:35:33.693186','2024-11-16 19:35:33.693231',53),(157,'GUATRACHE - LA PAMPA','.','.','.',1.00,1.00,1.00,'2024-11-26 14:32:01.677781','2025-05-06 15:23:48.080117',54),(158,'LU QING YUAN YU 288','CONGELADOR','3142','ARGENTINA',74.00,11.00,4.00,'2024-12-19 14:32:17.867446','2024-12-19 14:32:17.867469',34),(159,'LU QING YUAN YU 287','POTERO','3169','ARGENTINA',74.00,11.00,4.00,'2024-12-20 16:34:25.006862','2024-12-20 16:34:25.006883',34),(160,'LU QING YUAN YU 279','POTERO','3256','ARGENTINA',74.00,11.00,4.00,'2024-12-20 16:35:07.486918','2024-12-20 16:35:07.486966',34),(161,'LU QING YUAN YU 278','POTERO','03229','ARGENTINA',74.36,11.30,7.00,'2025-02-03 14:18:20.861960','2025-02-03 14:18:20.861981',34),(162,'TANGO II','PESQUERO','2791','ARGENTINA',50.40,10.50,8.28,'2025-02-25 16:25:50.480095','2025-02-25 16:25:50.480116',56),(163,'LU QING YUAN YU 276','POTERO','3270','ARGENTINA',67.00,4.30,4.00,'2025-02-28 16:45:17.872974','2025-02-28 16:45:17.872997',34),(164,'CORAJE','FRESQUERO','0645','ARGENTINA',25.20,6.30,3.50,'2025-03-27 13:12:47.429742','2025-04-30 14:52:41.327944',38),(165,'SAN CAYETANO I','FRESQUERO','1022','ARGENTINA',27.01,6.30,4.00,'2025-03-27 13:13:29.537912','2025-04-17 13:42:27.628124',38),(166,'SIEMPRE SANTA ROSA','FRESQUERO','0494','ARGENTINA',25.50,6.00,3.50,'2025-03-27 13:14:20.155168','2025-04-30 14:51:58.863477',38),(167,'CIUDAD DE HUELVA','FRESQUERO','1519','ARGENTINA',19.40,6.30,3.20,'2025-03-27 13:14:57.400533','2025-04-30 14:52:21.435337',36),(168,'GOLFO SAN MATIAS','FRESQUERO','0362','ARGENTINA',22.92,7.00,3.00,'2025-04-08 20:29:07.996128','2025-04-08 20:30:14.542064',38),(169,'ORION 5','PESQUERO','02637','ARGENTINA',65.62,10.60,4.23,'2025-04-11 20:20:15.879576','2025-04-11 20:20:15.879624',35),(170,'HOYO MARU N° 37','POTERO','02624','ARGENTINA',70.11,10.72,4.60,'2025-04-21 16:05:09.250987','2025-04-21 16:05:09.251008',37),(171,'ESTRELLA N°5','PESQUERO','0246','ARGENTINA',56.95,9.83,4.90,'2025-04-23 14:47:09.066502','2025-04-24 20:42:29.649794',57),(172,'ESTRELLA N°6','PESQUERO','012','ARGENTINA',56.95,9.83,4.90,'2025-04-24 20:43:04.052842','2025-04-24 20:43:04.052860',57),(173,'ESTRELLA N° 11','PESQUERO','02575','ARGENTINA',67.70,9.83,4.90,'2025-05-05 14:09:34.014832','2025-05-05 14:09:34.014857',57),(174,'LUCA SANTINO','PESQUERO','03121','ARGENTINA',24.50,6.00,3.20,'2025-05-05 22:17:01.421139','2025-05-05 22:17:01.421165',7),(175,'ARGENOVA XXV','PESQUERO','02811','ARGENTINA',55.00,8.70,4.90,'2025-06-23 14:56:47.220778','2025-06-23 14:56:47.220798',37),(176,'LA SANTA MARIA I','PESCA','2324','ARGENTINA',22.00,6.00,2.70,'2025-07-21 12:41:55.881555','2025-07-21 12:41:55.881601',58),(177,'CHIYO MARU 3','PESQUERO','2987','ARGENTINA',51.00,9.00,4.10,'2025-07-28 20:42:57.317416','2025-07-28 20:42:57.317437',9),(178,'ARGENOVA III','PESQUERO','02156','ARGENTINA',38.31,8.34,4.15,'2025-08-23 13:33:36.422327','2025-08-23 13:33:54.248350',37),(179,'LOBO','PESQUERO','02138','ARGENTINA',20.90,6.80,3.10,'2025-11-13 14:59:48.444653','2025-11-13 14:59:48.444680',14),(180,'SOTAVENTO','PESQUERO','03327','ARGENTINA',20.95,7.50,3.30,'2025-11-25 20:04:12.555236','2025-11-25 20:04:12.555260',16);
/*!40000 ALTER TABLE `Barco` ENABLE KEYS */;
UNLOCK TABLES;

--
-- Table structure for table `Camion`
--

DROP TABLE IF EXISTS `Camion`;
/*!40101 SET @saved_cs_client     = @@character_set_client */;
/*!50503 SET character_set_client = utf8mb4 */;
CREATE TABLE `Camion` (
  `id` bigint NOT NULL AUTO_INCREMENT,
  `marca` varchar(100) NOT NULL,
  `patente` varchar(15) NOT NULL,
  `fecha_alta` datetime(6) NOT NULL,
  `fecha_actualizacion` datetime(6) NOT NULL,
  `transporte_id` bigint NOT NULL,
  `habilitadoAFIP` tinyint(1) NOT NULL,
  PRIMARY KEY (`id`),
  KEY `Camion_transporte_id_8611d951_fk_Transporte_id` (`transporte_id`),
  CONSTRAINT `Camion_transporte_id_8611d951_fk_Transporte_id` FOREIGN KEY (`transporte_id`) REFERENCES `Transporte` (`id`)
) ENGINE=InnoDB AUTO_INCREMENT=66 DEFAULT CHARSET=utf8mb4 COLLATE=utf8mb4_0900_ai_ci;
/*!40101 SET character_set_client = @saved_cs_client */;

--
-- Dumping data for table `Camion`
--

LOCK TABLES `Camion` WRITE;
/*!40000 ALTER TABLE `Camion` DISABLE KEYS */;
INSERT INTO `Camion` VALUES (1,'FORD','NWA804','2023-07-05 21:51:03.742394','2024-06-11 21:22:12.110468',1,1),(2,'IVECO','AF470XP','2023-07-05 21:51:30.320401','2024-06-03 23:15:15.816488',1,1),(3,'IVECO','AE402AY','2023-07-05 21:51:45.739323','2024-06-03 23:15:21.478139',1,1),(4,'IVECO','AE143SB','2023-07-05 21:52:13.189108','2024-06-03 23:15:26.646911',1,0),(8,'SCANIA','MHH717','2024-04-22 21:51:03.742394','2024-06-11 22:54:19.379160',3,1),(10,'MB','AA207LB','2024-04-22 21:51:03.742394','2024-06-03 23:15:49.239930',2,1),(12,'SCANIA','NMH460','2024-04-22 21:51:03.742394','2024-06-03 23:15:55.216207',3,1),(14,'SCANIA','KER867','2024-04-22 21:51:03.742394','2024-06-03 23:15:59.761253',2,1),(15,'SCANIA','MHH717','2024-04-22 21:51:03.742394','2024-06-03 23:16:04.465688',3,1),(16,'MB','AE756UL','2024-04-22 21:51:03.742394','2024-06-03 23:16:09.834323',3,1),(17,'FORD','AA469SS','2024-04-22 21:51:03.742394','2024-06-03 23:16:14.731015',2,1),(18,'MB','AA207LA','2024-04-22 21:51:03.742394','2024-06-03 23:16:19.230854',2,1),(19,'SCANIA','NND681','2024-04-22 21:51:03.742394','2024-06-03 23:16:29.526601',2,1),(20,'SCANIA','JXC149','2024-04-22 21:51:03.742394','2024-06-03 23:16:33.694124',2,1),(21,'MB','PCV591','2024-04-22 21:51:03.742394','2024-06-03 23:16:38.776420',2,1),(22,'FORD','AA436SS','2024-04-22 21:51:03.742394','2024-06-03 23:16:45.381396',2,0),(23,'SCANIA','NND682','2024-04-22 21:51:03.742394','2024-06-03 23:16:49.492162',3,1),(25,'IVECO','AA851KR','2024-04-22 21:51:03.742394','2024-06-03 23:16:53.946098',2,1),(26,'SCANIA','AA207LA','2024-04-22 21:51:03.742394','2024-06-03 23:16:57.568368',2,1),(30,'SCANIA','MJR129','2024-04-22 21:51:03.742394','2024-06-03 23:17:01.237735',2,1),(31,'IVECO','JDX414','2024-04-22 21:51:03.742394','2024-06-03 23:17:04.471347',2,1),(32,'Ford','AA469SS','2024-06-07 13:26:08.771155','2024-06-07 13:26:08.771176',2,1),(33,'IVECO','AA851KR','2024-06-07 14:33:07.736331','2024-06-07 14:33:07.736351',3,1),(34,'SCANIA','NMH461','2024-06-11 21:06:54.249326','2024-06-11 21:22:45.588066',2,1),(35,'SEMI','KRA759','2024-07-05 16:41:07.246812','2024-07-05 16:41:07.246858',3,1),(36,'SCANIA','NMH460','2024-07-09 14:48:40.684103','2024-07-09 14:48:40.684152',2,1),(37,'SCANIA','NND681','2024-07-09 15:11:40.869452','2024-07-09 15:11:40.869501',3,1),(38,'SCANIA','MJR129','2024-07-10 22:23:47.971866','2024-07-10 22:23:47.971889',3,1),(39,'SCANIA','AA207LB','2024-07-10 22:24:12.697100','2024-07-10 22:24:12.697125',3,1),(40,'TRACTOR','PCV591','2024-07-13 13:26:39.760496','2024-07-13 13:26:39.760516',3,1),(41,'MB','PCV 591','2024-07-25 13:03:57.481868','2024-07-25 13:03:57.481897',3,0),(42,'Semi','FAS 303','2024-07-30 13:37:00.966423','2024-07-30 13:37:00.966448',4,0),(43,'TRACTOR','AC782AY','2024-08-01 14:39:50.696101','2024-08-01 14:39:50.696129',4,0),(44,'SEMI','FAS303','2024-08-14 13:00:06.269417','2024-08-14 13:00:06.269436',4,0),(45,'TRACTOR','AD582MS','2024-08-14 13:00:30.047320','2024-08-14 13:00:30.047341',4,0),(46,'TOYOTA','NYZ385','2024-08-21 21:18:50.971900','2024-08-21 21:18:50.971923',1,0),(47,'TRACTOR','AA469SS','2024-09-04 12:51:03.427036','2024-09-04 12:51:03.427059',3,1),(48,'SEMI','KNC688','2024-09-04 12:51:30.512620','2024-09-04 12:51:30.512640',3,1),(49,'TRACTOR','AF750BI','2024-11-15 15:35:59.531896','2024-11-15 15:35:59.531915',3,1),(50,'TRACTOR','AA469SS','2024-11-19 12:38:31.476450','2024-11-19 12:38:31.476469',3,1),(51,'MERCEDEZ  BENZ','AA207LB','2024-12-07 22:12:38.845987','2024-12-07 22:12:38.846015',3,1),(52,'IVECO','AF164TH','2024-12-09 13:30:59.475490','2024-12-09 13:30:59.475510',1,0),(53,'IVECO','AF164TH','2024-12-09 13:32:01.355961','2024-12-09 13:32:01.355980',1,0),(54,'TRACTOR','AF750BC','2024-12-17 14:24:20.556224','2024-12-20 16:38:39.303400',3,1),(55,'TRACTOR','NMH461','2024-12-19 14:35:52.582272','2024-12-19 14:35:52.582291',3,1),(56,'TRACTOR','AF750BI','2024-12-20 16:37:01.992870','2024-12-20 16:37:01.992900',3,1),(57,'TRACTOR','AD192AV','2024-12-28 13:43:34.761828','2024-12-28 13:43:34.761847',3,1),(58,'SCANIA','AF 971 NX','2025-02-03 14:35:02.117304','2025-02-03 14:35:02.117331',3,0),(59,'SCANIA','AF 750 BC','2025-02-05 20:46:42.496810','2025-02-05 20:51:12.143383',3,0),(60,'CAMION','AF164TH','2025-02-18 10:59:49.135726','2025-02-18 10:59:49.135748',1,0),(61,'IVECO','AF164TH','2025-05-28 12:00:07.257044','2025-05-28 12:00:07.257071',1,0),(62,'IVECO','AF164TH','2025-05-28 12:00:47.420863','2025-05-28 12:00:47.420889',1,0),(63,'TRACTOR','AF971NX','2025-06-26 14:20:50.986878','2025-06-26 14:20:50.986898',3,1),(64,'IVECO','AF164TH','2025-08-14 20:31:07.581896','2025-08-18 22:25:57.981854',1,1),(65,'tractor','AB 026 NW','2025-11-11 20:31:23.029693','2025-11-11 20:31:23.029716',2,1);
/*!40000 ALTER TABLE `Camion` ENABLE KEYS */;
UNLOCK TABLES;

--
-- Table structure for table `Carga`
--

DROP TABLE IF EXISTS `Carga`;
/*!40101 SET @saved_cs_client     = @@character_set_client */;
/*!50503 SET character_set_client = utf8mb4 */;
CREATE TABLE `Carga` (
  `id` bigint NOT NULL AUTO_INCREMENT,
  `sitioPuerto` varchar(50) NOT NULL,
  `densidad` decimal(10,4) DEFAULT NULL,
  `temperatura` decimal(10,2) DEFAULT NULL,
  `barco_id` bigint NOT NULL,
  `combustible_id` bigint NOT NULL,
  `puerto_id` bigint NOT NULL,
  `exentoRancho` tinyint(1) NOT NULL,
  `letraRancho` varchar(1) DEFAULT NULL,
  `nroRancho` int DEFAULT NULL,
  `ordenCompra` varchar(100) DEFAULT NULL,
  `fechaInicio` date NOT NULL,
  `horaInicio` time(6) DEFAULT NULL,
  PRIMARY KEY (`id`),
  KEY `Carga_combustible_id_3007005b_fk_Combustible_id` (`combustible_id`),
  KEY `Carga_puerto_id_ac745b79_fk_Puerto_id` (`puerto_id`),
  KEY `Carga_barco_id_12a94223_fk_Barco_id` (`barco_id`),
  CONSTRAINT `Carga_barco_id_12a94223_fk_Barco_id` FOREIGN KEY (`barco_id`) REFERENCES `Barco` (`id`),
  CONSTRAINT `Carga_combustible_id_3007005b_fk_Combustible_id` FOREIGN KEY (`combustible_id`) REFERENCES `Combustible` (`id`),
  CONSTRAINT `Carga_puerto_id_ac745b79_fk_Puerto_id` FOREIGN KEY (`puerto_id`) REFERENCES `Puerto` (`id`)
) ENGINE=InnoDB AUTO_INCREMENT=775 DEFAULT CHARSET=utf8mb4 COLLATE=utf8mb4_0900_ai_ci;
/*!40101 SET character_set_client = @saved_cs_client */;

--
-- Dumping data for table `Carga`
--

LOCK TABLES `Carga` WRITE;
/*!40000 ALTER TABLE `Carga` DISABLE KEYS */;
INSERT INTO `Carga` VALUES (6,' ',0.8080,10.00,54,1,1,1,'V',234,'0','2025-08-18',NULL),(7,' ',0.8080,15.00,115,1,4,1,NULL,NULL,'0','2025-08-18',NULL),(8,'2',0.8080,10.00,116,1,1,1,NULL,NULL,'0','2025-08-18',NULL),(9,'2',0.8080,9.00,99,1,1,1,'W',262,'0','2025-08-18',NULL),(10,'2',0.8080,9.00,17,1,1,1,'B',264,'0','2025-08-18',NULL),(11,'2',0.8080,9.00,17,1,1,1,'B',264,'0','2025-08-18',NULL),(12,' ',0.8000,10.00,117,1,5,1,'T',87,'35476','2025-08-18',NULL),(13,' ',0.8100,10.00,118,1,6,1,'T',96,'0','2025-08-18',NULL),(14,' ',0.8100,10.00,119,1,5,1,'U',97,'60127','2025-08-18',NULL),(15,'4',0.8100,10.00,70,1,1,1,'W',280,'0','2025-08-18',NULL),(16,'2',0.8100,10.00,39,1,1,1,'B',282,'0','2025-08-18',NULL),(19,' ',0.8100,10.00,120,1,4,1,'F',1366,'0','2025-08-18',NULL),(20,' ',0.8100,10.00,121,1,5,1,'V',98,'60182','2025-08-18',NULL),(21,' ',0.8100,10.00,122,1,5,1,'W',99,'60181','2025-08-18',NULL),(22,' ',0.8100,10.00,123,1,5,1,'F',100,'60184','2025-08-18',NULL),(23,' ',0.8100,10.00,124,1,5,1,'G',101,'0','2025-08-18',NULL),(24,'2',0.8100,10.00,39,1,1,1,'B',282,'0','2025-08-18',NULL),(25,'6',0.8100,5.00,16,1,1,1,'E',285,'0','2025-08-18',NULL),(28,'6',0.8100,5.00,46,1,1,1,'0',0,'0','2025-08-18',NULL),(29,'2',0.8100,5.00,125,1,1,1,'U',314,'0','2025-08-18',NULL),(30,'6',0.8100,4.00,2,1,1,1,'V',306,'0','2025-08-18',NULL),(31,'6',0.8100,4.00,52,1,1,1,'B',309,'0','2025-08-18',NULL),(32,'6',0.8100,4.00,51,1,1,0,NULL,NULL,'0','2025-08-18',NULL),(37,'2',0.8100,4.00,128,1,1,1,'C',328,'35918','2025-08-18',NULL),(38,'6',0.8100,4.00,129,1,1,1,'D',329,'35940','2025-08-18',NULL),(39,'6',0.8100,6.00,130,1,1,1,'B',327,'0','2025-08-18',NULL),(40,'6',0.8100,6.00,94,1,1,1,'W',343,'0','2025-08-18',NULL),(41,'6',0.8100,4.00,17,1,1,1,'C',346,'0','2025-08-18',NULL),(42,'4',0.8100,4.00,131,1,1,1,NULL,NULL,'0','2025-08-18',NULL),(43,'6',0.8100,5.00,70,1,1,1,'V',351,'0','2025-08-18',NULL),(44,' ',0.8100,5.00,132,1,5,1,'P',119,'60425','2025-08-18',NULL),(45,' ',0.8100,5.00,122,1,5,1,'Y',118,'60427','2025-08-18',NULL),(46,'6',0.8100,5.00,133,1,1,1,NULL,NULL,'0','2025-08-18',NULL),(47,'6',0.8100,5.00,133,1,1,1,'H',378,'0','2025-08-18',NULL),(48,'MUELLE CAMARONES',0.8100,4.00,94,1,3,0,NULL,NULL,'0','2025-08-18',NULL),(49,'MUELLE CAMARONES',0.8100,4.00,130,1,3,0,NULL,NULL,'0','2025-08-18',NULL),(50,'6',0.8100,8.00,51,1,1,1,'F',394,'0','2025-08-18',NULL),(51,' ',0.8100,16.00,134,1,5,1,'H',120,'60428','2025-08-18',NULL),(53,' ',0.8100,16.00,121,1,5,1,'N',117,'60426','2025-08-18',NULL),(54,'MUELLE CAMARONES',0.8100,4.00,131,1,3,0,NULL,NULL,'0','2025-08-18',NULL),(55,'MUELLE CAMARONES',0.8100,4.00,27,1,3,0,NULL,NULL,'0','2025-08-18',NULL),(56,'2',0.8100,6.00,16,1,1,1,'C',409,'0','2025-08-18',NULL),(57,'2',0.8100,6.00,54,1,1,1,'B',408,'0','2025-08-18',NULL),(58,'6',0.8100,6.00,22,1,1,1,'W',307,'0','2025-08-18',NULL),(59,'MUELLE CAMARONES',0.8100,6.00,133,1,3,0,NULL,NULL,'0','2025-08-18',NULL),(60,'MUELLE CAMARONES',0.8100,6.00,135,1,3,0,NULL,NULL,'0','2025-08-18',NULL),(61,'MUELLE CONARPESA',0.8100,6.00,136,1,3,0,NULL,NULL,'0','2025-08-18',NULL),(62,'2',0.8100,6.00,46,1,1,1,'B',426,'0','2025-08-18',NULL),(63,'6',0.8100,5.00,52,1,1,1,'.',0,'0','2025-08-18',NULL),(64,'6',0.8100,5.00,105,1,1,1,'T',430,'0','2025-08-18',NULL),(65,'MUELLE CAMARONES',0.8100,5.00,131,1,3,0,NULL,NULL,'0','2025-08-18',NULL),(66,'MUELLE CAMARONES',0.8100,5.00,130,1,3,0,NULL,NULL,'0','2025-08-18',NULL),(67,'MUELLE CAMARONES',0.8100,5.00,136,1,3,0,NULL,NULL,'0','2025-08-18',NULL),(68,'6',0.8100,5.00,2,1,1,1,'W',451,'0','2025-08-18',NULL),(69,' ',0.8100,6.00,95,1,1,1,'B',453,'0','2025-08-18',NULL),(70,'1',0.8100,6.00,68,1,1,1,'C',436,'0','2025-08-18',NULL),(71,'6',0.8100,6.00,55,1,1,0,'e',465,'0','2025-08-18',NULL),(72,'MUELLE NUEVO',0.8100,6.00,108,1,2,0,NULL,NULL,'0','2025-08-18',NULL),(73,'MUELLE NUEVO',0.8100,6.00,67,1,2,0,NULL,NULL,'0','2025-08-18',NULL),(74,'MUELLE CAMARONES',0.8100,5.00,27,1,3,0,NULL,NULL,'0','2025-08-18',NULL),(75,'MUELLE CAMARONES',0.8100,5.00,135,1,3,0,NULL,NULL,'0','2025-08-18',NULL),(76,'MUELLE CAMARONES',0.8100,5.00,133,1,3,0,NULL,NULL,'0','2025-08-18',NULL),(77,'MUELLE CAMARONES',0.8100,5.00,136,1,3,0,NULL,NULL,'0','2025-08-18',NULL),(79,'6',0.8100,7.00,51,1,1,1,'T',511,'0','2025-08-18',NULL),(80,'6',0.8100,7.00,22,1,1,1,'J',497,'0','2025-08-18',NULL),(81,' ',0.8100,3.00,130,1,3,0,NULL,NULL,'0','2025-08-18',NULL),(82,' ',0.8100,3.00,133,1,3,0,NULL,NULL,'0','2025-08-18',NULL),(83,'MUELLE CAMARONES',0.8100,6.00,94,1,3,0,NULL,NULL,'0','2025-08-18',NULL),(84,'MUELLE NUEVO',0.8100,6.00,67,1,2,0,NULL,NULL,'0','2025-08-18',NULL),(85,'MUELLE CAMARONES',0.8100,5.00,131,1,3,0,NULL,NULL,'0','2025-08-18',NULL),(86,'MUELLE CAMARONES',0.8100,5.00,135,1,3,0,NULL,NULL,'0','2025-08-18',NULL),(87,'MUELLE NUEVO',0.8100,5.00,108,1,2,0,NULL,NULL,'0','2025-08-18',NULL),(88,'6',0.8100,6.00,52,1,1,1,'V',522,'0','2025-08-18',NULL),(89,'6',0.8100,6.00,2,1,1,1,'D',527,'0','2025-08-18',NULL),(90,'MUELLE CAMARONES',0.8100,5.00,136,1,3,0,NULL,NULL,'0','2025-08-18',NULL),(91,' ',0.8200,5.00,134,1,1,1,'E',528,'1','2025-08-18',NULL),(92,' ',0.8100,5.00,54,1,1,1,'F',529,'0','2025-08-18',NULL),(93,'5',0.8100,5.00,130,1,1,1,'A',533,'0','2025-08-18',NULL),(94,'6',0.8100,5.00,55,1,1,1,'F',547,'0','2025-08-18',NULL),(95,'6',0.8100,5.00,94,1,1,1,'G',548,'0','2025-08-18',NULL),(96,'6',0.8100,5.00,27,1,1,1,'H',549,'0','2025-08-18',NULL),(97,' ',0.8100,5.00,70,1,7,1,'V',531,'0','2025-08-18',NULL),(98,'6',0.8100,5.00,22,1,1,1,'H',558,'0','2025-08-18',NULL),(99,'3',0.8100,5.00,137,1,1,1,'U',530,'60591','2025-08-18',NULL),(100,'6',0.8100,5.00,51,1,1,1,'C',562,'0','2025-08-18',NULL),(101,'6',0.8100,5.00,135,1,1,1,'K',597,'0','2025-08-18',NULL),(102,'6',0.8100,4.00,130,1,1,1,'A',605,'0','2025-08-18',NULL),(103,'6',0.8100,4.00,133,1,1,1,'B',606,'0','2025-08-18',NULL),(104,'2',0.8100,5.00,46,1,1,0,'W',604,'0','2025-08-18',NULL),(106,' ',0.8100,4.00,138,1,5,1,'Z',129,'0','2025-08-18',NULL),(107,'6',0.8100,4.00,51,1,1,1,NULL,NULL,'0','2025-08-18',NULL),(108,'6',0.8100,4.00,2,1,1,1,NULL,NULL,'0','2025-08-18',NULL),(109,' ',0.8100,5.00,17,1,1,0,'A',623,'0','2025-08-18',NULL),(110,'5',0.8100,5.00,105,1,1,1,'v',621,'0','2025-08-18',NULL),(111,'5',0.8100,5.00,68,1,1,1,'W',622,'0','2025-08-18',NULL),(112,' ',0.8100,4.00,94,1,3,0,NULL,NULL,'0','2025-08-18',NULL),(113,'6',0.8100,4.00,22,1,1,1,'G',647,'0','2025-08-18',NULL),(114,'6',0.8100,4.00,135,1,1,1,NULL,NULL,'0','2025-08-18',NULL),(115,'6',0.8100,4.00,131,1,1,1,NULL,NULL,'0','2025-08-18',NULL),(116,'6',0.8100,4.00,136,1,1,1,NULL,NULL,'0','2025-08-18',NULL),(117,'MUELLE CABO VIRGENES',0.8100,5.00,139,1,2,0,NULL,NULL,'0','2025-08-18',NULL),(118,'5',0.8100,5.00,55,1,1,1,'C',670,'0','2025-08-18',NULL),(119,'5',0.8100,5.00,133,1,1,1,'B',606,'0','2025-08-18',NULL),(120,'5',0.8100,5.00,130,1,1,1,'G',665,'0','2025-08-18',NULL),(121,'5',0.8100,5.00,140,1,1,1,'F',664,'60749','2025-08-18',NULL),(122,'5',0.8100,5.00,95,1,1,1,'D',662,'0','2025-08-18',NULL),(123,' ',0.8100,5.00,134,1,7,1,'M',698,'0','2025-08-18',NULL),(124,'6',0.8100,5.00,135,1,1,1,NULL,NULL,'0','2025-08-18',NULL),(125,'5',0.8100,3.00,136,1,1,0,'V',702,'0','2025-08-18',NULL),(126,'6',0.8100,3.00,131,1,1,1,'A',704,'0','2025-08-18',NULL),(127,' ',0.8100,3.00,126,1,7,1,'Z',710,'36455','2025-08-18',NULL),(128,'6',0.8100,5.00,133,1,1,1,'V',720,'0','2025-08-18',NULL),(129,'6',0.8100,5.00,136,1,1,1,'A',731,'0','2025-08-18',NULL),(130,'6',0.8100,5.00,135,1,1,1,'B',732,'0','2025-08-18',NULL),(131,'6',0.8100,5.00,131,1,1,1,'C',733,'0','2025-08-18',NULL),(132,'6',0.8100,5.00,52,1,1,1,'B',741,'0','2025-08-18',NULL),(133,'6',0.8100,5.00,51,1,1,1,'A',740,'0','2025-08-18',NULL),(134,'6',0.8100,4.00,131,1,1,1,'C',733,'0','2025-08-18',NULL),(135,'2',0.8100,5.00,129,1,1,1,'C',760,'0','2025-08-18',NULL),(136,'2',0.8100,5.00,70,1,1,1,'F',718,'10-A','2025-08-18',NULL),(137,'MUELLE CABO VIRGENES',0.8100,5.00,139,1,2,0,NULL,NULL,'0','2025-08-18',NULL),(138,'6',0.8100,5.00,136,1,1,1,'C',805,'0','2025-08-18',NULL),(139,'6',0.8100,5.00,131,1,1,1,'E',807,'0','2025-08-18',NULL),(140,'6',0.8100,5.00,133,1,1,1,'D',815,'0','2025-08-18',NULL),(141,'6',0.8100,5.00,2,1,1,1,'F',781,'0','2025-08-18',NULL),(142,'6',0.8100,5.00,22,1,1,1,'E',780,'0','2025-08-18',NULL),(143,'6',0.8100,5.00,55,1,1,1,'G',782,'0','2025-08-18',NULL),(144,'MUELLE CAMARONES',0.8100,4.00,94,1,3,0,NULL,NULL,'0','2025-08-18',NULL),(145,'MUELLE CAMARONES',0.8100,5.00,27,1,3,0,NULL,NULL,'0','2025-08-18',NULL),(146,'5',0.8100,5.00,135,1,1,1,'g',845,'0','2025-08-18',NULL),(147,'5',0.8100,5.00,130,1,1,1,'H',837,'0','2025-08-18',NULL),(148,' ',0.8100,5.00,116,1,7,1,'B',813,'336696','2025-08-18',NULL),(149,'1',0.8100,5.00,140,1,1,1,'F',817,'1-60964','2025-08-18',NULL),(150,'1',0.8100,5.00,121,1,1,1,'G',818,'1-60963','2025-08-18',NULL),(151,' ',0.8100,5.00,46,1,7,1,'F',853,NULL,'2025-08-18',NULL),(152,' ',0.8100,5.00,105,1,7,1,'E',852,NULL,'2025-08-18',NULL),(153,'MUELLE NUEVO',0.8100,3.00,108,1,2,0,NULL,NULL,NULL,'2025-08-18',NULL),(154,'MUELLE NUEVO',0.8100,3.00,67,1,2,0,NULL,NULL,NULL,'2025-08-18',NULL),(155,' ',0.8100,5.00,137,1,7,1,'M',869,'1-60978','2025-08-18',NULL),(156,'6',0.8100,5.00,51,1,1,1,'G',917,NULL,'2025-08-18',NULL),(157,'MUELLE NUEVO',0.8180,5.00,121,1,5,0,NULL,NULL,NULL,'2025-08-18',NULL),(158,' ',0.8100,4.00,141,1,5,1,'N',135,'601015','2025-08-18',NULL),(159,' ',0.8100,4.00,124,1,7,1,'A',911,'16041','2025-08-18',NULL),(160,'6',0.8100,5.00,136,1,1,1,'F',925,NULL,'2025-08-18',NULL),(161,'6',0.8100,5.00,131,1,1,1,NULL,0,NULL,'2025-08-18',NULL),(162,'6',0.8100,5.00,133,1,1,1,'G',926,NULL,'2025-08-18',NULL),(163,' ',0.8100,5.00,117,1,7,1,'W',910,'36763','2025-08-18',NULL),(164,'6',0.8100,5.00,130,1,1,1,'0',0,NULL,'2025-08-18',NULL),(165,'6',0.8100,1.00,52,1,1,1,'D',923,NULL,'2025-08-18',NULL),(166,'6',0.8100,5.00,135,1,1,1,'H',936,NULL,'2025-08-18',NULL),(167,'MUELLE CAMARONES',0.8100,5.00,94,1,3,0,NULL,NULL,NULL,'2025-08-18',NULL),(168,'MUELLE CAMARONES',0.8100,5.00,27,1,3,0,NULL,NULL,NULL,'2025-08-18',NULL),(169,' ',0.8100,5.00,70,1,7,1,'G',917,NULL,'2025-08-18',NULL),(170,'MUELLE CABO VIRGENES',0.8100,5.00,139,1,2,1,NULL,NULL,NULL,'2025-08-18',NULL),(171,' ',0.8100,5.00,142,1,7,1,'H',927,NULL,'2025-08-18',NULL),(172,'MUELLE NUEVO',0.8100,5.00,108,1,2,0,NULL,NULL,NULL,'2025-08-18',NULL),(173,'6',0.8100,4.00,2,1,1,1,'M',968,NULL,'2025-08-18',NULL),(174,'6',0.8100,4.00,22,1,1,1,'L',994,'994','2025-08-18',NULL),(175,'6',0.8100,4.00,131,1,1,1,'m',0,NULL,'2025-08-18',NULL),(176,' ',0.8100,4.00,116,1,7,1,'F',970,NULL,'2025-08-18',NULL),(177,'5',0.8100,4.00,55,1,1,1,'J',992,NULL,'2025-08-18',NULL),(178,'6',0.8100,5.00,130,1,1,1,'U',1007,NULL,'2025-08-18',NULL),(179,'6',0.8100,5.00,136,1,1,1,'U',1016,NULL,'2025-08-18',NULL),(180,' ',0.8100,5.00,121,1,7,1,'U',1025,'61112','2025-08-18',NULL),(181,'6',0.8100,5.00,133,1,1,1,'A',1028,NULL,'2025-08-18',NULL),(182,' ',0.8100,5.00,140,1,7,1,'W',1027,'1-61119','2025-08-18',NULL),(183,' ',0.8100,5.00,132,1,7,1,'V',1026,'1-61110','2025-08-18',NULL),(185,'MUELLE CAMARONES',0.8100,5.00,94,1,3,0,NULL,NULL,NULL,'2025-08-18',NULL),(186,' ',0.8100,10.00,124,1,7,1,'U',1070,'1-','2025-08-18',NULL),(187,'6',0.8100,10.00,52,1,1,1,'a',1,NULL,'2025-08-18',NULL),(188,' ',0.8100,10.00,123,1,7,1,'T',1060,'1-61146','2025-08-18',NULL),(189,' ',0.8100,10.00,105,1,7,1,'w',1081,NULL,'2025-08-18',NULL),(190,' ',0.8100,5.00,143,1,7,1,'H',1089,NULL,'2025-08-18',NULL),(191,' ',0.8100,5.00,46,1,7,1,'V',1080,NULL,'2025-08-18',NULL),(192,'6',0.8100,10.00,22,1,1,1,'S',1104,NULL,'2025-08-18',NULL),(193,'6',0.8100,10.00,136,1,1,1,'R',1103,NULL,'2025-08-18',NULL),(194,'6',0.8100,10.00,133,1,1,1,'V',1116,NULL,'2025-08-18',NULL),(195,'6',0.8100,10.00,131,1,1,1,'W',1117,NULL,'2025-08-18',NULL),(196,' ',0.8100,6.00,68,1,7,1,'C',1075,NULL,'2025-08-18',NULL),(197,'6',0.8100,5.00,135,1,1,1,'A',1127,NULL,'2025-08-18',NULL),(198,'6',0.8100,6.00,135,1,1,1,'A',1127,NULL,'2025-08-18',NULL),(199,' ',0.8100,5.00,145,1,7,1,'W',1135,NULL,'2025-08-18',NULL),(200,' ',0.8100,5.00,144,1,7,1,'V',1134,NULL,'2025-08-18',NULL),(201,' ',0.8100,5.00,94,1,3,0,NULL,NULL,NULL,'2025-08-18',NULL),(203,'6',0.8100,5.00,22,1,1,1,'S',1203,NULL,'2025-08-18',NULL),(204,'6',0.8100,5.00,55,1,1,1,'Z',1201,NULL,'2025-08-18',NULL),(205,'6',0.8100,5.00,2,1,1,1,'W',1180,NULL,'2025-08-18',NULL),(206,'6',0.8100,5.00,54,1,1,0,'0',0,NULL,'2025-08-18',NULL),(207,'6',0.8100,5.00,51,1,1,1,'T',1204,NULL,'2025-08-18',NULL),(208,' ',0.8100,5.00,17,1,7,1,'R',1220,NULL,'2025-08-18',NULL),(209,'6',1.8100,5.00,133,1,1,1,'a',0,NULL,'2025-08-18',NULL),(210,'6',0.8100,5.00,131,1,1,1,'D',1247,NULL,'2025-08-18',NULL),(211,'6',0.8100,5.00,135,1,1,1,'A',0,NULL,'2025-08-18',NULL),(212,'6',0.8100,5.00,130,1,1,1,'E',1248,NULL,'2025-08-18',NULL),(213,'6',0.8100,5.00,123,1,1,1,'A',0,'61380','2025-08-18',NULL),(214,' ',0.8100,5.00,27,1,3,0,NULL,NULL,NULL,'2025-08-18',NULL),(215,'6',0.8100,5.00,136,1,7,1,'G',1259,NULL,'2025-08-18',NULL),(216,' ',0.8100,6.00,16,1,7,1,'F',1285,NULL,'2025-08-18',NULL),(217,'1',0.8100,6.00,124,1,1,1,'C',1255,'61381','2025-08-18',NULL),(218,'6',0.8100,5.00,146,1,1,1,'S',1311,'1169','2025-08-18',NULL),(219,'1',0.8100,5.00,134,1,1,1,'D',1256,'1-61447','2025-08-18',NULL),(220,'6',0.8100,5.00,131,1,1,1,'G',1349,NULL,'2025-08-18',NULL),(221,' ',0.8100,5.00,68,1,1,1,'U',1340,NULL,'2025-08-18',NULL),(222,'6',0.8100,5.00,130,1,1,1,'B',1353,NULL,'2025-08-18',NULL),(223,'5',0.8100,5.00,2,1,1,1,'H',1359,NULL,'2025-08-18',NULL),(224,'1',0.8100,5.00,46,1,1,1,'F',1339,NULL,'2025-08-18',NULL),(225,'6',0.8100,5.00,55,1,1,1,'C',1372,NULL,'2025-08-18',NULL),(226,'6',0.8100,5.00,135,1,1,1,'F',1348,NULL,'2025-08-18',NULL),(227,'6',0.8100,5.00,136,1,1,1,'W',1351,NULL,'2025-08-18',NULL),(228,'MUELLE NUEVO',0.8100,5.00,149,1,2,0,NULL,NULL,NULL,'2025-08-18',NULL),(229,' ',0.8100,5.00,54,1,1,1,'C',1390,NULL,'2025-08-18',NULL),(230,'5',0.8100,5.00,22,1,1,1,'D',1391,NULL,'2025-08-18',NULL),(231,'6',0.8100,5.00,27,1,1,1,'K',1389,NULL,'2025-08-18',NULL),(232,'6',0.8100,5.00,52,1,1,1,'E',1419,NULL,'2025-08-18',NULL),(233,'5',0.8100,5.00,133,1,1,1,'A',1352,NULL,'2025-08-18',NULL),(234,'6',0.8100,5.00,131,1,1,1,NULL,NULL,NULL,'2025-08-18',NULL),(235,'1',0.8100,5.00,70,1,1,1,'W',1360,NULL,'2025-08-18',NULL),(236,' ',0.8100,5.00,140,1,7,1,'D',1409,'1-61493','2025-08-18',NULL),(237,'MUELLE CABO VIRGENES',0.8100,5.00,152,1,2,0,NULL,NULL,NULL,'2025-08-18',NULL),(239,' ',0.8100,5.00,137,1,7,1,'E',1455,'1/61579','2025-08-18',NULL),(240,'6',0.8100,5.00,2,1,1,1,'E',1446,NULL,'2025-08-18',NULL),(241,'6',0.8100,5.00,22,1,1,1,'D',1472,NULL,'2025-08-18',NULL),(242,' ',0.8100,5.00,139,1,3,0,NULL,NULL,NULL,'2025-08-18',NULL),(243,'6',0.8100,5.00,130,1,1,1,'X',1477,NULL,'2025-08-18',NULL),(244,' ',0.8100,5.00,95,1,7,1,'C',1444,NULL,'2025-08-18',NULL),(245,'6',0.8100,5.00,131,1,1,1,'C',1462,NULL,'2025-08-18',NULL),(246,'6',0.8100,5.00,133,1,1,1,'E',1464,NULL,'2025-08-18',NULL),(247,'6',0.8100,5.00,136,1,1,1,'D',1463,NULL,'2025-08-18',NULL),(248,'6',0.8100,5.00,135,1,1,1,'B',1461,NULL,'2025-08-18',NULL),(249,' ',0.8100,5.00,122,1,5,1,'0',0,'1-61599','2025-08-18',NULL),(250,'MUELLE NUEVO',0.8100,4.00,149,1,2,0,NULL,NULL,NULL,'2025-08-18',NULL),(251,'5',0.8100,5.00,146,1,1,1,NULL,NULL,NULL,'2025-08-18',NULL),(252,' ',0.8100,2.00,93,1,7,1,'B',1524,NULL,'2025-08-18',NULL),(253,'6',0.8100,2.00,52,1,1,1,'F',1537,NULL,'2025-08-18',NULL),(254,'MUELLE JUAN GRANADA',0.8100,4.00,151,1,2,0,NULL,NULL,NULL,'2025-08-18',NULL),(255,'5',0.8100,5.00,130,1,1,1,'E',1545,NULL,'2025-08-18',NULL),(256,'3',0.8100,5.00,121,1,1,1,'A',1523,'1-61616','2025-08-18',NULL),(257,' ',0.8100,5.00,123,1,1,1,'E',1527,'1-61650','2025-08-18',NULL),(258,' ',0.8100,5.00,153,1,3,0,NULL,NULL,NULL,'2025-08-18',NULL),(259,' ',0.8100,5.00,27,1,3,0,NULL,NULL,NULL,'2025-08-18',NULL),(260,'5',0.8100,5.00,22,1,1,1,'E',1581,NULL,'2025-08-18',NULL),(261,'5',0.8100,5.00,55,1,1,1,'F',1582,NULL,'2025-08-18',NULL),(262,' ',0.8100,5.00,68,1,7,1,'D',1580,NULL,'2025-08-18',NULL),(263,' ',0.8100,5.00,140,1,1,1,'H',1575,'1-61691','2025-08-18',NULL),(264,' ',0.8100,5.00,140,1,1,1,'H',1575,'1-61691','2025-08-18',NULL),(265,'6',0.8100,5.00,133,1,1,1,'L',1579,NULL,'2025-08-18',NULL),(266,'6',0.8100,5.00,133,1,1,1,'L',1579,NULL,'2025-08-18',NULL),(267,' ',0.8100,5.00,135,1,1,1,'X',1576,NULL,'2025-08-18',NULL),(268,'6',0.8100,5.00,131,1,1,1,'J',1577,NULL,'2025-08-18',NULL),(269,'6',0.8100,5.00,136,1,1,1,'K',1578,NULL,'2025-08-18',NULL),(271,' ',0.8100,2.00,94,1,3,0,NULL,NULL,NULL,'2025-08-18',NULL),(272,' ',0.8100,5.00,70,1,1,1,'B',1605,NULL,'2025-08-18',NULL),(273,'6',0.8100,5.00,2,1,1,1,'C',1606,NULL,'2025-08-18',NULL),(274,' ',0.8100,5.00,137,1,1,1,NULL,NULL,NULL,'2025-08-18',NULL),(275,'6',0.8100,5.00,130,1,1,1,'G',1628,NULL,'2025-08-18',NULL),(276,' ',0.8100,5.00,105,1,7,1,'H',1629,NULL,'2025-08-18',NULL),(277,' ',0.8100,5.00,152,1,2,0,NULL,NULL,NULL,'2025-08-18',NULL),(279,' ',0.8100,5.00,139,1,3,0,NULL,NULL,NULL,'2025-08-18',NULL),(280,' ',0.8100,5.00,106,1,3,0,NULL,NULL,NULL,'2025-08-18',NULL),(281,'6',1.0000,0.81,22,1,1,1,'J',1649,NULL,'2025-08-18',NULL),(282,'6',0.8100,5.00,133,1,1,1,'G',1682,NULL,'2025-08-18',NULL),(283,'6',0.8100,5.00,131,1,1,1,'E',1680,NULL,'2025-08-18',NULL),(284,'6',0.8100,5.00,136,1,1,1,'F',1681,NULL,'2025-08-18',NULL),(285,'6',0.8100,5.00,135,1,1,1,'L',1678,NULL,'2025-08-18',NULL),(286,'5',0.8100,5.00,130,1,1,1,'H',1683,NULL,'2025-08-18',NULL),(287,'6',0.8100,5.00,52,1,1,1,NULL,NULL,NULL,'2025-08-18',NULL),(288,'6',0.8100,5.00,94,1,1,1,NULL,NULL,NULL,'2025-08-18',NULL),(289,'6',0.8100,5.00,27,1,1,1,NULL,NULL,NULL,'2025-08-18',NULL),(290,'MUELLE JUAN GRANADA',0.8100,2.00,106,1,2,0,NULL,NULL,NULL,'2025-08-18',NULL),(291,'6',0.8100,2.00,52,1,1,1,NULL,NULL,NULL,'2025-08-18',NULL),(292,'6',0.8100,2.00,22,1,1,1,'H',1719,NULL,'2025-08-18',NULL),(293,' ',0.8100,5.00,55,1,1,1,'B',1722,NULL,'2025-08-18',NULL),(294,' ',0.8100,5.00,17,1,7,1,'C',1723,NULL,'2025-08-18',NULL),(295,'6',0.8100,5.00,130,1,1,1,'X',1738,NULL,'2025-08-18',NULL),(296,'6',0.8100,5.00,135,1,1,1,'G',1754,NULL,'2025-08-18',NULL),(297,'6',0.8100,5.00,133,1,1,1,'D',1751,NULL,'2025-08-18',NULL),(298,'6',0.8100,5.00,136,1,1,1,'E',1752,NULL,'2025-08-18',NULL),(299,'6',0.8100,5.00,131,1,1,1,'H',1755,NULL,'2025-08-18',NULL),(300,'MUELLE NUEVO',0.8100,5.00,106,1,2,0,NULL,NULL,NULL,'2025-08-18',NULL),(301,'6',0.8100,3.00,22,1,1,1,NULL,NULL,NULL,'2025-08-18',NULL),(302,'6',0.8100,5.00,130,1,1,1,'W',1810,NULL,'2025-08-18',NULL),(303,'6',0.8100,5.00,51,1,1,1,'x',1864,NULL,'2025-08-18',NULL),(304,'6',0.8100,5.00,52,1,1,1,'H',1863,NULL,'2025-08-18',NULL),(305,'6',0.8100,5.00,22,1,1,1,'a',0,NULL,'2025-08-18',NULL),(306,'6',0.8100,5.00,55,1,1,1,'0',0,NULL,'2025-08-18',NULL),(307,'6',0.8100,5.00,27,1,1,1,'0',0,NULL,'2025-08-18',NULL),(308,'2',0.8100,5.00,123,1,1,1,'0',0,'1-61987','2025-08-18',NULL),(309,'2',0.8100,5.00,105,1,1,1,'J',1865,NULL,'2025-08-18',NULL),(310,'MUELLE NUEVO',0.8100,5.00,106,1,2,0,NULL,NULL,NULL,'2025-08-18',NULL),(311,' ',0.8100,5.00,106,1,2,0,NULL,NULL,NULL,'2025-08-18',NULL),(312,'6',0.8100,5.00,22,1,1,1,'A',1910,NULL,'2025-08-18',NULL),(313,'6',0.8100,5.00,2,1,1,1,'B',1911,NULL,'2025-08-18',NULL),(314,'6',0.8100,5.00,27,1,1,1,NULL,NULL,NULL,'2025-08-18',NULL),(315,'6',0.8100,5.00,22,1,1,1,'X',1936,NULL,'2025-08-18',NULL),(316,'6',0.8100,5.00,55,1,1,1,'H',1935,NULL,'2025-08-18',NULL),(317,' ',0.8100,5.00,28,1,1,1,'J',1937,NULL,'2025-08-18',NULL),(318,'6',0.8100,5.00,52,1,1,1,'X',1945,NULL,'2025-08-18',NULL),(319,' ',0.8100,5.00,54,1,1,1,'K',1947,NULL,'2025-08-18',NULL),(320,' ',0.8100,5.00,17,1,7,1,'L',1948,NULL,'2025-08-18',NULL),(321,' ',0.8100,6.00,16,1,7,1,'G',1952,NULL,'2025-08-18',NULL),(322,'6',0.8100,6.00,105,1,1,1,'X',1954,NULL,'2025-08-18',NULL),(323,'6',0.8100,6.00,68,1,1,1,'H',1953,NULL,'2025-08-18',NULL),(325,'1',0.8100,6.00,46,1,1,1,'K',1956,NULL,'2025-08-18',NULL),(326,'6',0.8100,6.00,95,1,1,1,'N',1959,NULL,'2025-08-18',NULL),(327,'2',0.8100,6.00,99,1,1,1,'M',1958,NULL,'2025-08-18',NULL),(328,'6',0.8100,6.00,93,1,1,1,'G',1961,NULL,'2025-08-18',NULL),(329,'2',0.8100,6.00,99,1,1,1,'M',1958,NULL,'2025-08-18',NULL),(330,'6',0.8100,4.00,146,1,7,1,'H',1962,'4396','2025-08-18',NULL),(331,' ',0.8100,5.00,106,1,3,0,NULL,NULL,NULL,'2025-08-18',NULL),(332,'5',0.8100,5.00,146,1,1,1,'H',1971,'BP CABO VIRGENES M72','2025-08-18',NULL),(333,'5',0.8100,10.00,146,1,1,1,'Y',1978,'4484','2025-08-18',NULL),(334,' ',0.8100,15.00,120,1,4,1,'D',2643,NULL,'2025-08-18',NULL),(336,'MUELLE NUEVO',0.8100,11.00,110,1,2,0,NULL,NULL,NULL,'2025-08-18',NULL),(337,'MUELLE NUEVO',0.8100,11.00,67,1,2,0,NULL,NULL,NULL,'2025-08-18',NULL),(338,'6',0.8100,10.00,146,1,1,1,'K',1983,'4523 M76  DDJJ NRO 59 CV','2025-08-18',NULL),(339,'MUELLE JUAN GRANADA',0.8100,11.00,148,1,2,0,NULL,NULL,NULL,'2025-08-18',NULL),(340,'MUELLE JUAN GRANADA',0.8100,11.00,150,1,2,0,NULL,NULL,NULL,'2025-08-18',NULL),(341,'MUELLE NUEVO',0.8100,10.00,110,1,2,0,NULL,NULL,NULL,'2025-08-18',NULL),(342,'MUELLE NUEVO',0.8100,12.00,67,1,2,0,NULL,NULL,NULL,'2025-08-18',NULL),(343,' ',0.8100,15.00,154,1,4,1,'K',2785,NULL,'2025-08-18',NULL),(344,' ',0.8100,15.00,154,1,4,1,'K',2785,NULL,'2025-08-18',NULL),(345,' ',0.8100,15.00,155,1,4,1,'J',2784,NULL,'2025-08-18',NULL),(346,' ',0.8100,5.00,146,1,1,1,'N',1986,NULL,'2025-08-18',NULL),(347,'6',0.8100,5.00,146,1,1,1,'N',1986,'4546 M77','2025-08-18',NULL),(348,'MUELLE NUEVO',0.8100,10.00,108,1,2,0,NULL,NULL,NULL,'2025-08-18',NULL),(349,'MUELLE CABO VIRGENES',0.8100,10.00,110,1,2,0,NULL,NULL,NULL,'2025-08-18',NULL),(350,'MUELLE CABO VIRGENES',0.8100,10.00,150,1,2,0,NULL,NULL,NULL,'2025-08-18',NULL),(351,'MUELLE CABO VIRGENES',0.8100,10.00,148,1,2,0,NULL,NULL,NULL,'2025-08-18',NULL),(352,'MUELLE CABO VIRGENES',0.8100,10.00,110,1,2,0,NULL,NULL,NULL,'2025-08-18',NULL),(353,'MUELLE JUAN GRANADA',0.8100,10.00,151,1,2,0,NULL,NULL,NULL,'2025-08-18',NULL),(354,'MUELLE NUEVO',0.8100,10.00,149,1,2,0,NULL,NULL,NULL,'2025-08-18',NULL),(355,'MUELLE NUEVO',0.8100,10.00,67,1,2,0,NULL,NULL,NULL,'2025-08-18',NULL),(356,'5',0.8100,10.00,146,1,1,1,'P',1997,NULL,'2025-08-18',NULL),(357,'MUELLE NUEVO',0.8100,10.00,152,1,2,0,NULL,NULL,NULL,'2025-08-18',NULL),(358,'MUELLE JUAN GRANADA',0.8100,10.00,108,1,2,0,NULL,NULL,NULL,'2025-08-18',NULL),(359,'MUELLE CABO VIRGENES',0.8100,11.00,110,1,2,0,NULL,NULL,NULL,'2025-08-18',NULL),(360,'MUELLE JUAN GRANADA',810.0000,9.00,107,1,2,0,NULL,NULL,NULL,'2025-08-18',NULL),(361,'MUELLE JUAN GRANADA',0.8100,12.00,150,1,2,0,NULL,NULL,NULL,'2025-08-18',NULL),(362,'MUELLE JUAN GRANADA',0.8100,12.00,149,1,2,0,NULL,NULL,NULL,'2025-08-18',NULL),(363,'MUELLE JUAN GRANADA',0.8100,12.00,148,1,2,0,NULL,NULL,NULL,'2025-08-18',NULL),(364,' ',0.8100,15.00,156,2,2,0,NULL,NULL,NULL,'2025-08-18',NULL),(365,'MUELLE JUAN GRANADA',0.8100,12.00,67,1,2,0,NULL,NULL,NULL,'2025-08-18',NULL),(366,'MUELLE CABO VIRGENES',0.8100,10.00,108,1,2,0,NULL,NULL,NULL,'2025-08-18',NULL),(367,'5',0.8100,10.00,146,1,1,1,'S',2004,NULL,'2025-08-18',NULL),(368,' ',0.8080,15.00,156,2,2,0,NULL,NULL,NULL,'2025-08-18',NULL),(369,'MUELLE CABO VIRGENES',0.8100,10.00,110,1,2,0,NULL,NULL,NULL,'2025-08-18',NULL),(370,'MUELLE CABO VIRGENES',0.8100,10.00,110,1,2,0,NULL,NULL,NULL,'2025-08-18',NULL),(371,' ',0.8100,10.00,107,1,2,0,NULL,NULL,NULL,'2025-08-18',NULL),(372,' ',0.8134,15.00,156,2,2,0,NULL,NULL,NULL,'2025-08-18',NULL),(373,'MUELLE JUAN GRANADA',0.8100,12.00,150,1,2,0,NULL,NULL,NULL,'2025-08-18',NULL),(374,'MUELLE JUAN GRANADA',0.8100,12.00,149,1,2,0,NULL,NULL,NULL,'2025-08-18',NULL),(375,'MUELLE CABO VIRGENES',0.8100,12.00,108,1,2,0,NULL,NULL,NULL,'2025-08-18',NULL),(376,'MUELLE CABO VIRGENES',0.8100,10.00,110,1,2,0,NULL,NULL,NULL,'2025-08-18',NULL),(377,'MUELLE NUEVO',0.8100,10.00,67,1,2,0,NULL,NULL,NULL,'2025-08-18',NULL),(378,' ',820.0000,15.00,157,1,2,0,NULL,NULL,NULL,'2025-08-18',NULL),(379,'MUELLE JUAN GRANADA',0.8150,11.00,148,1,2,0,NULL,NULL,NULL,'2025-08-18',NULL),(380,'MUELLE JUAN GRANADA',0.8150,11.00,151,1,2,0,NULL,NULL,NULL,'2025-08-18',NULL),(381,'MUELLE CABO VIRGENES',0.8150,10.00,110,1,2,0,NULL,NULL,NULL,'2025-08-18',NULL),(382,'MUELLE CABO VIRGENES',0.8150,10.00,108,1,2,0,NULL,NULL,NULL,'2025-08-18',NULL),(383,'MUELLE CABO VIRGENES',0.8150,10.00,67,1,2,0,NULL,NULL,NULL,'2025-08-18',NULL),(384,'MUELLE JUAN GRANADA',0.8100,10.00,149,1,2,0,NULL,NULL,NULL,'2025-08-18',NULL),(385,'MUELLE JUAN GRANADA',0.8100,10.00,149,1,2,0,NULL,NULL,NULL,'2025-08-18',NULL),(386,' ',0.8100,12.00,154,1,4,1,'H',2971,NULL,'2025-08-18',NULL),(387,' ',0.8100,12.00,155,1,4,1,'X',2972,NULL,'2025-08-18',NULL),(388,'MUELLE CABO VIRGENES',0.8150,12.00,110,1,2,0,NULL,NULL,NULL,'2025-08-18',NULL),(389,' ',0.8100,10.00,148,1,2,0,NULL,NULL,NULL,'2025-08-18',NULL),(390,'MUELLE CABO VIRGENES',0.8150,12.00,67,1,2,0,NULL,NULL,NULL,'2025-08-18',NULL),(391,'MUELLE JUAN GRANADA',0.8150,12.00,150,1,2,0,NULL,NULL,NULL,'2025-08-18',NULL),(392,'MUELLE CABO VIRGENES',0.8150,11.00,110,1,2,0,NULL,NULL,NULL,'2025-08-18',NULL),(393,'MUELLE JUAN GRANADA',0.8150,11.00,149,1,2,0,NULL,NULL,NULL,'2025-08-18',NULL),(394,'MUELLE JUAN GRANADA',0.8150,11.00,108,1,2,0,NULL,NULL,NULL,'2025-08-18',NULL),(395,'MUELLE JUAN GRANADA',0.8100,10.00,107,1,2,0,NULL,NULL,NULL,'2025-08-18',NULL),(396,' ',0.8050,15.00,156,1,2,0,NULL,NULL,NULL,'2025-08-18',NULL),(397,'MUELLE JUAN GRANADA',0.8100,12.00,110,1,2,0,NULL,NULL,NULL,'2025-08-18',NULL),(398,'MUELLE CABO VIRGENES',0.8150,11.00,67,1,2,0,NULL,NULL,NULL,'2025-08-18',NULL),(399,'MUELLE JUAN GRANADA',0.8150,11.00,149,1,2,0,NULL,NULL,NULL,'2025-08-18',NULL),(400,'MUELLE CABO VIRGENES',0.8150,11.00,108,1,2,0,NULL,NULL,NULL,'2025-08-18',NULL),(401,'MUELLE JUAN GRANADA',0.8100,12.00,150,1,2,0,NULL,NULL,NULL,'2025-08-18',NULL),(402,'MUELLE JUAN GRANADA',0.8100,12.00,148,1,2,0,NULL,NULL,NULL,'2025-08-18',NULL),(403,'MUELLE CABO VIRGENES',0.8100,12.00,110,1,2,0,NULL,NULL,NULL,'2025-08-18',NULL),(404,'MUELLE CABO VIRGENES',0.8100,12.00,67,1,2,0,NULL,NULL,NULL,'2025-08-18',NULL),(405,'MUELLE JUAN GRANADA',0.8150,13.00,150,1,2,0,NULL,NULL,NULL,'2025-08-18',NULL),(406,'MUELLE JUAN GRANADA',0.8150,12.00,110,1,2,0,NULL,NULL,NULL,'2025-08-18',NULL),(407,'MUELLE CABO VIRGENES',0.8150,12.00,108,1,2,0,NULL,NULL,NULL,'2025-08-18',NULL),(408,'MUELLE JUAN GRANADA',0.8100,12.00,148,1,2,0,NULL,NULL,NULL,'2025-08-18',NULL),(409,'MUELLE JUAN GRANADA',0.8150,15.00,149,1,2,0,NULL,NULL,NULL,'2025-08-18',NULL),(410,'MUELLE JUAN GRANADA',0.8100,14.00,67,1,2,0,NULL,NULL,NULL,'2025-08-18',NULL),(411,' ',8.1500,15.00,156,2,2,0,NULL,NULL,NULL,'2025-08-18',NULL),(412,' ',807.0000,15.00,120,1,4,0,NULL,NULL,NULL,'2025-08-18',NULL),(413,'MUELLE CABO VIRGENES',0.8150,11.00,110,1,2,0,NULL,NULL,NULL,'2025-08-18',NULL),(414,'MUELLE CABO VIRGENES',0.8150,11.00,108,1,2,0,NULL,NULL,NULL,'2025-08-18',NULL),(415,' ',0.8100,15.00,158,1,4,1,'A',3117,NULL,'2025-08-18',NULL),(416,'MUELLE JUAN GRANADA',0.8150,11.00,107,1,2,0,NULL,NULL,NULL,'2025-08-18',NULL),(417,'MUELLE JUAN GRANADA',0.8150,11.00,150,1,2,0,NULL,NULL,NULL,'2025-08-18',NULL),(418,' ',810.0000,15.00,159,1,4,1,'B',3118,NULL,'2025-08-18',NULL),(419,'1',0.8100,15.00,160,1,4,1,'C',3119,NULL,'2025-08-18',NULL),(420,' ',0.8100,15.00,160,1,4,1,'C',3119,NULL,'2025-08-18',NULL),(421,'MUELLE NUEVO',0.8100,14.00,67,1,2,0,NULL,NULL,NULL,'2025-08-18',NULL),(422,'MUELLE NUEVO',0.8100,14.00,67,1,2,0,NULL,NULL,NULL,'2025-08-18',NULL),(423,'MUELLE JUAN GRANADA',0.8100,14.00,110,1,2,0,NULL,NULL,NULL,'2025-08-18',NULL),(424,'MUELLE JUAN GRANADA',0.8100,14.00,108,1,2,0,NULL,NULL,NULL,'2025-08-18',NULL),(425,'MUELLE JUAN GRANADA',0.8100,14.00,149,1,2,0,NULL,NULL,NULL,'2025-08-18',NULL),(426,' ',810.0000,15.00,156,2,2,0,NULL,NULL,NULL,'2025-08-18',NULL),(427,'MUELLE JUAN GRANADA',0.8100,15.00,67,1,2,0,NULL,NULL,NULL,'2025-08-18',NULL),(428,'MUELLE JUAN GRANADA',0.8150,14.00,110,1,2,0,NULL,NULL,NULL,'2025-08-18',NULL),(429,'MUELLE JUAN GRANADA',0.8100,14.00,149,1,2,0,NULL,NULL,NULL,'2025-08-18',NULL),(430,'MUELLE JUAN GRANADA',0.8100,14.00,150,1,2,0,NULL,NULL,NULL,'2025-08-18',NULL),(431,'MUELLE JUAN GRANADA',0.8100,14.00,107,1,2,0,NULL,NULL,NULL,'2025-08-18',NULL),(432,'MUELLE JUAN GRANADA',0.8100,14.00,110,1,2,0,NULL,NULL,NULL,'2025-08-18',NULL),(433,'MUELLE JUAN GRANADA',0.8100,14.00,67,1,2,0,NULL,NULL,NULL,'2025-08-18',NULL),(434,'MUELLE JUAN GRANADA',0.8100,14.00,108,1,2,0,NULL,NULL,NULL,'2025-08-18',NULL),(435,'MUELLE JUAN GRANADA',0.8100,14.00,148,1,2,0,NULL,NULL,NULL,'2025-08-18',NULL),(436,'MUELLE JUAN GRANADA',0.8100,12.00,110,1,2,0,NULL,NULL,NULL,'2025-08-18',NULL),(437,'MUELLE JUAN GRANADA',0.8100,15.00,67,1,2,0,NULL,NULL,NULL,'2025-08-18',NULL),(438,'MUELLE JUAN GRANADA',0.8100,15.00,108,1,2,0,NULL,NULL,NULL,'2025-08-18',NULL),(439,'MUELLE CABO VIRGENES',0.8100,15.00,151,1,2,0,NULL,NULL,NULL,'2025-08-18',NULL),(440,'MUELLE CABO VIRGENES',0.8100,15.00,150,1,2,0,NULL,NULL,NULL,'2025-08-18',NULL),(441,'MUELLE JUAN GRANADA',0.8100,15.00,110,1,2,0,NULL,NULL,NULL,'2025-08-18',NULL),(442,'MUELLE JUAN GRANADA',0.8100,12.00,67,1,2,0,NULL,NULL,NULL,'2025-08-18',NULL),(443,'MUELLE JUAN GRANADA',0.8100,12.00,108,1,2,0,NULL,NULL,NULL,'2025-08-18',NULL),(444,'MUELLE JUAN GRANADA',0.8100,12.00,148,1,2,0,NULL,NULL,NULL,'2025-08-18',NULL),(445,'MUELLE JUAN GRANADA',0.8100,12.00,110,1,2,0,NULL,NULL,NULL,'2025-08-18',NULL),(446,'MUELLE JUAN GRANADA',0.8100,12.00,67,1,2,0,NULL,NULL,NULL,'2025-08-18',NULL),(447,'MUELLE JUAN GRANADA',0.8100,12.00,149,1,2,0,NULL,NULL,NULL,'2025-08-18',NULL),(448,'MUELLE JUAN GRANADA',0.8100,12.00,108,1,2,0,NULL,NULL,NULL,'2025-08-18',NULL),(449,'MUELLE JUAN GRANADA',0.8100,14.00,110,1,2,0,NULL,NULL,NULL,'2025-08-18',NULL),(451,'MUELLE JUAN GRANADA',0.8100,14.00,107,1,2,0,NULL,NULL,NULL,'2025-08-18',NULL),(452,'3',0.8100,15.00,115,1,1,1,'W',54,NULL,'2025-08-18',NULL),(453,'2',0.8100,15.00,158,1,1,1,'A',55,NULL,'2025-08-18',NULL),(454,'MUELLE JUAN GRANADA',0.8100,14.00,110,1,2,0,NULL,NULL,NULL,'2025-08-18',NULL),(455,'MUELLE CABO VIRGENES',0.8100,14.00,67,1,2,0,NULL,NULL,NULL,'2025-08-18',NULL),(456,'MUELLE CABO VIRGENES',0.8100,14.00,108,1,2,0,NULL,NULL,NULL,'2025-08-18',NULL),(457,'6',0.8100,15.00,160,1,1,0,'V',44,NULL,'2025-08-18',NULL),(458,'MUELLE JUAN GRANADA',0.8100,12.00,149,1,2,0,NULL,NULL,NULL,'2025-08-18',NULL),(459,'MUELLE JUAN GRANADA',0.8100,12.00,150,1,2,0,NULL,NULL,NULL,'2025-08-18',NULL),(460,'5',0.8100,15.00,161,1,1,1,'U',43,NULL,'2025-08-18',NULL),(461,'MUELLE CABO VIRGENES',0.8100,12.00,148,1,2,0,NULL,NULL,NULL,'2025-08-18',NULL),(462,'2',0.8100,15.00,155,1,1,1,'B',47,NULL,'2025-08-18',NULL),(463,'MUELLE JUAN GRANADA',0.8100,12.00,110,1,2,0,NULL,NULL,NULL,'2025-08-18',NULL),(464,'5',0.8100,15.00,154,1,1,1,'C',48,NULL,'2025-08-18',NULL),(465,'MUELLE JUAN GRANADA',0.8100,12.00,67,1,2,0,NULL,NULL,NULL,'2025-08-18',NULL),(466,'MUELLE JUAN GRANADA',0.8100,12.00,108,1,2,0,NULL,NULL,NULL,'2025-08-18',NULL),(467,'6',0.8100,15.00,73,1,1,1,'D',58,NULL,'2025-08-18',NULL),(468,'6',0.8100,15.00,73,1,1,1,'D',58,NULL,'2025-08-18',NULL),(469,'MUELLE JUAN GRANADA',0.8100,12.00,110,1,2,0,NULL,NULL,NULL,'2025-08-18',NULL),(470,'MUELLE JUAN GRANADA',0.8100,14.00,149,1,2,0,NULL,NULL,NULL,'2025-08-18',NULL),(471,'MUELLE JUAN GRANADA',0.8100,14.00,148,1,2,0,NULL,NULL,NULL,'2025-08-18',NULL),(472,'MUELLE JUAN GRANADA',0.8100,14.00,107,1,2,0,NULL,NULL,NULL,'2025-08-18',NULL),(473,'MUELLE JUAN GRANADA',0.8100,15.00,67,1,2,0,NULL,NULL,NULL,'2025-08-18',NULL),(474,'MUELLE JUAN GRANADA',0.8100,15.00,108,1,2,0,NULL,NULL,NULL,'2025-08-18',NULL),(475,'MUELLE JUAN GRANADA',0.8100,12.00,150,1,2,0,NULL,NULL,NULL,'2025-08-18',NULL),(476,'MUELLE JUAN GRANADA',0.8100,12.00,110,1,2,0,NULL,NULL,NULL,'2025-08-18',NULL),(477,'MUELLE JUAN GRANADA',0.8100,14.00,67,1,2,0,NULL,NULL,NULL,'2025-08-18',NULL),(478,'MUELLE JUAN GRANADA',0.8100,12.00,107,1,2,0,NULL,NULL,NULL,'2025-08-18',NULL),(479,'MUELLE CABO VIRGENES',0.8100,12.00,108,1,2,0,NULL,NULL,NULL,'2025-08-18',NULL),(480,'MUELLE JUAN GRANADA',0.8150,14.00,148,1,2,0,NULL,NULL,NULL,'2025-08-18',NULL),(481,'MUELLE JUAN GRANADA',0.8150,14.00,150,1,2,0,NULL,NULL,NULL,'2025-08-18',NULL),(482,'MUELLE JUAN GRANADA',0.8150,14.00,149,1,2,0,NULL,NULL,NULL,'2025-08-18',NULL),(483,'2',0.8100,12.00,39,1,1,1,'C',93,NULL,'2025-08-18',NULL),(484,'MUELLE JUAN GRANADA',0.8100,14.00,110,1,2,0,NULL,NULL,NULL,'2025-08-18',NULL),(485,'MUELLE JUAN GRANADA',0.8100,14.00,67,1,2,0,NULL,NULL,NULL,'2025-08-18',NULL),(486,'MUELLE JUAN GRANADA',0.8100,14.00,108,1,2,0,NULL,NULL,NULL,'2025-08-18',NULL),(487,'MUELLE JUAN GRANADA',0.8100,14.00,110,1,2,0,NULL,NULL,NULL,'2025-08-18',NULL),(488,'MUELLE JUAN GRANADA',0.8000,14.00,149,1,2,0,NULL,NULL,NULL,'2025-08-18',NULL),(489,'MUELLE JUAN GRANADA',0.8100,14.00,151,1,2,0,NULL,NULL,NULL,'2025-08-18',NULL),(490,'MUELLE JUAN GRANADA',0.8100,14.00,67,1,2,0,NULL,NULL,NULL,'2025-08-18',NULL),(491,'6',0.8100,12.00,155,1,1,1,'X',99,NULL,'2025-08-18',NULL),(492,'1',0.8100,15.00,1,1,3,0,NULL,NULL,NULL,'2025-08-18',NULL),(493,' ',0.8100,12.00,162,1,8,1,'M',32,NULL,'2025-08-18',NULL),(494,'MUELLE JUAN GRANADA',0.8100,13.00,108,1,2,0,NULL,NULL,NULL,'2025-08-18',NULL),(495,'MUELLE JUAN GRANADA',0.8100,13.00,110,1,2,0,NULL,NULL,NULL,'2025-08-18',NULL),(496,'MUELLE JUAN GRANADA',0.8100,12.00,148,1,2,0,NULL,NULL,NULL,'2025-08-18',NULL),(497,'6',0.8100,15.00,163,1,1,1,'U',115,NULL,'2025-08-18',NULL),(498,'3',0.8100,15.00,158,1,1,1,'R',112,NULL,'2025-08-18',NULL),(499,'MUELLE JUAN GRANADA',0.8100,13.00,110,1,2,0,NULL,NULL,NULL,'2025-08-18',NULL),(500,'MUELLE JUAN GRANADA',0.8100,12.00,108,1,2,0,NULL,NULL,NULL,'2025-08-18',NULL),(501,'MUELLE CABO VIRGENES',0.8100,12.00,67,1,2,0,NULL,NULL,NULL,'2025-08-18',NULL),(502,'MUELLE JUAN GRANADA',0.8100,12.00,107,1,2,0,NULL,NULL,NULL,'2025-08-18',NULL),(503,'MUELLE JUAN GRANADA',0.8100,12.00,149,1,2,0,NULL,NULL,NULL,'2025-08-18',NULL),(504,'6',0.8100,13.00,154,1,1,0,'U',124,NULL,'2025-08-18',NULL),(505,'MUELLE JUAN GRANADA',0.8100,12.00,149,1,2,0,NULL,NULL,NULL,'2025-08-18',NULL),(506,'MUELLE JUAN GRANADA',0.8100,14.00,149,1,2,0,NULL,NULL,NULL,'2025-08-18',NULL),(507,'MUELLE JUAN GRANADA',0.8100,14.00,110,1,2,0,NULL,NULL,NULL,'2025-08-18',NULL),(508,' ',0.8100,12.00,99,1,1,1,'T',141,NULL,'2025-08-18',NULL),(509,'MUELLE JUAN GRANADA',0.8080,14.00,110,1,2,0,NULL,NULL,NULL,'2025-08-18',NULL),(510,'MUELLE JUAN GRANADA',0.8100,12.00,108,1,2,0,NULL,NULL,NULL,'2025-08-18',NULL),(511,'6',0.8100,12.00,167,1,1,1,'A',163,NULL,'2025-08-18',NULL),(512,'6',0.8100,12.00,164,1,1,1,'B',164,NULL,'2025-08-18',NULL),(513,'6',0.8100,12.00,165,1,1,1,'C',165,NULL,'2025-08-18',NULL),(514,'6',0.8100,12.00,166,1,1,1,'D',166,NULL,'2025-08-18',NULL),(515,'2',0.8100,12.00,39,1,1,1,'W',162,NULL,'2025-08-18',NULL),(516,'2',0.8100,12.00,39,1,1,1,'W',162,NULL,'2025-08-18',NULL),(517,'MUELLE JUAN GRANADA',0.8100,12.00,108,1,2,0,NULL,NULL,NULL,'2025-08-18',NULL),(518,'MUELLE JUAN GRANADA',0.8100,12.00,67,1,2,0,NULL,NULL,NULL,'2025-08-18',NULL),(519,' ',0.8100,9.00,162,1,8,1,'Z',45,NULL,'2025-08-18',NULL),(520,'MUELLE JUAN GRANADA',0.8100,12.00,107,1,2,0,NULL,NULL,NULL,'2025-08-18',NULL),(521,'6',0.8100,12.00,164,1,1,1,'C',183,NULL,'2025-08-18',NULL),(522,' ',0.8100,12.00,165,1,1,1,'D',184,NULL,'2025-08-18',NULL),(523,'6',0.8100,12.00,166,1,1,1,'E',185,NULL,'2025-08-18',NULL),(524,' ',0.8100,12.00,168,1,1,1,'F',186,NULL,'2025-08-18',NULL),(525,' ',0.8100,12.00,167,1,1,1,'B',182,NULL,'2025-08-18',NULL),(526,'MUELLE NUEVO',0.8100,11.00,106,1,2,0,NULL,NULL,NULL,'2025-08-18',NULL),(527,' ',0.8080,6.00,169,1,5,1,'z',38,'03-40033','2025-08-18',NULL),(528,' ',0.8100,6.00,152,1,8,0,NULL,NULL,NULL,'2025-08-18',NULL),(529,' ',0.8100,5.00,99,1,9,1,NULL,NULL,NULL,'2025-08-18',NULL),(531,'6',0.8100,6.00,166,1,1,1,'H',188,NULL,'2025-08-18',NULL),(532,'6',0.8100,5.00,164,1,1,0,'G',187,NULL,'2025-08-18',NULL),(533,'6',0.8100,5.00,167,1,1,0,'B',191,NULL,'2025-08-18',NULL),(534,'6',0.8100,5.00,165,1,1,0,'A',190,NULL,'2025-08-18',NULL),(535,'6',0.8100,5.00,168,1,1,0,'X',189,NULL,'2025-08-18',NULL),(537,' ',0.8100,6.00,170,1,5,1,'M',43,'1-64105','2025-08-18',NULL),(538,' ',0.8100,5.00,39,1,1,1,'C',219,NULL,'2025-08-18',NULL),(539,' ',0.8100,15.00,68,1,11,0,NULL,NULL,NULL,'2025-08-18',NULL),(540,' ',0.8100,15.00,95,1,11,0,NULL,NULL,NULL,'2025-08-18',NULL),(541,' ',0.8100,15.00,93,1,11,0,NULL,NULL,NULL,'2025-08-18',NULL),(542,'1',0.8100,4.00,39,1,1,1,'C',219,NULL,'2025-08-18',NULL),(543,'5',0.8100,4.00,171,1,1,1,'B',218,NULL,'2025-08-18',NULL),(544,'5',0.8100,5.00,172,1,1,1,'U',223,NULL,'2025-08-18',NULL),(546,'5',0.8100,5.00,172,1,1,0,'U',223,NULL,'2025-08-18',NULL),(547,' ',0.8110,5.00,17,1,11,0,NULL,NULL,NULL,'2025-08-18',NULL),(548,' ',0.8110,5.00,70,1,11,0,NULL,NULL,NULL,'2025-08-18',NULL),(549,' ',0.8110,5.00,54,1,11,0,NULL,NULL,NULL,'2025-08-18',NULL),(550,' ',0.8110,5.00,16,1,11,0,NULL,NULL,NULL,'2025-08-18',NULL),(551,' ',0.8110,5.00,105,1,11,0,NULL,NULL,NULL,'2025-08-18',NULL),(552,' ',0.8110,5.00,46,1,11,0,NULL,NULL,NULL,'2025-08-18',NULL),(553,'6',0.8100,5.00,164,1,1,1,'C',228,'DJ 561','2025-08-18',NULL),(554,'6',0.8100,5.00,165,1,1,1,'D',229,'DJ 560','2025-08-18',NULL),(555,'6',0.8100,5.00,168,1,1,1,'T',231,'DJ 562','2025-08-18',NULL),(556,'6',0.8100,5.00,167,1,1,1,'U',232,'D.J. 1727','2025-08-18',NULL),(557,'6',0.8100,5.00,166,1,1,1,'S',230,'D.J. 563','2025-08-18',NULL),(558,' ',0.8100,5.00,119,1,5,1,'Z',47,'1-64168','2025-08-18',NULL),(559,' ',0.8100,5.00,106,1,2,0,NULL,NULL,NULL,'2025-08-18',NULL),(560,'5',0.8100,4.00,173,1,1,1,'U',250,NULL,'2025-08-18',NULL),(561,'6',0.8100,5.00,174,1,1,1,'A',253,NULL,'2025-08-18',NULL),(562,' ',0.8100,5.00,157,1,6,0,NULL,NULL,NULL,'2025-08-18',NULL),(563,' ',0.8100,4.00,152,1,10,0,NULL,NULL,NULL,'2025-08-18',NULL),(565,'3',0.8100,4.00,169,1,1,1,'E',257,'03-40333','2025-08-18',NULL),(566,'6',0.8100,4.00,165,1,1,1,'W',243,NULL,'2025-08-18',NULL),(567,'6',0.8100,4.00,166,1,1,1,'A',244,NULL,'2025-08-18',NULL),(568,'6',0.8100,4.00,164,1,1,1,'B',245,NULL,'2025-08-18',NULL),(569,'6',0.8100,4.00,167,1,1,1,'V',242,NULL,'2025-08-18',NULL),(570,'5',0.8100,5.00,174,1,1,1,'D',274,NULL,'2025-08-18',NULL),(571,'MUELLE NUEVO',0.8100,5.00,106,1,2,0,NULL,NULL,NULL,'2025-08-18',NULL),(572,' ',0.8100,4.00,39,1,1,1,'F',276,NULL,'2025-08-18',NULL),(574,'6',0.8100,4.00,174,1,1,1,NULL,NULL,NULL,'2025-08-18',NULL),(576,' ',0.8100,15.00,122,1,5,1,'R',57,'1-64492','2025-08-18',NULL),(577,' ',0.8100,4.00,174,1,1,1,'J',298,NULL,'2025-08-18',NULL),(578,' ',0.8100,15.00,132,1,5,1,'S',58,'1-64511','2025-08-18',NULL),(579,' ',0.8100,2.00,175,1,9,1,NULL,NULL,'1-64544','2025-08-18',NULL),(580,' ',0.8100,15.00,123,1,5,1,'P',64,'1-64545','2025-08-18',NULL),(581,' ',0.8100,3.00,106,1,8,1,'a',1,'.','2025-08-18',NULL),(582,' ',0.8100,3.00,152,1,8,0,'.',0,NULL,'2025-08-18',NULL),(583,'3',0.8100,3.00,121,1,9,1,'G',188,'1-64628','2025-08-18',NULL),(584,' ',0.8100,3.00,106,1,8,1,'Y',106,NULL,'2025-08-18',NULL),(585,'6',0.8100,3.00,174,1,1,1,'A',307,NULL,'2025-08-18',NULL),(586,' ',0.8100,5.00,85,1,1,1,'U',313,NULL,'2025-08-18',NULL),(587,' ',0.8100,4.00,94,1,1,1,'B',317,NULL,'2025-08-18',NULL),(588,'5',0.8100,5.00,27,1,1,1,'W',324,NULL,'2025-08-18',NULL),(589,' ',0.8100,5.00,174,1,1,1,'D',328,NULL,'2025-08-18',NULL),(590,' ',0.8100,4.00,152,1,8,0,'J',110,NULL,'2025-08-18',NULL),(591,' ',0.8100,4.00,176,1,3,0,NULL,NULL,NULL,'2025-08-18',NULL),(592,' ',0.8100,4.00,106,1,8,1,NULL,NULL,NULL,'2025-08-18',NULL),(593,'6',0.8100,4.00,27,1,1,1,'T',330,NULL,'2025-08-18',NULL),(594,' ',0.8100,4.00,177,1,9,1,NULL,NULL,NULL,'2025-08-18',NULL),(595,'6',0.8100,5.00,14,1,1,1,'A',334,NULL,'2025-08-18',NULL),(596,'6',0.8100,5.00,146,1,1,1,NULL,NULL,'1441','2025-08-18',NULL),(598,'6',0.8010,5.00,27,1,1,1,NULL,NULL,NULL,'2025-08-18',NULL),(599,'6',0.8100,4.00,135,1,1,1,'B',353,NULL,'2025-08-18',NULL),(600,'6',0.8100,4.00,131,1,1,1,'A',352,NULL,'2025-08-18',NULL),(601,' ',0.8100,4.00,54,1,7,1,'B',380,NULL,'2025-08-18',NULL),(602,'6',0.8100,4.00,51,1,1,1,'H',359,NULL,'2025-08-18',NULL),(603,'MUELLE JUAN GRANADA',0.8010,4.00,22,1,2,0,NULL,NULL,NULL,'2025-08-18',NULL),(604,'MUELLE JUAN GRANADA',0.8010,4.00,52,1,2,0,NULL,NULL,NULL,'2025-08-18',NULL),(605,'6',0.8100,4.00,133,1,1,1,'C',390,NULL,'2025-08-18',NULL),(606,' ',0.8010,4.00,135,1,1,1,'H',395,NULL,'2025-08-18',NULL),(607,' ',0.8010,4.00,131,1,1,1,'W',405,NULL,'2025-08-18',NULL),(608,' ',0.8010,4.00,106,1,3,0,NULL,NULL,NULL,'2025-08-18',NULL),(609,' ',0.8010,4.00,136,1,1,1,'W',414,NULL,'2025-08-18',NULL),(610,' ',0.8010,4.00,133,1,1,1,'E',428,NULL,'2025-08-18',NULL),(611,' ',0.8010,4.00,135,1,1,1,'C',111,NULL,'2025-08-18',NULL),(612,' ',0.8010,4.00,131,1,1,1,'C',111,NULL,'2025-08-18',NULL),(613,'MUELLE NUEVO',0.8010,4.00,148,1,2,0,NULL,NULL,NULL,'2025-08-18',NULL),(614,'MUELLE JUAN GRANADA',0.8010,4.00,22,1,2,0,NULL,NULL,NULL,'2025-08-18',NULL),(615,' ',0.8010,4.00,152,1,8,1,'.',0,NULL,'2025-08-18',NULL),(616,' ',0.8010,4.00,52,1,2,0,NULL,NULL,NULL,'2025-08-18',NULL),(617,'6',0.8010,4.00,133,1,1,1,'C',0,NULL,'2025-08-18',NULL),(618,'MUELLE NUEVO',0.8010,4.00,106,1,2,0,NULL,NULL,NULL,'2025-08-18',NULL),(619,'MUELLE JUAN GRANADA',0.8010,4.00,149,1,2,0,NULL,NULL,NULL,'2025-08-18',NULL),(620,'MUELLE JUAN GRANADA',0.8010,4.00,107,1,2,0,NULL,NULL,NULL,'2025-08-18',NULL),(621,' ',0.8010,4.00,136,1,1,1,'U',520,NULL,'2025-08-18',NULL),(622,' ',0.8010,4.00,131,1,1,1,'V',521,NULL,'2025-08-18',NULL),(623,'6',0.8010,7.00,135,1,1,1,'G',529,NULL,'2025-08-18',NULL),(624,'MUELLE JUAN GRANADA',0.8010,6.00,148,1,2,0,NULL,NULL,NULL,'2025-08-18',NULL),(625,'2',0.8100,5.00,68,1,1,1,'F',546,NULL,'2025-08-18',NULL),(626,' ',0.8100,5.00,46,1,1,1,'G',547,NULL,'2025-08-18','10:00:00.000000'),(627,' ',0.8100,5.00,133,1,1,1,'E',572,NULL,'2025-08-19',NULL),(628,'2',0.8100,5.00,17,1,1,1,'F',564,NULL,'2025-08-19',NULL),(629,' ',0.8100,5.00,146,1,1,1,'G',565,'1501','2025-08-19',NULL),(630,' ',0.8100,5.00,51,1,1,1,'E',581,NULL,'2025-08-20',NULL),(631,' ',0.8100,5.00,131,1,1,1,'0',0,NULL,'2025-08-19',NULL),(632,' ',0.8100,5.00,16,1,1,1,'E',563,NULL,'2025-08-19',NULL),(633,' ',0.8100,5.00,95,1,1,1,'D',562,NULL,'2025-08-20',NULL),(635,' ',0.8100,5.00,124,1,1,1,'0',0,NULL,'2025-08-20',NULL),(636,' ',0.8100,5.00,136,1,1,1,'0',0,NULL,'2025-08-20',NULL),(637,' ',0.8100,5.00,106,1,2,0,NULL,NULL,NULL,'2025-08-20',NULL),(638,' ',0.8100,5.00,22,1,2,0,NULL,NULL,NULL,'2025-08-20',NULL),(639,' ',0.8010,5.00,135,1,1,1,'G',619,NULL,'2025-08-21',NULL),(640,'MUELLE JUAN GRANADA',0.8100,5.00,52,1,2,0,NULL,NULL,NULL,'2025-08-21',NULL),(641,' ',0.8100,5.00,33,1,1,1,'0',0,NULL,'2025-08-21',NULL),(642,' ',0.8100,5.00,122,1,1,1,'X',567,NULL,'2025-08-22',NULL),(643,' ',0.8100,5.00,134,1,1,1,'F',618,NULL,'2025-08-22',NULL),(644,' ',0.8100,5.00,133,1,1,1,'X',666,NULL,'2025-08-23',NULL),(645,' ',0.8100,5.00,131,1,1,1,'L',669,NULL,'2025-08-23',NULL),(646,' ',0.8100,5.00,178,1,7,1,'D',661,'1-65130','2025-08-25',NULL),(647,' ',0.8100,5.00,135,1,1,1,'K',668,NULL,'2025-08-24',NULL),(648,' ',0.8100,5.00,136,1,1,1,'J',667,NULL,'2025-08-24',NULL),(649,'MUELLE JUAN GRANADA',0.8100,5.00,149,1,2,0,NULL,NULL,NULL,'2025-08-24',NULL),(650,'MUELLE JUAN GRANADA',0.8100,5.00,107,1,2,0,NULL,NULL,NULL,'2025-08-24',NULL),(651,' ',0.8100,5.00,152,1,8,1,'1',123,NULL,'2025-08-25',NULL),(652,'MUELLE CABO VIRGENES',0.8010,5.00,110,1,2,0,NULL,NULL,NULL,'2025-08-24','16:00:00.000000'),(653,' ',0.8100,5.00,54,1,1,1,'X',693,NULL,'2025-08-26',NULL),(654,'MUELLE NUEVO',0.8100,5.00,148,1,2,0,NULL,NULL,NULL,'2025-08-26',NULL),(655,' ',0.8100,5.00,110,1,2,0,NULL,NULL,NULL,'2025-08-26',NULL),(656,' ',0.8100,5.00,133,1,1,1,'E',716,NULL,'2025-08-27','06:00:00.000000'),(657,' ',0.8100,5.00,131,1,1,1,'G',718,NULL,'2025-08-27','07:00:00.000000'),(658,' ',0.8100,5.00,136,1,1,1,'D',715,NULL,'2025-08-27','07:30:00.000000'),(659,' ',0.8010,5.00,22,1,2,0,NULL,NULL,NULL,'2025-08-27',NULL),(660,'MUELLE JUAN GRANADA',0.8010,6.00,149,1,2,0,NULL,NULL,NULL,'2025-08-28','09:30:00.000000'),(661,' ',0.8010,5.00,124,1,1,1,'E',752,NULL,'2025-08-28',NULL),(662,' ',0.8010,5.00,135,1,1,1,'C',714,NULL,'2025-08-29',NULL),(663,'MUELLE JUAN GRANADA',0.8010,4.00,110,1,2,0,NULL,NULL,NULL,'2025-08-29','11:00:00.000000'),(664,'5',0.8010,5.00,93,1,7,1,'H',755,NULL,'2025-08-30',NULL),(665,'6',0.8010,5.00,131,1,1,1,NULL,1,NULL,'2025-08-30',NULL),(666,'6',0.8010,5.00,133,1,1,1,NULL,NULL,NULL,'2025-08-30',NULL),(667,' ',0.8010,5.00,136,1,1,1,'i',0,NULL,'2025-08-30',NULL),(668,' ',0.8010,5.00,52,1,2,0,NULL,NULL,NULL,'2025-08-30','11:00:00.000000'),(669,' ',0.8010,4.00,107,1,2,0,NULL,NULL,NULL,'2025-08-30',NULL),(670,' ',0.8010,5.00,106,1,2,0,NULL,NULL,NULL,'2025-08-30',NULL),(671,' ',0.8010,5.00,17,1,7,1,'K',848,NULL,'2025-09-01',NULL),(672,'2',0.8010,5.00,121,1,1,1,'F',852,'1-65258','2025-09-02',NULL),(673,'3',0.8010,5.00,138,1,1,1,'E',851,'1-65259','2025-09-02',NULL),(674,' ',0.8010,5.00,133,1,1,1,'X',864,NULL,'2025-09-02',NULL),(675,' ',0.8010,5.00,135,1,1,1,'J',865,NULL,'2025-09-02',NULL),(676,' ',0.8010,5.00,131,1,1,1,'L',867,NULL,'2025-09-02',NULL),(677,'MUELLE CABO VIRGENES',0.8100,5.00,22,1,2,0,NULL,NULL,NULL,'2025-09-03','06:30:00.000000'),(678,' ',0.8010,5.00,33,1,1,1,'N',887,NULL,'2025-09-03',NULL),(679,' ',0.8010,5.00,136,1,1,1,'H',863,NULL,'2025-09-03',NULL),(680,'MUELLE CABO VIRGENES',0.8010,5.00,51,1,2,0,NULL,NULL,NULL,'2025-09-03','19:00:00.000000'),(681,'MUELLE CABO VIRGENES',0.8010,5.00,110,1,2,0,NULL,NULL,NULL,'2025-09-04',NULL),(682,'MUELLE JUAN GRANADA',0.8010,5.00,149,1,2,0,NULL,NULL,NULL,'2025-09-04',NULL),(683,'MUELLE NUEVO',0.8010,5.00,148,1,2,0,NULL,NULL,NULL,'2025-09-04',NULL),(684,'MUELLE JUAN GRANADA',0.8010,5.00,107,1,2,0,NULL,NULL,NULL,'2025-09-04','14:00:00.000000'),(685,'MUELLE NUEVO',0.8010,5.00,106,1,2,0,NULL,NULL,NULL,'2025-09-04','14:00:00.000000'),(686,'MUELLE JUAN GRANADA',0.8010,5.00,150,1,2,0,NULL,NULL,NULL,'2025-09-05',NULL),(687,'MUELLE CABO VIRGENES',0.8010,5.00,110,1,2,0,NULL,NULL,NULL,'2025-09-06','11:00:00.000000'),(688,'MUELLE JUAN GRANADA',0.8010,5.00,52,1,2,0,NULL,NULL,NULL,'2025-09-07',NULL),(689,'MUELLE NUEVO',0.8010,5.00,106,1,2,0,NULL,NULL,NULL,'2025-09-08',NULL),(690,'MUELLE CABO VIRGENES',0.8010,4.00,110,1,2,0,NULL,NULL,NULL,'2025-09-09',NULL),(691,' ',0.8010,5.00,107,1,2,0,NULL,NULL,NULL,'2025-09-09',NULL),(692,'MUELLE JUAN GRANADA',0.8010,5.00,149,1,2,0,NULL,NULL,NULL,'2025-09-09',NULL),(693,' ',0.8010,5.00,22,1,2,0,NULL,NULL,NULL,'2025-09-09',NULL),(694,'4',0.8010,5.00,33,1,1,0,'X',0,NULL,'2025-09-09',NULL),(695,' ',0.8010,5.00,105,1,7,1,'B',1019,NULL,'2025-09-11',NULL),(696,'MUELLE CABO VIRGENES',0.8010,5.00,52,1,2,0,NULL,NULL,NULL,'2025-09-11',NULL),(697,'MUELLE JUAN GRANADA',0.8010,7.00,51,1,2,0,NULL,NULL,NULL,'2025-09-12',NULL),(698,'MUELLE JUAN GRANADA',0.8010,7.00,148,1,2,0,NULL,NULL,NULL,'2025-09-13','09:00:00.000000'),(699,'MUELLE NUEVO',0.8010,7.00,106,1,2,0,NULL,NULL,NULL,'2025-09-13','09:30:00.000000'),(700,'MUELLE JUAN GRANADA',0.8010,7.00,107,1,2,0,NULL,NULL,NULL,'2025-09-12','10:00:00.000000'),(701,'MUELLE JUAN GRANADA',0.8010,5.00,149,1,2,0,NULL,NULL,NULL,'2025-09-16','10:00:00.000000'),(702,'MUELLE JUAN GRANADA',0.8010,6.00,110,1,2,0,NULL,NULL,NULL,'2025-09-16','09:00:00.000000'),(703,'MUELLE CABO VIRGENES',0.8100,6.00,22,1,2,0,NULL,NULL,NULL,'2025-09-17','04:00:00.000000'),(704,'MUELLE JUAN GRANADA 3',0.8100,5.00,110,1,2,0,NULL,NULL,NULL,'2025-09-18','03:00:00.000000'),(705,'MUELLE NUEVO',0.8100,4.00,106,1,2,0,NULL,NULL,NULL,'2025-09-18','14:00:00.000000'),(706,'6',0.8100,4.00,107,1,2,0,NULL,NULL,NULL,'2025-09-18','14:00:00.000000'),(707,'MUELLE NUEVO',0.8010,5.00,148,1,2,0,NULL,NULL,NULL,'2025-09-18',NULL),(708,'MUELLE JUAN GRANADA',0.8010,5.00,52,1,2,0,NULL,NULL,NULL,'2025-09-20','03:00:00.000000'),(709,'MUELLE JUAN GRANADA 3',0.8010,5.00,51,1,2,0,NULL,NULL,NULL,'2025-09-20','07:30:00.000000'),(710,'MUELLE JUAN GRANADA 3',0.8100,6.00,22,1,2,0,NULL,NULL,NULL,'2025-09-21',NULL),(711,'6',0.8010,5.00,95,1,1,1,'B',1244,NULL,'2025-09-26','10:30:00.000000'),(712,'MUELLE JUAN GRANADA 3',0.8010,4.00,150,1,2,0,NULL,NULL,NULL,'2025-09-29','09:00:00.000000'),(713,' ',0.8010,5.00,17,1,7,1,'A',1261,NULL,'2025-10-01','12:30:00.000000'),(714,'4',0.8010,5.00,33,1,1,1,'G',1267,NULL,'2025-10-01','12:30:00.000000'),(715,' ',0.8010,5.00,68,1,1,1,'E',1283,NULL,'2025-10-07','11:00:00.000000'),(716,' ',0.8010,5.00,54,1,1,1,'F',1284,NULL,'2025-10-07','15:00:00.000000'),(717,' ',0.8010,5.00,150,1,8,0,'D',555,NULL,'2025-10-08','15:00:00.000000'),(718,' ',0.8010,5.00,93,1,1,1,'X',1287,NULL,'2025-10-08',NULL),(719,' ',0.8010,7.00,150,1,8,0,'A',0,NULL,'2025-10-21','21:00:00.000000'),(720,'MUELLE JUAN GRANADA 3',0.8010,7.00,67,1,2,0,NULL,NULL,NULL,'2025-10-27','12:00:00.000000'),(721,'MUELLE JUAN GRANADA 3',0.8010,7.00,108,1,2,0,NULL,NULL,NULL,'2025-10-28','09:00:00.000000'),(722,'MUELLE JUAN GRANADA 3',0.8010,7.00,110,1,2,0,NULL,NULL,NULL,'2025-10-29','11:00:00.000000'),(723,'MUELLE NUEVO',0.8010,7.00,107,1,2,0,NULL,NULL,NULL,'2025-11-01','16:00:00.000000'),(724,'MUELLE NUEVO',0.8010,7.00,149,1,2,0,NULL,NULL,NULL,'2025-11-01','16:00:00.000000'),(725,'MUELLE NUEVO',0.8010,7.00,150,1,2,0,NULL,NULL,NULL,'2025-11-03','15:00:00.000000'),(726,'MUELLE JUAN GRANADA 3',0.8010,5.00,110,1,2,0,NULL,NULL,NULL,'2025-11-04','03:00:00.000000'),(727,' ',0.8010,7.00,108,1,2,0,NULL,NULL,NULL,'2025-11-04','13:00:00.000000'),(731,' ',0.8100,4.00,162,1,9,1,'E',357,NULL,'2025-11-14','15:00:00.000000'),(732,' ',0.8100,4.00,28,1,9,1,'D',356,NULL,'2025-11-13','08:00:00.000000'),(733,'MUELLE NUEVO',0.8100,5.00,148,1,2,0,NULL,NULL,NULL,'2025-11-13','16:30:00.000000'),(734,'MUELLE JUAN GRANADA 3',0.8100,4.00,179,1,2,0,NULL,NULL,NULL,'2025-11-14','13:00:00.000000'),(735,'MUELLE JUAN GRANADA 3',0.8100,4.00,110,1,2,0,NULL,NULL,NULL,'2025-11-13','23:30:00.000000'),(736,'MUELLE JUAN GRANADA 3',0.8100,4.00,110,1,2,0,NULL,NULL,NULL,'2025-11-20','04:30:00.000000'),(737,' ',0.8010,15.00,106,1,8,0,'S',173,NULL,'2025-11-20','20:00:00.000000'),(738,'MUELLE JUAN GRANADA 3',0.8010,7.00,179,1,2,0,NULL,NULL,NULL,'2025-11-20',NULL),(739,'MUELLE JUAN GRANADA 3',0.8100,5.00,108,1,2,0,NULL,NULL,NULL,'2025-11-20','21:00:00.000000'),(740,'MUELLE JUAN GRANADA 3',0.8010,6.00,67,1,2,0,NULL,NULL,NULL,'2025-11-21','20:30:00.000000'),(741,'MUELLE JUAN GRANADA 3',0.8010,6.00,110,1,2,0,NULL,NULL,NULL,'2025-11-23','19:00:00.000000'),(742,'MUELLE JUAN GRANADA 3',0.8010,6.00,179,1,2,0,NULL,NULL,NULL,'2025-11-23','17:00:00.000000'),(743,'MUELLE JUAN GRANADA 3',0.8010,7.00,108,1,2,0,NULL,NULL,NULL,'2025-11-25','20:00:00.000000'),(744,'MUELLE JUAN GRANADA 3',0.8100,5.00,108,1,2,0,NULL,NULL,NULL,'2025-11-25','21:00:00.000000'),(745,'MUELLE JUAN GRANADA 3',0.8100,5.00,67,1,2,0,NULL,NULL,NULL,'2025-11-25','22:00:00.000000'),(746,'MUELLE JUAN GRANADA 3',0.8010,6.00,179,1,2,0,NULL,NULL,NULL,'2025-11-26','20:00:00.000000'),(747,'MUELLE JUAN GRANADA 3',0.8010,6.00,110,1,2,0,NULL,NULL,NULL,'2025-11-26','20:00:00.000000'),(748,'MUELLE JUAN GRANADA 3',0.8100,5.00,67,1,2,0,NULL,NULL,NULL,'2025-11-30','14:00:00.000000'),(749,'MUELLE JUAN GRANADA 3',0.8100,5.00,179,1,2,0,NULL,NULL,NULL,'2025-11-30','14:00:00.000000'),(750,'MUELLE JUAN GRANADA 3',0.8100,5.00,110,1,2,0,NULL,NULL,NULL,'2025-11-30','14:00:00.000000'),(751,'MUELLE NUEVO',0.8100,5.00,149,1,2,0,NULL,NULL,NULL,'2025-11-30','12:00:00.000000'),(752,'MUELLE NUEVO',0.8100,5.00,150,1,2,0,NULL,NULL,NULL,'2025-11-30','12:00:00.000000'),(753,'MUELLE JUAN GRANADA',0.8100,5.00,108,1,2,0,NULL,NULL,NULL,'2025-11-30','22:00:00.000000'),(754,'MUELLE NUEVO',0.8100,5.00,148,1,2,0,NULL,NULL,NULL,'2025-12-01','19:00:00.000000'),(755,'MUELLE JUAN GRANADA 3',0.8100,5.00,108,1,2,0,NULL,NULL,NULL,'2025-12-03','00:00:00.000000'),(756,'MUELLE NUEVO',0.8010,7.00,107,1,2,0,NULL,NULL,NULL,'2025-12-03','23:00:00.000000'),(757,'MUELLE JUAN GRANADA 3',0.8100,5.00,179,1,2,0,NULL,NULL,NULL,'2025-12-03','23:30:00.000000'),(758,'MUELLE JUAN GRANADA 3',0.8100,5.00,180,1,2,0,NULL,NULL,NULL,'2025-12-04','17:00:00.000000'),(759,'MUELLE JUAN GRANADA 3',0.8100,5.00,67,1,2,0,NULL,NULL,NULL,'2025-12-05',NULL),(760,'MUELLE NUEVO',0.8100,5.00,149,1,2,0,NULL,NULL,NULL,'2025-12-04','19:00:00.000000'),(761,'MUELLE NUEVO',0.8010,7.00,150,1,2,0,NULL,NULL,NULL,'2025-12-05','11:00:00.000000'),(762,'MUELLE JUAN GRANADA 3',0.8010,7.00,108,1,2,0,NULL,NULL,NULL,'2025-12-05','17:00:00.000000'),(763,'MUELLE JUAN GRANADA',0.8100,7.00,179,1,2,0,NULL,NULL,NULL,'2025-12-06','18:00:00.000000'),(764,'MUELLE JUAN GRANADA 3',0.8100,5.00,108,1,2,0,NULL,NULL,NULL,'2025-12-10','21:30:00.000000'),(765,'MUELLE NUEVO',0.8100,5.00,148,1,2,0,NULL,NULL,NULL,'2025-12-09','21:00:00.000000'),(766,'MUELLE NUEVO',0.8100,5.00,149,1,2,0,NULL,NULL,NULL,'2025-12-09','21:00:00.000000'),(767,'MUELLE JUAN GRANADA 3',0.8100,5.00,179,1,2,0,NULL,NULL,NULL,'2025-12-09','21:00:00.000000'),(768,'MUELLE NUEVO',0.8100,5.00,107,1,2,0,NULL,NULL,NULL,'2025-12-09','21:00:00.000000'),(769,'MUELLE JUAN GRANADA 3',0.8010,7.00,67,1,2,0,NULL,NULL,NULL,'2025-12-11','13:00:00.000000'),(770,'MUELLE NUEVO',0.8010,7.00,150,1,2,0,NULL,NULL,NULL,'2025-12-11','20:00:00.000000'),(771,'MUELLE JUAN GRANADA 3',0.8100,5.00,180,1,2,0,NULL,NULL,NULL,'2025-12-12','22:00:00.000000'),(772,'MUELLE JUAN GRANADA 3',0.8100,5.00,179,1,2,0,NULL,NULL,NULL,'2025-12-12','22:00:00.000000'),(773,'5',1.0000,1.00,1,1,2,0,NULL,NULL,NULL,'2025-12-12',NULL),(774,'MUELLE NUEVO',0.8100,5.00,149,1,2,0,NULL,NULL,NULL,'2025-12-13','12:00:00.000000');
/*!40000 ALTER TABLE `Carga` ENABLE KEYS */;
UNLOCK TABLES;

--
-- Table structure for table `Chofer`
--

DROP TABLE IF EXISTS `Chofer`;
/*!40101 SET @saved_cs_client     = @@character_set_client */;
/*!50503 SET character_set_client = utf8mb4 */;
CREATE TABLE `Chofer` (
  `id` bigint NOT NULL AUTO_INCREMENT,
  `apellido` varchar(100) NOT NULL,
  `nombre` varchar(100) NOT NULL,
  `dni` varchar(10) DEFAULT NULL,
  `telefono` varchar(50) NOT NULL,
  `domicilio` varchar(100) NOT NULL,
  `nacionalidad` varchar(100) NOT NULL,
  `pna` varchar(20) DEFAULT NULL,
  `fecha_alta` datetime(6) NOT NULL,
  `fecha_actualizacion` datetime(6) NOT NULL,
  PRIMARY KEY (`id`)
) ENGINE=InnoDB AUTO_INCREMENT=30 DEFAULT CHARSET=utf8mb4 COLLATE=utf8mb4_0900_ai_ci;
/*!40101 SET character_set_client = @saved_cs_client */;

--
-- Dumping data for table `Chofer`
--

LOCK TABLES `Chofer` WRITE;
/*!40000 ALTER TABLE `Chofer` DISABLE KEYS */;
INSERT INTO `Chofer` VALUES (1,'MORALES','VICTOR HUGO','22315002','2945331313','Lago Blanco 617','Argentino','1962 RAWS','2023-07-05 21:54:21.374655','2023-12-05 21:55:17.866981'),(2,'BUSTOS MEDINA','CESAR ANTONIO','31148789','2804010534','Teniente Garcia 2846','Argentino','1700 RAWS','2023-07-05 21:54:58.053766','2023-12-04 21:36:28.987953'),(3,'RODRIGUEZ','RAMON GUILLERMO','21399463','2804390974','Honduras 402','Argentino','1886 RAWS','2023-07-05 21:55:34.447807','2023-12-04 21:35:43.507064'),(4,'RODAL','JOSE LUIS','23401929','2804681089','Barrio Constitucion Seccion C\" Escalera 57\"','Argentino','8838 RAWS','2023-07-05 21:55:51.227352','2023-12-04 21:35:05.104127'),(5,'OLIVERA','GABRIEL ALEJANDRO','28792528','2804390974','Soler 1903','Argentino','1918 RAWS','2023-07-05 21:56:18.461495','2023-12-04 21:34:26.888197'),(6,'CORDERO','CLAUDIO','94114604','0','0','ARGENTINO','0','2024-05-09 13:54:07.547353','2024-05-09 13:54:07.547374'),(7,'COPPINI','RAUL','16636054','0','0','ARGENTINO','0','2024-05-20 13:33:48.619204','2024-05-20 13:33:48.619225'),(8,'VILLALBA','ALBERTO','24519815','0','0','Argentino','0','2024-05-21 12:48:52.968376','2024-05-21 12:49:55.794878'),(9,'GODOY','JOSE','31.578.456','0','0','ARGENTINO','0','2024-05-21 12:49:30.430041','2024-05-21 12:49:30.430063'),(10,'BAGELER','CARLOS','16.068.815','0','0','ARGENTINO','0','2024-05-21 12:50:17.363094','2024-05-21 12:50:17.363118'),(11,'VIVAS','JULIO','24.473.188','0','LA URRUCA 3743 CORDOBA','ARGENTINO','0','2024-05-21 15:49:54.407287','2024-05-21 15:49:54.407309'),(12,'LUCERO','IVAN','35.113.222','0','0','0','0','2024-05-21 17:13:43.905054','2024-05-21 17:13:43.905077'),(13,'YAÑEZ','MATIAS ALEXIS','41957184','297 5160733','CONESA1230','ARGENTINA','PERMISO PROVISORIO','2024-06-10 19:47:02.808896','2024-06-11 12:25:02.349173'),(14,'AGUILERA','EZEQUIEL','41.170.197','1','CONESA1230','ARGENTINO','9780','2024-06-11 21:01:19.563635','2024-06-11 21:01:19.563654'),(15,'CHABUR','DARIO','33.947.023','00','00','ARGENTINO','007','2024-07-09 15:09:14.099599','2024-07-09 15:09:14.099626'),(16,'FERNANDEZ','ANIBAL','23.729.510','0','0','ARGENTINO','007','2024-07-10 22:26:05.746278','2024-07-10 22:26:05.746301'),(17,'RODRIGUEZ','EMILIO','31.765.461','0','0','ARGENTINO','007','2024-07-10 22:27:05.645978','2024-07-10 22:27:05.646001'),(18,'RABAL','SEBASTIAN','.','.','.','ARGENTINO','.','2024-07-11 12:54:41.245750','2024-07-11 12:54:41.245778'),(19,'FABIO','CENTENO','32801342','.','.','.','.','2024-07-30 13:24:17.947853','2024-07-30 13:24:17.947881'),(20,'FACUNDO','CORRO','38046189','0','0','ARGENTINO','0','2024-08-01 14:37:32.124530','2024-08-01 14:37:32.124556'),(21,'DENIS','GONZALEZ','35099857','0','0','0','0','2024-08-07 13:31:08.429631','2024-08-07 13:31:08.429652'),(22,'CESAR','ZUEEDIK','23.130.753','0','0','0','0','2024-11-19 12:37:58.210574','2024-11-19 12:37:58.210592'),(23,'HERNANDEZ','JUAN','17.544.668','1168111447','Buenos Aires','ARGENTINO','1886 RAWS','2024-12-07 22:11:01.572905','2024-12-07 22:11:01.572928'),(24,'TORRES','LAZARO','23787757','0','0','0','0','2024-12-17 14:23:33.501973','2024-12-17 14:23:33.501994'),(25,'MAXIMILIANO','CIRAUDO','36.751.537','1','1','1','1','2024-12-28 13:42:28.969990','2024-12-28 13:42:28.970009'),(26,'MONTEYRO','DANIEL','23950354','0','0','ARGENTINO','PERMISO PROVISORIO','2025-02-03 14:37:05.440767','2025-02-03 14:37:05.440794'),(27,'JUAN BAUTISTA','HERNANDEZ','17544668','.','.','ARGENTINO','.','2025-02-25 14:44:40.452125','2025-02-25 14:44:53.456564'),(28,'GARCIA','GERMAN','26846508','.','.','.','.','2025-06-26 14:18:29.618502','2025-06-26 14:18:29.618523'),(29,'VILLANI','FERNANDO','36.747.990','1','0','ARGENTINO','PERMISO PROVISORIO','2025-11-11 20:42:52.008815','2025-11-11 20:42:52.008835');
/*!40000 ALTER TABLE `Chofer` ENABLE KEYS */;
UNLOCK TABLES;

--
-- Table structure for table `Cliente`
--

DROP TABLE IF EXISTS `Cliente`;
/*!40101 SET @saved_cs_client     = @@character_set_client */;
/*!50503 SET character_set_client = utf8mb4 */;
CREATE TABLE `Cliente` (
  `id` bigint NOT NULL AUTO_INCREMENT,
  `denominacion` varchar(100) NOT NULL,
  `cuit` varchar(13) NOT NULL,
  `fecha_alta` datetime(6) NOT NULL,
  `fecha_actualizacion` datetime(6) NOT NULL,
  PRIMARY KEY (`id`)
) ENGINE=InnoDB AUTO_INCREMENT=16 DEFAULT CHARSET=utf8mb4 COLLATE=utf8mb4_0900_ai_ci;
/*!40101 SET character_set_client = @saved_cs_client */;

--
-- Dumping data for table `Cliente`
--

LOCK TABLES `Cliente` WRITE;
/*!40000 ALTER TABLE `Cliente` DISABLE KEYS */;
INSERT INTO `Cliente` VALUES (1,'NEW AMERICAN OIL S.A.','30-70716578-9','2024-05-21 17:45:41.691909','2024-05-21 17:45:41.691930'),(2,'LAL S.A.','30-50619746-1','2024-05-23 20:54:18.750218','2024-05-23 20:54:18.750239'),(3,'ROBERT Orlando Jorge','20-11503952-1','2024-05-24 13:18:06.596399','2024-06-12 16:49:43.416723'),(4,'Mar Y Valle SRL','30564571195','2024-05-30 15:57:01.506737','2024-06-19 16:51:22.143228'),(5,'Línea 28 de Julio Soc. Coop Y T.L.','30-54641758-8','2024-05-30 16:09:20.428813','2024-06-19 16:51:08.542353'),(6,'PETROMARES S.A.','30716903083','2024-06-19 15:42:43.771859','2024-06-19 15:42:43.771885'),(7,'MIRABELLA S.A.','33-71446707-9','2024-07-08 14:07:06.020102','2024-07-08 14:07:06.020126'),(8,'Pesquera Caravon S.A.','30711711259','2024-07-11 12:53:35.611801','2024-07-11 12:53:35.611822'),(9,'COSTA CHUBUT S.A.','30-70834000-2','2024-09-27 20:50:26.637411','2024-09-27 20:52:05.975705'),(10,'ASOC. CIVIL LA NUEVA ESPERANZA COLONIA MENONITA','30-67167616-1','2024-10-02 11:46:30.209430','2024-10-02 11:46:30.209454'),(11,'PESQUERA LATINA','33-63794579-9','2024-12-25 13:18:30.806900','2024-12-25 13:18:30.806921'),(12,'A.F.I.P. ADUANA','33-69345023-9','2025-01-14 14:16:48.045745','2025-01-14 14:16:48.045765'),(13,'OCENA WAVES EXPORT S.A.','30718114558','2025-07-21 12:23:47.810015','2025-07-21 12:23:47.810035'),(14,'SEMISA INFRAESTRUCTURA S.A.','30-71149239-5','2025-08-30 13:11:47.711885','2025-08-30 13:11:47.711909'),(15,'ADMIN. DE VIALIDAD PROVINCIAL','30-99915762-5','2025-09-06 14:36:21.994303','2025-09-06 14:36:21.994341');
/*!40000 ALTER TABLE `Cliente` ENABLE KEYS */;
UNLOCK TABLES;

--
-- Table structure for table `Combustible`
--

DROP TABLE IF EXISTS `Combustible`;
/*!40101 SET @saved_cs_client     = @@character_set_client */;
/*!50503 SET character_set_client = utf8mb4 */;
CREATE TABLE `Combustible` (
  `id` bigint NOT NULL AUTO_INCREMENT,
  `nombre` varchar(100) NOT NULL,
  `fecha_alta` datetime(6) NOT NULL,
  `fecha_actualizacion` datetime(6) NOT NULL,
  PRIMARY KEY (`id`)
) ENGINE=InnoDB AUTO_INCREMENT=3 DEFAULT CHARSET=utf8mb4 COLLATE=utf8mb4_0900_ai_ci;
/*!40101 SET character_set_client = @saved_cs_client */;

--
-- Dumping data for table `Combustible`
--

LOCK TABLES `Combustible` WRITE;
/*!40000 ALTER TABLE `Combustible` DISABLE KEYS */;
INSERT INTO `Combustible` VALUES (1,'GAS OIL G2','2024-04-16 21:46:24.631461','2024-11-04 15:30:58.402311'),(2,'GAS OIL G2 (NAOME022)','2024-11-04 15:31:44.203482','2024-11-04 15:31:44.203505');
/*!40000 ALTER TABLE `Combustible` ENABLE KEYS */;
UNLOCK TABLES;

--
-- Table structure for table `Configuracion`
--

DROP TABLE IF EXISTS `Configuracion`;
/*!40101 SET @saved_cs_client     = @@character_set_client */;
/*!50503 SET character_set_client = utf8mb4 */;
CREATE TABLE `Configuracion` (
  `id` bigint NOT NULL AUTO_INCREMENT,
  `empresa` varchar(100) NOT NULL,
  `titularEmpresa` varchar(100) NOT NULL,
  `direccionEmpresa` varchar(100) NOT NULL,
  `cuitEmpresa` varchar(15) NOT NULL,
  `telefonoEmpresa` varchar(100) NOT NULL,
  `emailEmpresa` varchar(50) DEFAULT NULL,
  `certificadoInscripcion` varchar(20) NOT NULL,
  `vencimientoCertificadoInscripcion` datetime(6) NOT NULL,
  `aseguradoraChoferes` varchar(20) NOT NULL,
  `vencimientoAseguradora` datetime(6) NOT NULL,
  `fecha_actualizacion` datetime(6) NOT NULL,
  `impresoraRemitos` varchar(20) NOT NULL,
  PRIMARY KEY (`id`)
) ENGINE=InnoDB AUTO_INCREMENT=2 DEFAULT CHARSET=utf8mb4 COLLATE=utf8mb4_0900_ai_ci;
/*!40101 SET character_set_client = @saved_cs_client */;

--
-- Dumping data for table `Configuracion`
--

LOCK TABLES `Configuracion` WRITE;
/*!40000 ALTER TABLE `Configuracion` DISABLE KEYS */;
INSERT INTO `Configuracion` VALUES (1,'ORLANDO JORGE ROBERT','ORLANDO JORGE ROBERT','Conesa 1230 Trelew','20-11503952-1','2804664131','transporteojr@gmail.com','R-113','2026-06-26 21:45:02.000000','La Segunda','2025-11-26 21:45:02.000000','2025-07-22 22:26:42.101408','Brother');
/*!40000 ALTER TABLE `Configuracion` ENABLE KEYS */;
UNLOCK TABLES;

--
-- Table structure for table `ContactoAgencia`
--

DROP TABLE IF EXISTS `ContactoAgencia`;
/*!40101 SET @saved_cs_client     = @@character_set_client */;
/*!50503 SET character_set_client = utf8mb4 */;
CREATE TABLE `ContactoAgencia` (
  `id` bigint NOT NULL AUTO_INCREMENT,
  `nombre` varchar(100) NOT NULL,
  `apellido` varchar(100) NOT NULL,
  `telefono` varchar(100) NOT NULL,
  `correoElectronico` varchar(50) NOT NULL,
  `enviaRancho` tinyint(1) NOT NULL,
  `agenciaMaritima_id` bigint NOT NULL,
  PRIMARY KEY (`id`),
  KEY `ContactoAgencia_agenciaMaritima_id_c51b63e2_fk_AgenciaMa` (`agenciaMaritima_id`),
  CONSTRAINT `ContactoAgencia_agenciaMaritima_id_c51b63e2_fk_AgenciaMa` FOREIGN KEY (`agenciaMaritima_id`) REFERENCES `AgenciaMaritima` (`id`)
) ENGINE=InnoDB AUTO_INCREMENT=23 DEFAULT CHARSET=utf8mb4 COLLATE=utf8mb4_0900_ai_ci;
/*!40101 SET character_set_client = @saved_cs_client */;

--
-- Dumping data for table `ContactoAgencia`
--

LOCK TABLES `ContactoAgencia` WRITE;
/*!40000 ALTER TABLE `ContactoAgencia` DISABLE KEYS */;
INSERT INTO `ContactoAgencia` VALUES (3,'Alejandro','Berto','28010154545','abertolissi@hotmail.com',1,15),(4,'Jose','Obispo','1','errozarena.obispo@gmail.com',1,1),(5,'German','Gomez','1','pmycomex@gmail.com',1,3),(7,'F','Olazabal','1','folazabal@conarpesa.com.ar',1,10),(8,'Agencia','Pardal','1','agenciamaritimapardal@hotmail.com',1,2),(9,'Romina','Romina','1','carla_rominar@hotmail.com',1,19),(10,'Barbara','Salerno','1','bsalerno@conarpesa.com.ar',1,10),(11,'juan','cristal','1','cristaljuan@gmail.com',0,14),(12,'Charlie','Charlie','1','pmycomex@gmail.com',1,12),(13,'PAUL','FEIJOO 1','1','candelar1a@hotmail.com',1,16),(14,'NAVARRO','NAVARRO','1','rober_navarro@hotmail.com',1,17),(15,'PAUL','FEIJOO 2','1','alejandro_feijoo@yahoo.com.ar',1,16),(16,'Marisa','Fernandez','1','agenciafeijoo@gmail.com',1,18),(17,'Barbera','Barbera','1','pmycomex@gmail.com',1,11),(18,'COMINTER 1','COMINTER 1','1','oscar@cominterbahia.com',1,7),(19,'COMINTER 2','COMINTER 2','1','cristian@cominterbahia.com',1,7),(20,'COMINTER 3','COMINTER 3','1','digitalizacion@cominterbahia.com',1,7),(21,'Errecalde','Errecalde','1','maritimamarazul@gmail.com',1,5),(22,'Melisa','Margoni','1','melisamargoni@gmail.com',1,6);
/*!40000 ALTER TABLE `ContactoAgencia` ENABLE KEYS */;
UNLOCK TABLES;

--
-- Table structure for table `django_admin_log`
--

DROP TABLE IF EXISTS `django_admin_log`;
/*!40101 SET @saved_cs_client     = @@character_set_client */;
/*!50503 SET character_set_client = utf8mb4 */;
CREATE TABLE `django_admin_log` (
  `id` int NOT NULL AUTO_INCREMENT,
  `action_time` datetime(6) NOT NULL,
  `object_id` longtext,
  `object_repr` varchar(200) NOT NULL,
  `action_flag` smallint unsigned NOT NULL,
  `change_message` longtext NOT NULL,
  `content_type_id` int DEFAULT NULL,
  `user_id` int NOT NULL,
  PRIMARY KEY (`id`),
  KEY `django_admin_log_content_type_id_c4bce8eb_fk_django_co` (`content_type_id`),
  KEY `django_admin_log_user_id_c564eba6_fk_auth_user_id` (`user_id`),
  CONSTRAINT `django_admin_log_content_type_id_c4bce8eb_fk_django_co` FOREIGN KEY (`content_type_id`) REFERENCES `django_content_type` (`id`),
  CONSTRAINT `django_admin_log_user_id_c564eba6_fk_auth_user_id` FOREIGN KEY (`user_id`) REFERENCES `auth_user` (`id`),
  CONSTRAINT `django_admin_log_chk_1` CHECK ((`action_flag` >= 0))
) ENGINE=InnoDB AUTO_INCREMENT=1631 DEFAULT CHARSET=utf8mb4 COLLATE=utf8mb4_0900_ai_ci;
/*!40101 SET character_set_client = @saved_cs_client */;

--
-- Dumping data for table `django_admin_log`
--

LOCK TABLES `django_admin_log` WRITE;
/*!40000 ALTER TABLE `django_admin_log` DISABLE KEYS */;
INSERT INTO `django_admin_log` VALUES (1,'2024-04-16 21:46:24.632944','1','GAS OIL',1,'[{\"added\": {}}]',13,1),(2,'2024-04-16 21:48:30.911534','1','Carga object (1)',1,'[{\"added\": {}}, {\"added\": {\"name\": \"remito\", \"object\": \"Remito object (1)\"}}, {\"added\": {\"name\": \"remito\", \"object\": \"Remito object (2)\"}}]',11,1),(3,'2024-04-17 21:58:49.648473','2','NMUGUETA',1,'[{\"added\": {}}]',4,1),(4,'2024-04-17 21:59:13.219634','3','SRABAL',1,'[{\"added\": {}}]',4,1),(5,'2024-04-17 21:59:29.349057','4','WCANTO',1,'[{\"added\": {}}]',4,1),(6,'2024-04-17 21:59:43.453670','5','OROBERT',1,'[{\"added\": {}}]',4,1),(7,'2024-04-17 22:01:56.679039','1','Operarios',1,'[{\"added\": {}}]',3,1),(8,'2024-04-17 22:02:38.379238','2','NMUGUETA',2,'[{\"changed\": {\"fields\": [\"First name\", \"Last name\", \"Staff status\", \"Groups\"]}}]',4,1),(9,'2024-04-17 22:12:09.832422','5','OROBERT',2,'[{\"changed\": {\"fields\": [\"First name\", \"Last name\", \"Staff status\"]}}]',4,1),(10,'2024-04-17 22:12:18.216874','5','OROBERT',2,'[{\"changed\": {\"fields\": [\"Groups\"]}}]',4,1),(11,'2024-04-17 22:12:48.180033','3','SRABAL',2,'[{\"changed\": {\"fields\": [\"First name\", \"Last name\", \"Staff status\", \"Groups\"]}}]',4,1),(12,'2024-04-17 22:13:04.847639','4','WCANTO',2,'[{\"changed\": {\"fields\": [\"First name\", \"Last name\", \"Staff status\", \"Groups\"]}}]',4,1),(13,'2024-04-18 20:57:54.272376','2','Carga object (2)',1,'[{\"added\": {}}, {\"added\": {\"name\": \"remito\", \"object\": \"Remito object (3)\"}}, {\"added\": {\"name\": \"remito\", \"object\": \"Remito object (4)\"}}]',11,5),(14,'2024-04-18 21:08:33.451362','2','Carga object (2)',2,'[{\"changed\": {\"fields\": [\"Puerto\", \"SitioPuerto\"]}}]',11,5),(15,'2024-04-18 21:08:56.769489','2','Carga object (2)',2,'[]',11,5),(16,'2024-04-18 21:19:34.498954','2','Carga object (2)',2,'[{\"changed\": {\"fields\": [\"Puerto\"]}}]',11,5),(17,'2024-04-18 22:24:26.063179','2','Carga object (2)',2,'[{\"changed\": {\"name\": \"remito\", \"object\": \"Remito object (4)\", \"fields\": [\"Transporte\"]}}]',11,5),(18,'2024-04-19 15:18:12.058916','3','Carga object (3)',1,'[{\"added\": {}}, {\"added\": {\"name\": \"remito\", \"object\": \"Remito object (5)\"}}]',11,5),(19,'2024-04-19 15:18:33.899882','3','Carga object (3)',3,'',11,5),(20,'2024-04-19 15:22:52.126037','4','Carga object (4)',1,'[{\"added\": {}}, {\"added\": {\"name\": \"remito\", \"object\": \"Remito object (6)\"}}]',11,5),(21,'2024-04-19 15:26:05.438596','5','Carga object (5)',1,'[{\"added\": {}}, {\"added\": {\"name\": \"remito\", \"object\": \"Remito object (7)\"}}]',11,5),(22,'2024-04-19 15:26:29.184433','5','Carga object (5)',3,'',11,5),(23,'2024-04-19 15:26:29.190233','4','Carga object (4)',3,'',11,5),(24,'2024-04-19 15:27:14.968047','6','CHGHINJHM',1,'[{\"added\": {}}]',10,5),(25,'2024-04-19 15:28:37.879652','6','CHGHINJHM',3,'',10,5),(26,'2024-04-19 17:29:19.961286','2','Carga object (2)',2,'[{\"changed\": {\"fields\": [\"Puerto\"]}}]',11,5),(27,'2024-04-19 20:32:50.428009','2','Carga object (2)',2,'[{\"changed\": {\"fields\": [\"Puerto\"]}}]',11,5),(28,'2024-04-19 20:35:28.644337','2','Carga object (2)',2,'[{\"changed\": {\"fields\": [\"Puerto\"]}}]',11,5),(29,'2024-04-19 20:36:43.331467','2','Carga object (2)',2,'[{\"deleted\": {\"name\": \"remito\", \"object\": \"Remito object (None)\"}}]',11,5),(30,'2024-04-19 20:36:52.326761','2','Carga object (2)',2,'[]',11,5),(31,'2024-04-19 20:38:12.068405','2','Carga object (2)',2,'[{\"changed\": {\"fields\": [\"Puerto\"]}}, {\"added\": {\"name\": \"remito\", \"object\": \"Remito object (8)\"}}]',11,5),(32,'2024-04-19 20:38:18.757165','2','Carga object (2)',2,'[]',11,5),(33,'2024-04-22 20:52:33.143761','2','Carga object (2)',2,'[{\"changed\": {\"fields\": [\"Puerto\"]}}]',11,5),(34,'2024-04-22 20:53:15.915511','2','Carga object (2)',2,'[{\"changed\": {\"fields\": [\"Puerto\"]}}]',11,5),(35,'2024-04-22 21:34:20.284531','1','Configuracion object (1)',2,'[{\"changed\": {\"fields\": [\"VencimientoCertificadoInscripcion\"]}}]',14,5),(36,'2024-04-23 22:18:08.880419','1','RemitoVarios object (1)',1,'[{\"added\": {}}]',17,5),(37,'2024-04-23 22:38:38.005113','1','RemitoVarios object (1)',2,'[{\"changed\": {\"fields\": [\"Producto\"]}}]',17,5),(38,'2024-04-24 16:01:31.031268','6','Carga object (6)',1,'[{\"added\": {}}, {\"added\": {\"name\": \"remito\", \"object\": \"Remito object (9)\"}}]',11,5),(39,'2024-04-24 19:50:31.849160','2','Carga object (2)',3,'',11,5),(40,'2024-04-24 19:50:31.863435','1','Carga object (1)',3,'',11,5),(41,'2024-04-24 19:51:49.741705','54','MAR CORAL',2,'[{\"changed\": {\"fields\": [\"Armadora\"]}}]',9,5),(42,'2024-04-25 22:33:29.561163','1','OJR',1,'[{\"added\": {}}]',19,1),(43,'2024-04-25 22:35:07.557932','2','TNC',1,'[{\"added\": {}}]',19,1),(44,'2024-04-25 22:35:53.947819','6','Carga object (6)',2,'[]',11,1),(45,'2024-04-26 21:18:08.690055','5','AE 160 MS',2,'[{\"changed\": {\"fields\": [\"Transporte\"]}}]',10,1),(46,'2024-04-26 21:18:24.378834','4','AE143SB',2,'[{\"changed\": {\"fields\": [\"Transporte\"]}}]',10,1),(47,'2024-04-26 21:18:38.393694','3','AE402AY',2,'[{\"changed\": {\"fields\": [\"Transporte\"]}}]',10,1),(48,'2024-04-26 21:18:51.637497','2','AF470XP',2,'[{\"changed\": {\"fields\": [\"Transporte\"]}}]',10,1),(49,'2024-04-26 21:19:23.241505','1','NWA-804',2,'[{\"changed\": {\"fields\": [\"Transporte\"]}}]',10,1),(50,'2024-04-29 19:11:34.885354','34','PESQUERA LATINA S.A.',1,'[{\"added\": {}}]',8,5),(51,'2024-04-29 21:50:49.412488','115','LU QING YUAN YU 280',1,'[{\"added\": {}}]',9,5),(52,'2024-04-30 13:50:02.677195','4','Mar del Plata',1,'[{\"added\": {}}]',15,5),(53,'2024-04-30 14:07:28.488981','7','Carga object (7)',1,'[{\"added\": {}}, {\"added\": {\"name\": \"remito\", \"object\": \"Remito object (10)\"}}]',11,5),(54,'2024-04-30 20:44:18.138986','7','Carga object (7)',2,'[{\"changed\": {\"fields\": [\"NroRancho\", \"LetraRancho\"]}}]',11,1),(55,'2024-05-01 13:09:39.862939','35','PESQUERA SANTA CRUZ S.A.',1,'[{\"added\": {}}]',8,5),(56,'2024-05-01 13:29:43.856317','116','MAR MARIA',1,'[{\"added\": {}}]',9,5),(57,'2024-05-01 13:37:54.669220','8','Carga object (8)',1,'[{\"added\": {}}, {\"added\": {\"name\": \"remito\", \"object\": \"Remito object (11)\"}}, {\"added\": {\"name\": \"remito\", \"object\": \"Remito object (12)\"}}]',11,5),(58,'2024-05-02 21:46:47.923046','8','Carga object (8)',2,'[]',11,1),(59,'2024-05-06 15:54:57.847161','9','Carga object (9)',1,'[{\"added\": {}}, {\"added\": {\"name\": \"remito\", \"object\": \"Remito object (13)\"}}]',11,2),(60,'2024-05-06 16:01:26.765214','99','TALISMAN',2,'[]',9,2),(61,'2024-05-06 16:03:44.177697','7','Centomar S.A.',2,'[{\"changed\": {\"fields\": [\"AgenciaMaritima\"]}}]',8,2),(62,'2024-05-06 21:21:05.786320','9','Carga object (9)',2,'[{\"changed\": {\"fields\": [\"OrdenCompra\"]}}]',11,2),(63,'2024-05-06 21:28:15.617025','9','Carga object (9)',2,'[{\"changed\": {\"fields\": [\"OrdenCompra\"]}}]',11,2),(64,'2024-05-07 16:28:43.944923','10','Carga object (10)',1,'[{\"added\": {}}, {\"added\": {\"name\": \"remito\", \"object\": \"Remito object (14)\"}}, {\"added\": {\"name\": \"remito\", \"object\": \"Remito object (15)\"}}]',11,2),(65,'2024-05-07 21:04:14.932512','1','Configuracion object (1)',2,'[{\"changed\": {\"fields\": [\"ImpresoraRemitos\"]}}]',14,2),(66,'2024-05-08 14:19:35.615760','11','Carga object (11)',1,'[{\"added\": {}}, {\"added\": {\"name\": \"remito\", \"object\": \"Remito object (16)\"}}]',11,2),(67,'2024-05-09 13:46:47.161560','117','API XII',1,'[{\"added\": {}}]',9,2),(68,'2024-05-09 13:48:01.739385','6','MARGONI ARHEX MELISA',1,'[{\"added\": {}}]',7,2),(69,'2024-05-09 13:48:42.049963','5','BAHIA BLANCA',1,'[{\"added\": {}}]',15,2),(70,'2024-05-09 13:54:07.547945','6','CLAUDIO CORDERO',1,'[{\"added\": {}}]',12,2),(71,'2024-05-09 14:01:47.720524','12','Carga object (12)',1,'[{\"added\": {}}, {\"added\": {\"name\": \"remito\", \"object\": \"Remito object (17)\"}}, {\"added\": {\"name\": \"remito\", \"object\": \"Remito object (18)\"}}]',11,2),(72,'2024-05-09 21:05:52.926192','2','RemitoVarios object (2)',1,'[{\"added\": {}}]',17,4),(73,'2024-05-10 21:26:26.668441','12','Carga object (12)',2,'[{\"changed\": {\"fields\": [\"Densidad\"]}}]',11,2),(74,'2024-05-10 21:32:00.835795','12','Carga object (12)',2,'[]',11,2),(75,'2024-05-10 21:36:26.844532','12','Carga object (12)',2,'[]',11,2),(76,'2024-05-10 21:55:19.717364','1','Operarios',2,'[{\"changed\": {\"fields\": [\"Permissions\"]}}]',3,1),(77,'2024-05-14 22:24:14.240886','7','COMINTER',1,'[{\"added\": {}}]',7,5),(78,'2024-05-14 22:24:18.273851','36','Conarpesa S.A.',1,'[{\"added\": {}}]',8,5),(79,'2024-05-14 22:30:20.236651','118','CONARPESA I',1,'[{\"added\": {}}]',9,5),(80,'2024-05-14 22:32:56.413844','6','PUERTO ROSALES',1,'[{\"added\": {}}]',15,5),(81,'2024-05-14 22:38:46.500279','13','Carga object (13)',1,'[{\"added\": {}}, {\"added\": {\"name\": \"remito\", \"object\": \"Remito object (19)\"}}]',11,5),(82,'2024-05-14 22:54:37.840574','6','ROSALES',2,'[{\"changed\": {\"fields\": [\"Nombre\"]}}]',15,5),(83,'2024-05-14 22:55:39.920215','13','Carga object (13)',2,'[{\"changed\": {\"name\": \"remito\", \"object\": \"Remito object (19)\", \"fields\": [\"CantidadBarco\", \"CantidadDeposito\"]}}]',11,5),(84,'2024-05-15 11:42:58.477661','13','Carga object (13)',2,'[{\"changed\": {\"fields\": [\"NroRancho\", \"LetraRancho\"]}}, {\"changed\": {\"name\": \"remito\", \"object\": \"Remito object (19)\", \"fields\": [\"Numero\"]}}]',11,2),(85,'2024-05-16 12:50:55.131493','8','IGLESIAS RODRIGO RAFAEL',1,'[{\"added\": {}}]',7,2),(86,'2024-05-16 12:51:12.516703','9','IGLESIAS RODRIGO RAFAEL',1,'[{\"added\": {}}]',7,2),(87,'2024-05-16 12:51:21.269417','9','IGLESIAS RODRIGO RAFAEL',3,'',7,2),(88,'2024-05-16 12:53:34.445728','37','ARGENOVA',1,'[{\"added\": {}}]',8,2),(89,'2024-05-16 12:54:21.733634','119','ARGENOVA XIV',1,'[{\"added\": {}}]',9,2),(90,'2024-05-16 12:54:35.857511','37','ARGENOVA S.A.',2,'[{\"changed\": {\"fields\": [\"Nombre\"]}}]',8,2),(91,'2024-05-16 13:00:34.535654','14','Carga object (14)',1,'[{\"added\": {}}, {\"added\": {\"name\": \"remito\", \"object\": \"Remito object (20)\"}}]',11,2),(92,'2024-05-16 13:01:39.066471','14','Carga object (14)',2,'[{\"changed\": {\"name\": \"remito\", \"object\": \"Remito object (20)\", \"fields\": [\"CantidadBarco\"]}}]',11,2),(93,'2024-05-16 13:02:38.047548','14','Carga object (14)',2,'[{\"changed\": {\"fields\": [\"Densidad\"]}}]',11,2),(94,'2024-05-16 20:56:50.429726','15','Carga object (15)',1,'[{\"added\": {}}, {\"added\": {\"name\": \"remito\", \"object\": \"Remito object (21)\"}}]',11,2),(95,'2024-05-16 20:58:45.567896','1','Arela S.A.',2,'[{\"changed\": {\"fields\": [\"AgenciaMaritima\"]}}]',8,2),(96,'2024-05-16 21:13:31.907932','37','ARGENOVA S.A.',2,'[{\"changed\": {\"fields\": [\"AgenciaMaritima\"]}}]',8,3),(97,'2024-05-16 21:13:36.908406','2','Armadora Acrux S.A.',2,'[]',8,3),(98,'2024-05-16 21:13:48.507314','5','Buena Proa S.A.',2,'[{\"changed\": {\"fields\": [\"AgenciaMaritima\"]}}]',8,3),(99,'2024-05-16 21:13:53.728420','7','Centomar S.A.',2,'[]',8,3),(100,'2024-05-16 21:14:17.851266','14','Greciamar S.A.',2,'[{\"changed\": {\"fields\": [\"AgenciaMaritima\"]}}]',8,3),(101,'2024-05-16 21:14:22.965986','9','Crustaceos del Sur S.A.',2,'[{\"changed\": {\"fields\": [\"AgenciaMaritima\"]}}]',8,3),(102,'2024-05-16 21:14:27.893990','16','La Escalerona S.A.',2,'[]',8,3),(103,'2024-05-16 21:14:36.278615','26','Riminimarr S.A.',2,'[]',8,3),(104,'2024-05-16 21:14:46.735326','22','Pesquera Olivos S.A.',2,'[{\"changed\": {\"fields\": [\"AgenciaMaritima\"]}}]',8,3),(105,'2024-05-16 21:17:38.637917','15','Carga object (15)',2,'[]',11,2),(106,'2024-05-16 21:21:57.621539','15','Carga object (15)',2,'[{\"changed\": {\"fields\": [\"Densidad\", \"NroRancho\", \"LetraRancho\"]}}]',11,2),(107,'2024-05-16 21:33:47.731667','15','Carga object (15)',2,'[]',11,1),(108,'2024-05-16 21:36:47.552086','14','Carga object (14)',2,'[]',11,1),(109,'2024-05-16 21:47:47.813535','15','Carga object (15)',2,'[{\"changed\": {\"fields\": [\"FechaHoraInicio\"]}}]',11,1),(110,'2024-05-16 21:48:06.478280','15','Carga object (15)',2,'[]',11,1),(111,'2024-05-20 13:27:31.817095','16','Carga object (16)',1,'[{\"added\": {}}, {\"added\": {\"name\": \"remito\", \"object\": \"Remito object (22)\"}}]',11,2),(112,'2024-05-20 13:27:39.381638','16','Carga object (16)',2,'[]',11,2),(113,'2024-05-20 13:28:54.805789','16','Carga object (16)',2,'[{\"changed\": {\"name\": \"remito\", \"object\": \"Remito object (22)\", \"fields\": [\"CantidadBarco\"]}}]',11,2),(114,'2024-05-20 13:33:48.620407','7','RAUL COPPINI',1,'[{\"added\": {}}]',12,2),(115,'2024-05-20 13:34:31.421335','3','VES',1,'[{\"added\": {}}]',19,2),(116,'2024-05-20 13:36:42.341221','16','Carga object (16)',2,'[{\"changed\": {\"fields\": [\"SitioPuerto\"]}}, {\"added\": {\"name\": \"remito\", \"object\": \"Remito object (23)\"}}]',11,2),(117,'2024-05-20 14:05:22.567327','29','AA223OD',3,'',10,2),(118,'2024-05-20 14:05:22.575308','28','JQL038',3,'',10,2),(119,'2024-05-20 14:05:22.585813','27','MDY607',3,'',10,2),(120,'2024-05-20 14:05:22.589120','24','AF261YY',3,'',10,2),(121,'2024-05-20 14:05:22.592546','13','OTF966',3,'',10,2),(122,'2024-05-20 14:05:22.596457','11','JKX819',3,'',10,2),(123,'2024-05-20 14:05:22.601080','9','AF081NU',3,'',10,2),(124,'2024-05-20 14:05:22.631358','7','MHH717',3,'',10,2),(125,'2024-05-20 14:05:22.635213','5','AE 160 MS',3,'',10,2),(126,'2024-05-20 14:06:47.445964','26','AF183IP',3,'',16,2),(127,'2024-05-20 14:06:47.450301','25','JQL039',3,'',16,2),(128,'2024-05-20 14:06:47.460755','24','MDY608',3,'',16,2),(129,'2024-05-20 14:06:47.465176','23','NMH464',3,'',16,2),(130,'2024-05-20 14:06:47.468736','22','NXH316',3,'',16,2),(131,'2024-05-20 14:06:47.483192','21','OHU374',3,'',16,2),(132,'2024-05-20 14:06:47.490642','15','NKJ556',3,'',16,2),(133,'2024-05-20 14:06:47.494605','14','KNC688',3,'',16,2),(134,'2024-05-20 14:06:47.498111','11','KFT633',3,'',16,2),(135,'2024-05-20 14:06:47.500883','10','IUZ030',3,'',16,2),(136,'2024-05-20 14:06:47.503660','9','NMH462',3,'',16,2),(137,'2024-05-20 14:06:47.506954','6','AE717BQ',3,'',16,2),(138,'2024-05-20 14:06:47.510318','5','JZU643',3,'',16,2),(139,'2024-05-21 12:46:43.651503','120','LU QING YUAN YU 286',1,'[{\"added\": {}}]',9,2),(140,'2024-05-21 12:48:52.968847','8','VILLALBA ALBERTO',1,'[{\"added\": {}}]',12,2),(141,'2024-05-21 12:49:30.430755','9','JOSE GODOY',1,'[{\"added\": {}}]',12,2),(142,'2024-05-21 12:49:55.797250','8','ALBERTO VILLALBA',2,'[{\"changed\": {\"fields\": [\"Apellido\", \"Nombre\"]}}]',12,2),(143,'2024-05-21 12:50:17.364805','10','CARLOS BAGELER',1,'[{\"added\": {}}]',12,2),(144,'2024-05-21 12:55:20.577312','17','Carga object (17)',1,'[{\"added\": {}}, {\"added\": {\"name\": \"remito\", \"object\": \"Remito object (24)\"}}, {\"added\": {\"name\": \"remito\", \"object\": \"Remito object (25)\"}}, {\"added\": {\"name\": \"remito\", \"object\": \"Remito object (26)\"}}, {\"added\": {\"name\": \"remito\", \"object\": \"Remito object (27)\"}}]',11,2),(145,'2024-05-21 12:56:35.922845','17','Carga object (17)',2,'[{\"changed\": {\"fields\": [\"Densidad\"]}}]',11,2),(146,'2024-05-21 13:23:29.012931','17','Carga object (17)',2,'[{\"changed\": {\"name\": \"remito\", \"object\": \"Remito object (25)\", \"fields\": [\"CantidadBarco\"]}}, {\"changed\": {\"name\": \"remito\", \"object\": \"Remito object (26)\", \"fields\": [\"CantidadBarco\"]}}, {\"changed\": {\"name\": \"remito\", \"object\": \"Remito object (27)\", \"fields\": [\"CantidadBarco\"]}}]',11,2),(147,'2024-05-21 13:28:06.716358','18','Carga object (18)',1,'[{\"added\": {}}, {\"added\": {\"name\": \"remito\", \"object\": \"Remito object (28)\"}}]',11,5),(148,'2024-05-21 13:28:21.844905','18','Carga object (18)',3,'',11,5),(149,'2024-05-21 13:30:23.632250','17','Carga object (17)',2,'[{\"changed\": {\"name\": \"remito\", \"object\": \"Remito object (24)\", \"fields\": [\"Transporte\"]}}, {\"changed\": {\"name\": \"remito\", \"object\": \"Remito object (25)\", \"fields\": [\"CantidadBarco\"]}}, {\"changed\": {\"name\": \"remito\", \"object\": \"Remito object (26)\", \"fields\": [\"Transporte\", \"CantidadBarco\"]}}]',11,2),(150,'2024-05-21 13:31:08.007785','17','Carga object (17)',3,'',11,2),(151,'2024-05-21 13:35:02.011585','19','Carga object (19)',1,'[{\"added\": {}}, {\"added\": {\"name\": \"remito\", \"object\": \"Remito object (29)\"}}, {\"added\": {\"name\": \"remito\", \"object\": \"Remito object (30)\"}}, {\"added\": {\"name\": \"remito\", \"object\": \"Remito object (31)\"}}, {\"added\": {\"name\": \"remito\", \"object\": \"Remito object (32)\"}}]',11,2),(152,'2024-05-21 15:32:52.376864','121','ARGENOVA I',1,'[{\"added\": {}}]',9,2),(153,'2024-05-21 15:47:10.788844','122','ARGENOVA IV',1,'[{\"added\": {}}]',9,2),(154,'2024-05-21 15:47:44.263705','123','ARGENOVA VI',1,'[{\"added\": {}}]',9,2),(155,'2024-05-21 15:48:19.655658','124','ARGENOVA XXIII',1,'[{\"added\": {}}]',9,2),(156,'2024-05-21 15:49:54.414048','11','JULIO VIVAS',1,'[{\"added\": {}}]',12,2),(157,'2024-05-21 15:56:47.920552','29','KRA759',1,'[{\"added\": {}}]',16,2),(158,'2024-05-21 15:58:10.506417','29','KRA759',2,'[{\"changed\": {\"fields\": [\"Marca\"]}}]',16,2),(159,'2024-05-21 15:58:27.649809','29','KRA759',2,'[{\"changed\": {\"fields\": [\"Marca\"]}}]',16,2),(160,'2024-05-21 16:38:43.925219','20','Carga object (20)',1,'[{\"added\": {}}, {\"added\": {\"name\": \"remito\", \"object\": \"Remito object (33)\"}}]',11,2),(161,'2024-05-21 16:52:20.795664','21','Carga object (21)',1,'[{\"added\": {}}, {\"added\": {\"name\": \"remito\", \"object\": \"Remito object (34)\"}}, {\"added\": {\"name\": \"remito\", \"object\": \"Remito object (35)\"}}]',11,2),(162,'2024-05-21 17:09:04.946274','22','Carga object (22)',1,'[{\"added\": {}}, {\"added\": {\"name\": \"remito\", \"object\": \"Remito object (36)\"}}]',11,2),(163,'2024-05-21 17:13:43.906204','12','IVAN LUCERO',1,'[{\"added\": {}}]',12,2),(164,'2024-05-21 17:19:18.935333','23','Carga object (23)',1,'[{\"added\": {}}, {\"added\": {\"name\": \"remito\", \"object\": \"Remito object (37)\"}}, {\"added\": {\"name\": \"remito\", \"object\": \"Remito object (38)\"}}]',11,2),(165,'2024-05-21 17:45:41.693439','1','NEW AMERICAN OIL S.A.',1,'[{\"added\": {}}]',20,2),(166,'2024-05-21 17:47:21.576159','1','RemitoVarios object (1)',1,'[{\"added\": {}}]',17,2),(167,'2024-05-21 20:58:17.252174','1','RemitoVarios object (1)',2,'[]',17,1),(168,'2024-05-21 21:00:07.460516','1','RemitoVarios object (1)',2,'[]',17,1),(169,'2024-05-22 13:10:10.070146','24','Carga object (24)',1,'[{\"added\": {}}, {\"added\": {\"name\": \"remito\", \"object\": \"Remito object (39)\"}}, {\"added\": {\"name\": \"remito\", \"object\": \"Remito object (40)\"}}]',11,2),(170,'2024-05-22 22:13:58.400098','25','Carga object (25)',1,'[{\"added\": {}}, {\"added\": {\"name\": \"remito\", \"object\": \"Remito object (41)\"}}]',11,2),(171,'2024-05-22 22:14:55.509357','25','Carga object (25)',2,'[]',11,2),(172,'2024-05-22 22:45:33.329387','26','Carga object (26)',1,'[{\"added\": {}}, {\"added\": {\"name\": \"remito\", \"object\": \"Remito object (42)\"}}]',11,1),(173,'2024-05-22 22:52:56.481994','26','Carga object (26)',3,'',11,1),(174,'2024-05-22 22:54:44.038059','24','Carga object (24)',2,'[{\"changed\": {\"name\": \"remito\", \"object\": \"Remito object (39)\", \"fields\": [\"Transporte\"]}}, {\"changed\": {\"name\": \"remito\", \"object\": \"Remito object (40)\", \"fields\": [\"Transporte\"]}}]',11,1),(175,'2024-05-22 22:55:32.432910','25','Carga object (25)',2,'[{\"changed\": {\"name\": \"remito\", \"object\": \"Remito object (41)\", \"fields\": [\"Transporte\"]}}]',11,1),(176,'2024-05-22 22:55:41.581767','24','Carga object (24)',2,'[]',11,1),(177,'2024-05-23 20:54:18.753373','2','LAL S.A.',1,'[{\"added\": {}}]',20,4),(178,'2024-05-23 21:16:48.161748','2','RemitoVarios object (2)',1,'[{\"added\": {}}]',17,4),(179,'2024-05-23 21:46:22.195370','27','Carga object (27)',1,'[{\"added\": {}}, {\"added\": {\"name\": \"remito\", \"object\": \"Remito object (43)\"}}]',11,1),(180,'2024-05-23 21:46:38.478645','27','Carga object (27)',3,'',11,1),(181,'2024-05-24 11:34:59.995183','28','Carga object (28)',1,'[{\"added\": {}}, {\"added\": {\"name\": \"remito\", \"object\": \"Remito object (44)\"}}, {\"added\": {\"name\": \"remito\", \"object\": \"Remito object (45)\"}}]',11,2),(182,'2024-05-24 11:36:10.640594','28','Carga object (28)',2,'[{\"changed\": {\"fields\": [\"Densidad\"]}}]',11,2),(183,'2024-05-24 11:37:22.939761','28','Carga object (28)',2,'[{\"changed\": {\"fields\": [\"NroRancho\", \"LetraRancho\"]}}]',11,2),(184,'2024-05-24 13:16:24.200078','3','RemitoVarios object (3)',1,'[{\"added\": {}}]',17,2),(185,'2024-05-24 13:17:09.082354','3','RemitoVarios object (3)',2,'[{\"changed\": {\"fields\": [\"Unidad\"]}}]',17,2),(186,'2024-05-24 13:18:06.602740','3','ROBERT ORLANDO',1,'[{\"added\": {}}]',20,2),(187,'2024-05-24 13:18:13.568163','3','RemitoVarios object (3)',2,'[{\"changed\": {\"fields\": [\"Destinatario\"]}}]',17,2),(188,'2024-05-24 19:31:31.521014','10','OLAZABAL',1,'[{\"added\": {}}]',7,5),(189,'2024-05-24 19:33:29.102180','38','AFROPEZ',1,'[{\"added\": {}}]',8,5),(190,'2024-05-24 19:34:27.807010','38','AGROPEZ',2,'[{\"changed\": {\"fields\": [\"Nombre\"]}}]',8,5),(191,'2024-05-24 19:35:12.579805','125','CONARA I',1,'[{\"added\": {}}]',9,5),(192,'2024-05-24 19:40:00.097365','104','XEITOSINO',2,'[{\"changed\": {\"fields\": [\"Nombre\"]}}]',9,5),(193,'2024-05-24 19:51:28.683230','29','Carga object (29)',1,'[{\"added\": {}}, {\"added\": {\"name\": \"remito\", \"object\": \"Remito object (46)\"}}]',11,5),(194,'2024-05-24 19:56:51.975987','29','Carga object (29)',2,'[{\"changed\": {\"name\": \"remito\", \"object\": \"Remito object (46)\", \"fields\": [\"CantidadBarco\"]}}]',11,5),(195,'2024-05-24 19:58:09.437992','29','Carga object (29)',2,'[{\"changed\": {\"name\": \"remito\", \"object\": \"Remito object (46)\", \"fields\": [\"CantidadBarco\", \"CantidadDeposito\"]}}]',11,5),(196,'2024-05-27 13:23:08.771637','30','AE670XT',1,'[{\"added\": {}}]',16,2),(197,'2024-05-27 13:35:13.080936','29','KRA759',2,'[{\"changed\": {\"fields\": [\"Transporte\"]}}]',16,2),(198,'2024-05-27 13:35:57.505829','13','AE670XT',2,'[{\"changed\": {\"fields\": [\"Transporte\"]}}]',16,2),(199,'2024-05-27 13:35:57.848332','29','KRA759',2,'[{\"changed\": {\"fields\": [\"Transporte\"]}}]',16,2),(200,'2024-05-27 13:36:17.734761','16','AE756UL',2,'[{\"changed\": {\"fields\": [\"Transporte\"]}}]',10,2),(201,'2024-05-27 13:38:26.771015','30','Carga object (30)',1,'[{\"added\": {}}, {\"added\": {\"name\": \"remito\", \"object\": \"Remito object (47)\"}}]',11,2),(202,'2024-05-27 14:17:40.215653','31','Carga object (31)',1,'[{\"added\": {}}, {\"added\": {\"name\": \"remito\", \"object\": \"Remito object (48)\"}}]',11,2),(203,'2024-05-27 14:52:52.889364','51','LUCIA LUISA',2,'[{\"changed\": {\"fields\": [\"Armadora\"]}}]',9,2),(204,'2024-05-27 14:54:32.661825','32','Carga object (32)',1,'[{\"added\": {}}, {\"added\": {\"name\": \"remito\", \"object\": \"Remito object (49)\"}}]',11,2),(205,'2024-05-27 14:55:10.121632','32','Carga object (32)',2,'[{\"changed\": {\"name\": \"remito\", \"object\": \"Remito object (49)\", \"fields\": [\"CantidadDeposito\"]}}]',11,2),(206,'2024-05-28 21:33:56.391739','33','Carga object (33)',1,'[{\"added\": {}}, {\"added\": {\"name\": \"remito\", \"object\": \"Remito object (50)\"}}]',11,2),(207,'2024-05-28 21:34:06.383660','33','Carga object (33)',3,'',11,2),(208,'2024-05-28 21:45:27.463211','4','RemitoVarios object (4)',1,'[{\"added\": {}}]',17,2),(209,'2024-05-28 21:45:59.476191','4','RemitoVarios object (4)',2,'[{\"changed\": {\"fields\": [\"Empresa\"]}}]',17,2),(210,'2024-05-29 13:48:37.271079','126','PEVEGASA QUINTO',1,'[{\"added\": {}}]',9,3),(211,'2024-05-30 11:59:26.209206','39','MIRABELLA SRL',1,'[{\"added\": {}}]',8,2),(212,'2024-05-30 11:59:57.048636','127','Ribazon Ines',1,'[{\"added\": {}}]',9,2),(213,'2024-05-30 12:02:47.170279','34','Carga object (34)',1,'[{\"added\": {}}, {\"added\": {\"name\": \"remito\", \"object\": \"Remito object (51)\"}}]',11,2),(214,'2024-05-30 14:32:20.864083','27','JXC150',2,'[{\"changed\": {\"fields\": [\"Transporte\"]}}]',16,2),(215,'2024-05-30 14:33:52.544775','7','NMH460',2,'[{\"changed\": {\"fields\": [\"Patente\", \"Transporte\"]}}]',16,2),(216,'2024-05-30 14:35:01.837944','8','MHH717',2,'[{\"changed\": {\"fields\": [\"Patente\", \"Transporte\"]}}]',16,2),(217,'2024-05-30 14:35:32.828956','20','NND682',2,'[{\"changed\": {\"fields\": [\"Patente\", \"Transporte\"]}}]',16,2),(218,'2024-05-30 14:39:52.073805','16','AA294NA',2,'[{\"changed\": {\"fields\": [\"Transporte\"]}}]',16,2),(219,'2024-05-30 14:40:22.575866','23','NND682',2,'[{\"changed\": {\"fields\": [\"Transporte\"]}}]',10,2),(220,'2024-05-30 14:40:32.300494','16','AA294NA',2,'[]',16,2),(221,'2024-05-30 14:41:00.733943','12','JZU643',2,'[{\"changed\": {\"fields\": [\"Transporte\"]}}]',16,2),(222,'2024-05-30 14:41:30.686229','15','MHH717',2,'[{\"changed\": {\"fields\": [\"Transporte\"]}}]',10,2),(223,'2024-05-30 14:41:50.858303','12','NMH460',2,'[{\"changed\": {\"fields\": [\"Transporte\"]}}]',10,2),(224,'2024-05-30 14:42:05.144061','29','KRA759',2,'[{\"changed\": {\"fields\": [\"Transporte\"]}}]',16,2),(225,'2024-05-30 15:57:01.513036','4','MAR Y VALLE SRL',1,'[{\"added\": {}}]',20,2),(226,'2024-05-30 15:58:25.256389','5','RemitoVarios object (5)',1,'[{\"added\": {}}]',17,2),(227,'2024-05-30 16:00:31.608177','5','RemitoVarios object (5)',2,'[{\"changed\": {\"fields\": [\"Remolque\", \"Camion\"]}}]',17,2),(228,'2024-05-30 16:09:20.459072','5','LINEA 28 DE JULIO SOC. COOP Y T.L.',1,'[{\"added\": {}}]',20,2),(229,'2024-05-30 16:09:29.464296','5','RemitoVarios object (5)',2,'[{\"changed\": {\"fields\": [\"Destinatario\"]}}]',17,2),(230,'2024-05-30 22:26:21.314971','35','Carga object (35)',1,'[{\"added\": {}}, {\"added\": {\"name\": \"remito\", \"object\": \"Remito object (52)\"}}]',11,1),(231,'2024-05-30 22:26:41.272291','35','Carga object (35)',3,'',11,1),(232,'2024-05-30 22:31:27.899789','1','ArmadoraPuerto object (1)',1,'[{\"added\": {}}]',22,1),(233,'2024-05-30 22:32:16.512638','1','ArmadoraPuerto object (1)',3,'',22,1),(234,'2024-05-30 22:41:45.561390','36','Carga object (36)',1,'[{\"added\": {}}, {\"added\": {\"name\": \"remito\", \"object\": \"Remito object (53)\"}}]',11,1),(235,'2024-05-30 22:41:58.646586','36','Carga object (36)',3,'',11,1),(236,'2024-05-31 12:02:25.323624','128','Pevegasa V',1,'[{\"added\": {}}]',9,2),(237,'2024-05-31 12:07:31.235170','37','Carga object (37)',1,'[{\"added\": {}}, {\"added\": {\"name\": \"remito\", \"object\": \"Remito object (54)\"}}]',11,2),(238,'2024-05-31 12:09:38.825414','37','Carga object (37)',2,'[{\"changed\": {\"fields\": [\"Densidad\"]}}]',11,2),(239,'2024-05-31 16:34:08.848440','129','Bahía Desvelos',1,'[{\"added\": {}}]',9,2),(240,'2024-05-31 16:36:05.324913','38','Carga object (38)',1,'[{\"added\": {}}, {\"added\": {\"name\": \"remito\", \"object\": \"Remito object (55)\"}}]',11,2),(241,'2024-05-31 21:25:42.407655','40','GRINFIN',1,'[{\"added\": {}}]',8,2),(242,'2024-05-31 21:28:01.692925','40','GRINFIN S.A.',2,'[{\"changed\": {\"fields\": [\"Nombre\"]}}]',8,2),(243,'2024-05-31 21:30:36.680268','130','MESSINA I',1,'[{\"added\": {}}]',9,2),(244,'2024-05-31 21:35:29.470635','11','BARBERA',1,'[{\"added\": {}}]',7,2),(245,'2024-05-31 21:47:48.689217','39','Carga object (39)',1,'[{\"added\": {}}, {\"added\": {\"name\": \"remito\", \"object\": \"Remito object (56)\"}}]',11,2),(246,'2024-05-31 22:06:00.692201','40','Carga object (40)',1,'[{\"added\": {}}, {\"added\": {\"name\": \"remito\", \"object\": \"Remito object (57)\"}}]',11,2),(247,'2024-05-31 22:28:28.579014','2','ArmadoraPuerto object (2)',1,'[{\"added\": {}}]',22,1),(248,'2024-05-31 22:28:50.828409','3','ArmadoraPuerto object (3)',1,'[{\"added\": {}}]',22,1),(249,'2024-06-01 13:04:47.917994','40','Carga object (40)',2,'[{\"changed\": {\"name\": \"remito\", \"object\": \"Remito object (57)\", \"fields\": [\"Numero\", \"Chofer\", \"Camion\", \"Remolque\", \"CantidadDeposito\"]}}]',11,2),(250,'2024-06-01 14:11:59.845241','6','RemitoVarios object (6)',1,'[{\"added\": {}}]',17,2),(251,'2024-06-01 14:12:46.602493','6','RemitoVarios object (6)',2,'[{\"changed\": {\"fields\": [\"Destinatario\"]}}]',17,2),(252,'2024-06-03 16:03:11.585846','41','Carga object (41)',1,'[{\"added\": {}}, {\"added\": {\"name\": \"remito\", \"object\": \"Remito object (58)\"}}]',11,2),(253,'2024-06-03 16:04:25.023556','41','Carga object (41)',2,'[{\"changed\": {\"fields\": [\"Barco\"]}}]',11,2),(254,'2024-06-03 16:07:56.979806','41','Carga object (41)',2,'[{\"changed\": {\"name\": \"remito\", \"object\": \"Remito object (58)\", \"fields\": [\"CantidadDeposito\"]}}]',11,2),(255,'2024-06-03 21:07:14.435836','12','PORTSERVICE',1,'[{\"added\": {}}]',7,2),(256,'2024-06-03 21:09:04.634204','41','CHIARMAR S.A.',1,'[{\"added\": {}}]',8,2),(257,'2024-06-03 21:24:30.442723','131','HUAFENG 882',1,'[{\"added\": {}}]',9,2),(258,'2024-06-03 21:27:13.560539','41','Carga object (41)',2,'[{\"changed\": {\"name\": \"remito\", \"object\": \"Remito object (58)\", \"fields\": [\"Camion\", \"Remolque\", \"CantidadDeposito\"]}}]',11,2),(259,'2024-06-03 21:28:28.248454','41','Carga object (41)',2,'[{\"changed\": {\"name\": \"remito\", \"object\": \"Remito object (58)\", \"fields\": [\"Numero\", \"Chofer\"]}}]',11,2),(260,'2024-06-03 21:37:52.363037','42','Carga object (42)',1,'[{\"added\": {}}, {\"added\": {\"name\": \"remito\", \"object\": \"Remito object (59)\"}}]',11,5),(261,'2024-06-03 23:15:09.771767','1','NWA-804',2,'[{\"changed\": {\"fields\": [\"HabilitadoAFIP\"]}}]',10,1),(262,'2024-06-03 23:15:15.819292','2','AF470XP',2,'[{\"changed\": {\"fields\": [\"HabilitadoAFIP\"]}}]',10,1),(263,'2024-06-03 23:15:21.479487','3','AE402AY',2,'[{\"changed\": {\"fields\": [\"HabilitadoAFIP\"]}}]',10,1),(264,'2024-06-03 23:15:26.648138','4','AE143SB',2,'[{\"changed\": {\"fields\": [\"HabilitadoAFIP\"]}}]',10,1),(265,'2024-06-03 23:15:31.608847','8','MHH717',2,'[{\"changed\": {\"fields\": [\"HabilitadoAFIP\"]}}]',10,1),(266,'2024-06-03 23:15:39.082976','8','MHH717',2,'[]',10,1),(267,'2024-06-03 23:15:43.627355','10','AA207LB',2,'[{\"changed\": {\"fields\": [\"HabilitadoAFIP\"]}}]',10,1),(268,'2024-06-03 23:15:49.242603','10','AA207LB',2,'[]',10,1),(269,'2024-06-03 23:15:55.218542','12','NMH460',2,'[{\"changed\": {\"fields\": [\"HabilitadoAFIP\"]}}]',10,1),(270,'2024-06-03 23:15:59.768333','14','KER867',2,'[{\"changed\": {\"fields\": [\"HabilitadoAFIP\"]}}]',10,1),(271,'2024-06-03 23:16:04.472984','15','MHH717',2,'[{\"changed\": {\"fields\": [\"HabilitadoAFIP\"]}}]',10,1),(272,'2024-06-03 23:16:09.837925','16','AE756UL',2,'[{\"changed\": {\"fields\": [\"HabilitadoAFIP\"]}}]',10,1),(273,'2024-06-03 23:16:14.735200','17','AA469SS',2,'[{\"changed\": {\"fields\": [\"HabilitadoAFIP\"]}}]',10,1),(274,'2024-06-03 23:16:19.237027','18','AA207LA',2,'[{\"changed\": {\"fields\": [\"HabilitadoAFIP\"]}}]',10,1),(275,'2024-06-03 23:16:23.569376','19','NND681',2,'[{\"changed\": {\"fields\": [\"HabilitadoAFIP\"]}}]',10,1),(276,'2024-06-03 23:16:29.534349','19','NND681',2,'[]',10,1),(277,'2024-06-03 23:16:33.695961','20','JXC149',2,'[{\"changed\": {\"fields\": [\"HabilitadoAFIP\"]}}]',10,1),(278,'2024-06-03 23:16:38.783828','21','PCV591',2,'[{\"changed\": {\"fields\": [\"HabilitadoAFIP\"]}}]',10,1),(279,'2024-06-03 23:16:45.382584','22','AA436SS',2,'[{\"changed\": {\"fields\": [\"HabilitadoAFIP\"]}}]',10,1),(280,'2024-06-03 23:16:49.495010','23','NND682',2,'[{\"changed\": {\"fields\": [\"HabilitadoAFIP\"]}}]',10,1),(281,'2024-06-03 23:16:53.950952','25','AA851KR',2,'[{\"changed\": {\"fields\": [\"HabilitadoAFIP\"]}}]',10,1),(282,'2024-06-03 23:16:57.569514','26','AA207LA',2,'[{\"changed\": {\"fields\": [\"HabilitadoAFIP\"]}}]',10,1),(283,'2024-06-03 23:17:01.241929','30','MJR129',2,'[{\"changed\": {\"fields\": [\"HabilitadoAFIP\"]}}]',10,1),(284,'2024-06-03 23:17:04.473514','31','JDX414',2,'[{\"changed\": {\"fields\": [\"HabilitadoAFIP\"]}}]',10,1),(285,'2024-06-03 23:30:13.720799','2','TNC',2,'[{\"changed\": {\"fields\": [\"Cuit\"]}}]',19,1),(286,'2024-06-03 23:31:37.428051','3','VES',2,'[{\"changed\": {\"fields\": [\"Cuit\"]}}]',19,1),(287,'2024-06-03 23:32:28.950214','1','OJR',2,'[{\"changed\": {\"fields\": [\"Cuit\"]}}]',19,1),(288,'2024-06-05 11:52:17.468421','43','Carga object (43)',1,'[{\"added\": {}}, {\"added\": {\"name\": \"remito\", \"object\": \"Remito object (60)\"}}]',11,2),(289,'2024-06-05 11:53:18.880031','43','Carga object (43)',2,'[{\"changed\": {\"name\": \"remito\", \"object\": \"Remito object (60)\", \"fields\": [\"CantidadBarco\", \"CantidadDeposito\"]}}]',11,2),(290,'2024-06-05 11:54:13.688067','43','Carga object (43)',2,'[{\"changed\": {\"name\": \"remito\", \"object\": \"Remito object (60)\", \"fields\": [\"CantidadDeposito\"]}}]',11,2),(291,'2024-06-05 14:24:40.010675','132','ARGENOVA II',1,'[{\"added\": {}}]',9,2),(292,'2024-06-05 14:29:46.188747','44','Carga object (44)',1,'[{\"added\": {}}, {\"added\": {\"name\": \"remito\", \"object\": \"Remito object (61)\"}}]',11,2),(293,'2024-06-05 14:40:54.574227','45','Carga object (45)',1,'[{\"added\": {}}, {\"added\": {\"name\": \"remito\", \"object\": \"Remito object (62)\"}}]',11,2),(294,'2024-06-05 20:05:18.009541','13','PORTSERVICE',1,'[{\"added\": {}}]',7,2),(295,'2024-06-05 20:08:10.467066','133','HUAFENG 828',1,'[{\"added\": {}}]',9,2),(296,'2024-06-05 20:14:15.336207','46','Carga object (46)',1,'[{\"added\": {}}, {\"added\": {\"name\": \"remito\", \"object\": \"Remito object (63)\"}}]',11,2),(297,'2024-06-05 20:36:02.792889','47','Carga object (47)',1,'[{\"added\": {}}, {\"added\": {\"name\": \"remito\", \"object\": \"Remito object (64)\"}}]',11,2),(298,'2024-06-05 20:41:47.634437','47','Carga object (47)',2,'[{\"changed\": {\"name\": \"remito\", \"object\": \"Remito object (64)\", \"fields\": [\"CantidadBarco\", \"CantidadDeposito\"]}}]',11,2),(299,'2024-06-06 16:15:56.578156','7','RemitoVarios object (7)',1,'[{\"added\": {}}]',17,2),(300,'2024-06-06 16:34:19.674770','48','Carga object (48)',1,'[{\"added\": {}}, {\"added\": {\"name\": \"remito\", \"object\": \"Remito object (65)\"}}]',11,3),(301,'2024-06-06 20:51:37.184295','49','Carga object (49)',1,'[{\"added\": {}}, {\"added\": {\"name\": \"remito\", \"object\": \"Remito object (66)\"}}]',11,3),(302,'2024-06-07 12:53:30.588253','18','AA097BK',2,'[{\"changed\": {\"fields\": [\"Transporte\"]}}]',16,2),(303,'2024-06-07 12:55:42.436023','50','Carga object (50)',1,'[{\"added\": {}}, {\"added\": {\"name\": \"remito\", \"object\": \"Remito object (67)\"}}]',11,2),(304,'2024-06-07 13:13:49.379925','134','ARGENOVA XXVI',1,'[{\"added\": {}}]',9,2),(305,'2024-06-07 13:18:05.393043','31','AE756UL',1,'[{\"added\": {}}]',16,2),(306,'2024-06-07 13:26:08.771745','32','AA469SS',1,'[{\"added\": {}}]',10,2),(307,'2024-06-07 13:27:00.001235','32','KNC688',1,'[{\"added\": {}}]',16,2),(308,'2024-06-07 13:28:53.590286','51','Carga object (51)',1,'[{\"added\": {}}, {\"added\": {\"name\": \"remito\", \"object\": \"Remito object (68)\"}}, {\"added\": {\"name\": \"remito\", \"object\": \"Remito object (69)\"}}]',11,2),(309,'2024-06-07 13:30:17.034139','51','Carga object (51)',2,'[]',11,2),(310,'2024-06-07 13:35:56.488640','51','Carga object (51)',2,'[{\"changed\": {\"fields\": [\"Temperatura\"]}}, {\"changed\": {\"name\": \"remito\", \"object\": \"Remito object (68)\", \"fields\": [\"Camion\"]}}]',11,2),(311,'2024-06-07 14:24:07.849011','51','Carga object (51)',2,'[{\"changed\": {\"name\": \"remito\", \"object\": \"Remito object (68)\", \"fields\": [\"Camion\", \"Remolque\"]}}, {\"changed\": {\"name\": \"remito\", \"object\": \"Remito object (69)\", \"fields\": [\"Transporte\", \"Camion\", \"Remolque\"]}}]',11,2),(312,'2024-06-07 14:33:07.736861','33','AA851KR',1,'[{\"added\": {}}]',10,2),(313,'2024-06-07 14:33:35.889733','33','JXC150',1,'[{\"added\": {}}]',16,2),(314,'2024-06-07 14:34:11.383864','52','Carga object (52)',1,'[{\"added\": {}}, {\"added\": {\"name\": \"remito\", \"object\": \"Remito object (70)\"}}, {\"added\": {\"name\": \"remito\", \"object\": \"Remito object (71)\"}}]',11,2),(315,'2024-06-07 16:46:30.998035','8','RemitoVarios object (8)',1,'[{\"added\": {}}]',17,2),(316,'2024-06-07 19:51:36.447535','52','Carga object (52)',3,'',11,2),(317,'2024-06-07 19:55:28.840678','53','Carga object (53)',1,'[{\"added\": {}}, {\"added\": {\"name\": \"remito\", \"object\": \"Remito object (72)\"}}]',11,2),(318,'2024-06-07 19:59:08.334042','53','Carga object (53)',2,'[{\"changed\": {\"fields\": [\"OrdenCompra\"]}}, {\"changed\": {\"name\": \"remito\", \"object\": \"Remito object (72)\", \"fields\": [\"CantidadDeposito\"]}}]',11,2),(319,'2024-06-07 20:06:19.428637','51','Carga object (51)',2,'[{\"added\": {\"name\": \"remito\", \"object\": \"Remito object (73)\"}}, {\"changed\": {\"name\": \"remito\", \"object\": \"Remito object (68)\", \"fields\": [\"Camion\", \"Remolque\"]}}, {\"changed\": {\"name\": \"remito\", \"object\": \"Remito object (69)\", \"fields\": [\"Transporte\", \"Numero\", \"CantidadBarco\"]}}]',11,2),(320,'2024-06-07 21:25:57.857873','54','Carga object (54)',1,'[{\"added\": {}}, {\"added\": {\"name\": \"remito\", \"object\": \"Remito object (74)\"}}]',11,3),(321,'2024-06-07 22:04:22.781046','55','Carga object (55)',1,'[{\"added\": {}}, {\"added\": {\"name\": \"remito\", \"object\": \"Remito object (75)\"}}]',11,3),(322,'2024-06-08 13:19:00.103460','56','Carga object (56)',1,'[{\"added\": {}}, {\"added\": {\"name\": \"remito\", \"object\": \"Remito object (76)\"}}]',11,3),(323,'2024-06-08 13:25:19.452695','57','Carga object (57)',1,'[{\"added\": {}}, {\"added\": {\"name\": \"remito\", \"object\": \"Remito object (77)\"}}]',11,3),(324,'2024-06-08 13:27:50.912339','58','Carga object (58)',1,'[{\"added\": {}}, {\"added\": {\"name\": \"remito\", \"object\": \"Remito object (78)\"}}]',11,3),(325,'2024-06-09 14:50:27.963654','135','HUAFENG 881',1,'[{\"added\": {}}]',9,3),(326,'2024-06-09 14:51:19.213598','136','HUAFENG 827',1,'[{\"added\": {}}]',9,3),(327,'2024-06-09 14:55:34.055731','59','Carga object (59)',1,'[{\"added\": {}}, {\"added\": {\"name\": \"remito\", \"object\": \"Remito object (79)\"}}]',11,3),(328,'2024-06-09 14:57:13.007798','60','Carga object (60)',1,'[{\"added\": {}}, {\"added\": {\"name\": \"remito\", \"object\": \"Remito object (80)\"}}]',11,3),(329,'2024-06-09 14:58:16.897530','61','Carga object (61)',1,'[{\"added\": {}}, {\"added\": {\"name\": \"remito\", \"object\": \"Remito object (81)\"}}]',11,3),(330,'2024-06-09 21:38:19.844455','62','Carga object (62)',1,'[{\"added\": {}}, {\"added\": {\"name\": \"remito\", \"object\": \"Remito object (82)\"}}]',11,3),(331,'2024-06-09 21:40:47.881514','62','Carga object (62)',2,'[{\"added\": {\"name\": \"remito\", \"object\": \"Remito object (83)\"}}]',11,3),(332,'2024-06-10 12:16:06.518788','63','Carga object (63)',1,'[{\"added\": {}}, {\"added\": {\"name\": \"remito\", \"object\": \"Remito object (84)\"}}]',11,2),(333,'2024-06-10 15:10:15.612608','64','Carga object (64)',1,'[{\"added\": {}}, {\"added\": {\"name\": \"remito\", \"object\": \"Remito object (85)\"}}, {\"added\": {\"name\": \"remito\", \"object\": \"Remito object (86)\"}}, {\"added\": {\"name\": \"remito\", \"object\": \"Remito object (87)\"}}]',11,2),(334,'2024-06-10 19:47:02.809441','13','MATIAS ALEXIS YAÑEZ',1,'[{\"added\": {}}]',12,3),(335,'2024-06-10 19:48:02.310066','13','MATIAS ALEXIS YAÑEZ',2,'[{\"changed\": {\"fields\": [\"Pna\"]}}]',12,3),(336,'2024-06-10 19:53:17.111395','65','Carga object (65)',1,'[{\"added\": {}}, {\"added\": {\"name\": \"remito\", \"object\": \"Remito object (88)\"}}]',11,3),(337,'2024-06-10 19:54:54.595004','66','Carga object (66)',1,'[{\"added\": {}}, {\"added\": {\"name\": \"remito\", \"object\": \"Remito object (89)\"}}]',11,3),(338,'2024-06-11 03:48:30.119838','67','Carga object (67)',1,'[{\"added\": {}}, {\"added\": {\"name\": \"remito\", \"object\": \"Remito object (90)\"}}]',11,3),(339,'2024-06-11 12:25:02.355200','13','MATIAS ALEXIS YAÑEZ',2,'[{\"changed\": {\"fields\": [\"Telefono\", \"Pna\"]}}]',12,3),(340,'2024-06-11 14:32:02.889330','9','RemitoVarios object (9)',1,'[{\"added\": {}}]',17,2),(341,'2024-06-11 20:13:42.889962','68','Carga object (68)',1,'[{\"added\": {}}, {\"added\": {\"name\": \"remito\", \"object\": \"Remito object (91)\"}}]',11,3),(342,'2024-06-11 20:27:55.730757','7','PIEDRABUENA',1,'[{\"added\": {}}]',15,3),(343,'2024-06-11 20:28:07.820715','7','PIEDRABUENA',2,'[]',15,3),(344,'2024-06-11 20:36:35.322693','69','Carga object (69)',1,'[{\"added\": {}}, {\"added\": {\"name\": \"remito\", \"object\": \"Remito object (92)\"}}, {\"added\": {\"name\": \"remito\", \"object\": \"Remito object (93)\"}}]',11,3),(345,'2024-06-11 20:39:11.489491','69','Carga object (69)',2,'[{\"changed\": {\"fields\": [\"Puerto\"]}}]',11,3),(346,'2024-06-11 21:01:19.569978','14','EZEQUIEL AGUILERA',1,'[{\"added\": {}}]',12,3),(347,'2024-06-11 21:06:54.250458','34','NMH 461',1,'[{\"added\": {}}]',10,3),(348,'2024-06-11 21:09:00.984516','34','AA 097 BJ',1,'[{\"added\": {}}]',16,3),(349,'2024-06-11 21:12:55.222756','70','Carga object (70)',1,'[{\"added\": {}}, {\"added\": {\"name\": \"remito\", \"object\": \"Remito object (94)\"}}, {\"added\": {\"name\": \"remito\", \"object\": \"Remito object (95)\"}}]',11,3),(350,'2024-06-11 21:22:12.114785','1','NWA804',2,'[{\"changed\": {\"fields\": [\"Patente\"]}}]',10,1),(351,'2024-06-11 21:22:45.589278','34','NMH461',2,'[{\"changed\": {\"fields\": [\"Patente\"]}}]',10,1),(352,'2024-06-11 21:49:29.698185','70','Carga object (70)',2,'[{\"changed\": {\"name\": \"remito\", \"object\": \"Remito object (94)\", \"fields\": [\"Empresa\"]}}, {\"changed\": {\"name\": \"remito\", \"object\": \"Remito object (95)\", \"fields\": [\"Empresa\"]}}]',11,3),(353,'2024-06-11 21:54:33.685394','1','Configuracion object (1)',2,'[{\"changed\": {\"fields\": [\"ImpresoraRemitos\"]}}]',14,1),(354,'2024-06-11 22:17:46.747531','67','Carga object (67)',2,'[{\"changed\": {\"name\": \"remito\", \"object\": \"Remito object (90)\", \"fields\": [\"Empresa\", \"Remolque\"]}}]',11,1),(355,'2024-06-11 22:54:19.381927','8','MHH717',2,'[{\"changed\": {\"fields\": [\"Transporte\"]}}]',10,1),(356,'2024-06-12 13:32:54.547192','71','Carga object (71)',1,'[{\"added\": {}}, {\"added\": {\"name\": \"remito\", \"object\": \"Remito object (96)\"}}]',11,3),(357,'2024-06-12 14:54:04.249321','72','Carga object (72)',1,'[{\"added\": {}}, {\"added\": {\"name\": \"remito\", \"object\": \"Remito object (97)\"}}]',11,3),(358,'2024-06-12 15:15:13.997070','73','Carga object (73)',1,'[{\"added\": {}}, {\"added\": {\"name\": \"remito\", \"object\": \"Remito object (98)\"}}]',11,3),(359,'2024-06-12 16:49:43.420540','3','ROBERT Orlando Jorge',2,'[{\"changed\": {\"fields\": [\"Denominacion\"]}}]',20,2),(360,'2024-06-12 16:50:25.060559','10','RemitoVarios object (10)',1,'[{\"added\": {}}]',17,2),(361,'2024-06-12 20:35:25.786926','74','Carga object (74)',1,'[{\"added\": {}}, {\"added\": {\"name\": \"remito\", \"object\": \"Remito object (99)\"}}]',11,3),(362,'2024-06-12 20:36:58.672414','75','Carga object (75)',1,'[{\"added\": {}}, {\"added\": {\"name\": \"remito\", \"object\": \"Remito object (100)\"}}]',11,3),(363,'2024-06-12 20:38:16.417275','76','Carga object (76)',1,'[{\"added\": {}}, {\"added\": {\"name\": \"remito\", \"object\": \"Remito object (101)\"}}]',11,3),(364,'2024-06-12 20:50:02.964962','1','Configuracion object (1)',2,'[{\"changed\": {\"fields\": [\"VencimientoAseguradora\"]}}]',14,3),(365,'2024-06-13 13:41:49.685702','77','Carga object (77)',1,'[{\"added\": {}}, {\"added\": {\"name\": \"remito\", \"object\": \"Remito object (102)\"}}]',11,3),(366,'2024-06-14 12:22:05.609103','78','Carga object (78)',1,'[{\"added\": {}}, {\"added\": {\"name\": \"remito\", \"object\": \"Remito object (103)\"}}]',11,2),(367,'2024-06-14 12:23:00.549922','78','Carga object (78)',2,'[{\"changed\": {\"fields\": [\"Densidad\"]}}, {\"changed\": {\"name\": \"remito\", \"object\": \"Remito object (103)\", \"fields\": [\"Remolque\", \"CantidadBarco\"]}}]',11,2),(368,'2024-06-14 12:24:02.980851','78','Carga object (78)',2,'[{\"changed\": {\"fields\": [\"Densidad\"]}}, {\"changed\": {\"name\": \"remito\", \"object\": \"Remito object (103)\", \"fields\": [\"Remolque\"]}}]',11,2),(369,'2024-06-14 12:25:02.993582','78','Carga object (78)',2,'[{\"changed\": {\"fields\": [\"Temperatura\"]}}, {\"changed\": {\"name\": \"remito\", \"object\": \"Remito object (103)\", \"fields\": [\"Remolque\", \"CantidadBarco\"]}}]',11,2),(370,'2024-06-14 12:26:10.774538','78','Carga object (78)',2,'[{\"changed\": {\"fields\": [\"Densidad\"]}}]',11,2),(371,'2024-06-14 13:22:05.298250','78','Carga object (78)',3,'',11,2),(372,'2024-06-14 14:41:45.649218','79','Carga object (79)',1,'[{\"added\": {}}, {\"added\": {\"name\": \"remito\", \"object\": \"Remito object (104)\"}}]',11,3),(373,'2024-06-14 14:43:53.247788','80','Carga object (80)',1,'[{\"added\": {}}, {\"added\": {\"name\": \"remito\", \"object\": \"Remito object (105)\"}}]',11,3),(374,'2024-06-15 20:43:36.193559','81','Carga object (81)',1,'[{\"added\": {}}, {\"added\": {\"name\": \"remito\", \"object\": \"Remito object (106)\"}}]',11,5),(375,'2024-06-15 21:19:37.183574','82','Carga object (82)',1,'[{\"added\": {}}, {\"added\": {\"name\": \"remito\", \"object\": \"Remito object (107)\"}}]',11,5),(376,'2024-06-16 17:27:00.343034','83','Carga object (83)',1,'[{\"added\": {}}, {\"added\": {\"name\": \"remito\", \"object\": \"Remito object (108)\"}}]',11,3),(377,'2024-06-16 17:40:14.029549','84','Carga object (84)',1,'[{\"added\": {}}, {\"added\": {\"name\": \"remito\", \"object\": \"Remito object (109)\"}}]',11,3),(378,'2024-06-16 22:03:14.368084','85','Carga object (85)',1,'[{\"added\": {}}, {\"added\": {\"name\": \"remito\", \"object\": \"Remito object (110)\"}}]',11,3),(379,'2024-06-16 22:04:59.570888','86','Carga object (86)',1,'[{\"added\": {}}, {\"added\": {\"name\": \"remito\", \"object\": \"Remito object (111)\"}}]',11,3),(380,'2024-06-16 22:25:27.175590','87','Carga object (87)',1,'[{\"added\": {}}, {\"added\": {\"name\": \"remito\", \"object\": \"Remito object (112)\"}}]',11,3),(381,'2024-06-17 13:00:39.471069','88','Carga object (88)',1,'[{\"added\": {}}, {\"added\": {\"name\": \"remito\", \"object\": \"Remito object (113)\"}}]',11,3),(382,'2024-06-17 13:07:53.966418','89','Carga object (89)',1,'[{\"added\": {}}, {\"added\": {\"name\": \"remito\", \"object\": \"Remito object (114)\"}}]',11,3),(383,'2024-06-17 20:34:08.575348','90','Carga object (90)',1,'[{\"added\": {}}, {\"added\": {\"name\": \"remito\", \"object\": \"Remito object (115)\"}}]',11,3),(384,'2024-06-18 12:00:37.919816','91','Carga object (91)',1,'[{\"added\": {}}, {\"added\": {\"name\": \"remito\", \"object\": \"Remito object (116)\"}}, {\"added\": {\"name\": \"remito\", \"object\": \"Remito object (117)\"}}]',11,2),(385,'2024-06-18 12:02:10.434218','91','Carga object (91)',2,'[{\"changed\": {\"fields\": [\"Puerto\"]}}]',11,2),(386,'2024-06-18 12:20:27.515700','91','Carga object (91)',2,'[{\"changed\": {\"name\": \"remito\", \"object\": \"Remito object (116)\", \"fields\": [\"Camion\", \"Remolque\"]}}, {\"changed\": {\"name\": \"remito\", \"object\": \"Remito object (117)\", \"fields\": [\"Empresa\", \"Transporte\", \"CantidadDeposito\"]}}]',11,2),(387,'2024-06-18 12:27:25.415826','92','Carga object (92)',1,'[{\"added\": {}}, {\"added\": {\"name\": \"remito\", \"object\": \"Remito object (118)\"}}]',11,2),(388,'2024-06-18 12:31:27.705753','92','Carga object (92)',2,'[{\"changed\": {\"fields\": [\"Puerto\"]}}, {\"changed\": {\"name\": \"remito\", \"object\": \"Remito object (118)\", \"fields\": [\"Camion\", \"Remolque\"]}}]',11,2),(389,'2024-06-18 12:45:42.239553','93','Carga object (93)',1,'[{\"added\": {}}, {\"added\": {\"name\": \"remito\", \"object\": \"Remito object (119)\"}}]',11,2),(390,'2024-06-18 15:14:26.499391','11','RemitoVarios object (11)',1,'[{\"added\": {}}]',17,2),(391,'2024-06-18 15:48:36.804908','94','Carga object (94)',1,'[{\"added\": {}}, {\"added\": {\"name\": \"remito\", \"object\": \"Remito object (120)\"}}]',11,3),(392,'2024-06-18 22:04:56.141806','95','Carga object (95)',1,'[{\"added\": {}}, {\"added\": {\"name\": \"remito\", \"object\": \"Remito object (121)\"}}]',11,3),(393,'2024-06-18 22:10:48.885500','96','Carga object (96)',1,'[{\"added\": {}}, {\"added\": {\"name\": \"remito\", \"object\": \"Remito object (122)\"}}]',11,3),(394,'2024-06-18 22:17:58.351902','97','Carga object (97)',1,'[{\"added\": {}}, {\"added\": {\"name\": \"remito\", \"object\": \"Remito object (123)\"}}, {\"added\": {\"name\": \"remito\", \"object\": \"Remito object (124)\"}}]',11,3),(395,'2024-06-18 22:30:08.178721','98','Carga object (98)',1,'[{\"added\": {}}, {\"added\": {\"name\": \"remito\", \"object\": \"Remito object (125)\"}}]',11,3),(396,'2024-06-18 22:39:17.115535','137','ARGENOVA X',1,'[{\"added\": {}}]',9,3),(397,'2024-06-18 22:43:23.375064','99','Carga object (99)',1,'[{\"added\": {}}, {\"added\": {\"name\": \"remito\", \"object\": \"Remito object (126)\"}}, {\"added\": {\"name\": \"remito\", \"object\": \"Remito object (127)\"}}]',11,3),(398,'2024-06-19 13:25:07.068485','100','Carga object (100)',1,'[{\"added\": {}}, {\"added\": {\"name\": \"remito\", \"object\": \"Remito object (128)\"}}]',11,3),(399,'2024-06-19 15:42:43.776509','6','PETROMARES S.A.',1,'[{\"added\": {}}]',20,2),(400,'2024-06-19 15:43:47.583943','12','RemitoVarios object (12)',1,'[{\"added\": {}}]',17,2),(401,'2024-06-19 16:46:57.379256','13','RemitoVarios object (13)',1,'[{\"added\": {}}]',17,2),(402,'2024-06-19 16:51:08.547902','5','Línea 28 de Julio Soc. Coop Y T.L.',2,'[{\"changed\": {\"fields\": [\"Denominacion\"]}}]',20,2),(403,'2024-06-19 16:51:22.144554','4','Mar Y Valle SRL',2,'[{\"changed\": {\"fields\": [\"Denominacion\"]}}]',20,2),(404,'2024-06-19 16:52:17.909650','14','RemitoVarios object (14)',1,'[{\"added\": {}}]',17,2),(405,'2024-06-20 14:23:59.719300','101','Carga object (101)',1,'[{\"added\": {}}, {\"added\": {\"name\": \"remito\", \"object\": \"Remito object (129)\"}}]',11,3),(406,'2024-06-21 22:17:28.448741','102','Carga object (102)',1,'[{\"added\": {}}, {\"added\": {\"name\": \"remito\", \"object\": \"Remito object (130)\"}}]',11,3),(407,'2024-06-21 22:19:27.119614','103','Carga object (103)',1,'[{\"added\": {}}, {\"added\": {\"name\": \"remito\", \"object\": \"Remito object (131)\"}}]',11,3),(408,'2024-06-21 22:21:16.092741','104','Carga object (104)',1,'[{\"added\": {}}, {\"added\": {\"name\": \"remito\", \"object\": \"Remito object (132)\"}}]',11,3),(409,'2024-06-22 21:09:18.544666','138','ARGENOVA IX',1,'[{\"added\": {}}]',9,2),(410,'2024-06-22 21:14:02.645927','105','Carga object (105)',1,'[{\"added\": {}}, {\"added\": {\"name\": \"remito\", \"object\": \"Remito object (133)\"}}]',11,2),(411,'2024-06-22 21:20:10.547507','105','Carga object (105)',3,'',11,2),(412,'2024-06-22 21:23:43.146002','106','Carga object (106)',1,'[{\"added\": {}}, {\"added\": {\"name\": \"remito\", \"object\": \"Remito object (134)\"}}]',11,2),(413,'2024-06-22 22:15:55.877829','107','Carga object (107)',1,'[{\"added\": {}}, {\"added\": {\"name\": \"remito\", \"object\": \"Remito object (135)\"}}]',11,2),(414,'2024-06-22 22:55:28.540260','108','Carga object (108)',1,'[{\"added\": {}}, {\"added\": {\"name\": \"remito\", \"object\": \"Remito object (136)\"}}]',11,2),(415,'2024-06-23 21:18:39.591450','109','Carga object (109)',1,'[{\"added\": {}}, {\"added\": {\"name\": \"remito\", \"object\": \"Remito object (137)\"}}]',11,3),(416,'2024-06-23 21:26:56.018031','110','Carga object (110)',1,'[{\"added\": {}}, {\"added\": {\"name\": \"remito\", \"object\": \"Remito object (138)\"}}]',11,3),(417,'2024-06-23 21:32:50.657810','111','Carga object (111)',1,'[{\"added\": {}}, {\"added\": {\"name\": \"remito\", \"object\": \"Remito object (139)\"}}]',11,3),(418,'2024-06-24 15:12:10.698495','15','RemitoVarios object (15)',1,'[{\"added\": {}}]',17,2),(419,'2024-06-24 15:20:44.884242','16','RemitoVarios object (16)',1,'[{\"added\": {}}]',17,2),(420,'2024-06-25 13:07:07.679016','112','Carga object (112)',1,'[{\"added\": {}}, {\"added\": {\"name\": \"remito\", \"object\": \"Remito object (140)\"}}]',11,3),(421,'2024-06-25 13:59:10.246084','113','Carga object (113)',1,'[{\"added\": {}}, {\"added\": {\"name\": \"remito\", \"object\": \"Remito object (141)\"}}]',11,3),(422,'2024-06-25 14:08:59.210048','114','Carga object (114)',1,'[{\"added\": {}}, {\"added\": {\"name\": \"remito\", \"object\": \"Remito object (142)\"}}]',11,5),(423,'2024-06-25 14:21:06.856112','115','Carga object (115)',1,'[{\"added\": {}}, {\"added\": {\"name\": \"remito\", \"object\": \"Remito object (143)\"}}]',11,5),(424,'2024-06-25 14:34:55.469340','116','Carga object (116)',1,'[{\"added\": {}}, {\"added\": {\"name\": \"remito\", \"object\": \"Remito object (144)\"}}]',11,5),(425,'2024-06-26 11:55:11.541077','17','RemitoVarios object (17)',1,'[{\"added\": {}}]',17,2),(426,'2024-06-26 12:47:13.289747','42','Comandante Luis Piedra Buena S.A.',1,'[{\"added\": {}}]',8,2),(427,'2024-06-26 12:49:16.035306','139','Comandante Luis Piedra Buena',1,'[{\"added\": {}}]',9,2),(428,'2024-06-26 12:53:00.788065','117','Carga object (117)',1,'[{\"added\": {}}, {\"added\": {\"name\": \"remito\", \"object\": \"Remito object (145)\"}}]',11,2),(429,'2024-06-26 13:32:36.036332','118','Carga object (118)',1,'[{\"added\": {}}, {\"added\": {\"name\": \"remito\", \"object\": \"Remito object (146)\"}}]',11,2),(430,'2024-06-26 13:33:57.426093','118','Carga object (118)',2,'[{\"changed\": {\"fields\": [\"Densidad\"]}}, {\"changed\": {\"name\": \"remito\", \"object\": \"Remito object (146)\", \"fields\": [\"Camion\", \"Remolque\"]}}]',11,2),(431,'2024-06-26 13:47:16.117800','119','Carga object (119)',1,'[{\"added\": {}}, {\"added\": {\"name\": \"remito\", \"object\": \"Remito object (147)\"}}]',11,2),(432,'2024-06-26 13:55:38.750638','120','Carga object (120)',1,'[{\"added\": {}}, {\"added\": {\"name\": \"remito\", \"object\": \"Remito object (148)\"}}]',11,2),(433,'2024-06-26 14:03:56.365603','140','ARGENOVA XXII',1,'[{\"added\": {}}]',9,2),(434,'2024-06-26 14:08:03.093004','121','Carga object (121)',1,'[{\"added\": {}}, {\"added\": {\"name\": \"remito\", \"object\": \"Remito object (149)\"}}, {\"added\": {\"name\": \"remito\", \"object\": \"Remito object (150)\"}}]',11,2),(435,'2024-06-26 14:18:44.010994','122','Carga object (122)',1,'[{\"added\": {}}, {\"added\": {\"name\": \"remito\", \"object\": \"Remito object (151)\"}}, {\"added\": {\"name\": \"remito\", \"object\": \"Remito object (152)\"}}]',11,2),(436,'2024-06-26 17:13:31.074382','19','CTE. LUIS PIEDRABUENA',3,'',9,2),(437,'2024-06-26 17:14:07.699772','42','Comandante Piedrabuena S.A.',2,'[{\"changed\": {\"fields\": [\"Nombre\"]}}]',8,2),(438,'2024-06-27 21:48:55.648507','123','Carga object (123)',1,'[{\"added\": {}}, {\"added\": {\"name\": \"remito\", \"object\": \"Remito object (153)\"}}, {\"added\": {\"name\": \"remito\", \"object\": \"Remito object (154)\"}}]',11,3),(439,'2024-06-27 22:01:17.682801','124','Carga object (124)',1,'[{\"added\": {}}, {\"added\": {\"name\": \"remito\", \"object\": \"Remito object (155)\"}}]',11,3),(440,'2024-06-28 12:13:36.824385','125','Carga object (125)',1,'[{\"added\": {}}, {\"added\": {\"name\": \"remito\", \"object\": \"Remito object (156)\"}}]',11,2),(441,'2024-06-28 12:51:21.350955','125','Carga object (125)',2,'[{\"changed\": {\"name\": \"remito\", \"object\": \"Remito object (156)\", \"fields\": [\"CantidadDeposito\"]}}]',11,2),(442,'2024-06-28 13:32:48.461881','126','Carga object (126)',1,'[{\"added\": {}}, {\"added\": {\"name\": \"remito\", \"object\": \"Remito object (157)\"}}]',11,2),(443,'2024-06-28 13:46:37.815680','127','Carga object (127)',1,'[{\"added\": {}}, {\"added\": {\"name\": \"remito\", \"object\": \"Remito object (158)\"}}]',11,2),(444,'2024-07-01 12:33:51.362557','18','RemitoVarios object (18)',1,'[{\"added\": {}}]',17,2),(445,'2024-07-02 21:17:21.567844','128','Carga object (128)',1,'[{\"added\": {}}, {\"added\": {\"name\": \"remito\", \"object\": \"Remito object (159)\"}}]',11,3),(446,'2024-07-03 13:45:13.076230','129','Carga object (129)',1,'[{\"added\": {}}, {\"added\": {\"name\": \"remito\", \"object\": \"Remito object (160)\"}}]',11,3),(447,'2024-07-03 13:47:04.267027','130','Carga object (130)',1,'[{\"added\": {}}, {\"added\": {\"name\": \"remito\", \"object\": \"Remito object (161)\"}}]',11,3),(448,'2024-07-03 13:49:13.340811','131','Carga object (131)',1,'[{\"added\": {}}, {\"added\": {\"name\": \"remito\", \"object\": \"Remito object (162)\"}}]',11,3),(449,'2024-07-03 14:19:26.250025','132','Carga object (132)',1,'[{\"added\": {}}, {\"added\": {\"name\": \"remito\", \"object\": \"Remito object (163)\"}}]',11,3),(450,'2024-07-03 14:20:49.437291','133','Carga object (133)',1,'[{\"added\": {}}, {\"added\": {\"name\": \"remito\", \"object\": \"Remito object (164)\"}}]',11,3),(451,'2024-07-03 20:52:30.628656','131','Carga object (131)',2,'[{\"changed\": {\"fields\": [\"FechaHoraInicio\"]}}, {\"changed\": {\"name\": \"remito\", \"object\": \"Remito object (162)\", \"fields\": [\"Numero\", \"Chofer\", \"Camion\", \"Remolque\", \"CantidadDeposito\"]}}]',11,3),(452,'2024-07-03 20:54:21.239175','134','Carga object (134)',1,'[{\"added\": {}}, {\"added\": {\"name\": \"remito\", \"object\": \"Remito object (165)\"}}]',11,3),(453,'2024-07-03 21:05:17.216037','135','Carga object (135)',1,'[{\"added\": {}}, {\"added\": {\"name\": \"remito\", \"object\": \"Remito object (166)\"}}]',11,2),(454,'2024-07-03 21:19:43.492566','136','Carga object (136)',1,'[{\"added\": {}}, {\"added\": {\"name\": \"remito\", \"object\": \"Remito object (167)\"}}]',11,2),(455,'2024-07-04 16:02:47.303012','19','RemitoVarios object (19)',1,'[{\"added\": {}}]',17,2),(456,'2024-07-04 16:03:20.102423','20','RemitoVarios object (20)',1,'[{\"added\": {}}]',17,2),(457,'2024-07-05 12:50:51.530553','21','RemitoVarios object (21)',1,'[{\"added\": {}}]',17,2),(458,'2024-07-05 16:41:07.249312','35','KRA759',1,'[{\"added\": {}}]',10,2),(459,'2024-07-05 16:41:22.273423','22','RemitoVarios object (22)',1,'[{\"added\": {}}]',17,2),(460,'2024-07-06 12:43:02.446384','23','RemitoVarios object (23)',1,'[{\"added\": {}}]',17,5),(461,'2024-07-06 12:48:30.635685','24','RemitoVarios object (24)',1,'[{\"added\": {}}]',17,5),(462,'2024-07-08 14:07:06.049285','7','MIRABELLA S.A.',1,'[{\"added\": {}}]',20,5),(463,'2024-07-08 14:12:45.779209','25','RemitoVarios object (25)',1,'[{\"added\": {}}]',17,2),(464,'2024-07-08 21:32:58.138491','137','Carga object (137)',1,'[{\"added\": {}}, {\"added\": {\"name\": \"remito\", \"object\": \"Remito object (168)\"}}]',11,3),(465,'2024-07-09 14:26:35.833578','138','Carga object (138)',1,'[{\"added\": {}}, {\"added\": {\"name\": \"remito\", \"object\": \"Remito object (169)\"}}]',11,3),(466,'2024-07-09 14:36:34.506427','139','Carga object (139)',1,'[{\"added\": {}}, {\"added\": {\"name\": \"remito\", \"object\": \"Remito object (170)\"}}]',11,3),(467,'2024-07-09 14:41:56.992489','140','Carga object (140)',1,'[{\"added\": {}}, {\"added\": {\"name\": \"remito\", \"object\": \"Remito object (171)\"}}]',11,3),(468,'2024-07-09 14:48:40.746463','36','NMH460',1,'[{\"added\": {}}]',10,3),(469,'2024-07-09 14:49:08.325434','35','KRA759',1,'[{\"added\": {}}]',16,3),(470,'2024-07-09 14:51:41.468236','141','Carga object (141)',1,'[{\"added\": {}}, {\"added\": {\"name\": \"remito\", \"object\": \"Remito object (172)\"}}]',11,3),(471,'2024-07-09 15:01:27.899089','142','Carga object (142)',1,'[{\"added\": {}}, {\"added\": {\"name\": \"remito\", \"object\": \"Remito object (173)\"}}]',11,3),(472,'2024-07-09 15:09:14.100866','15','DARIO CHABUR',1,'[{\"added\": {}}]',12,3),(473,'2024-07-09 15:11:40.871874','37','NND681',1,'[{\"added\": {}}]',10,3),(474,'2024-07-09 15:12:11.022775','36','AA294NA',1,'[{\"added\": {}}]',16,3),(475,'2024-07-09 15:14:06.927313','143','Carga object (143)',1,'[{\"added\": {}}, {\"added\": {\"name\": \"remito\", \"object\": \"Remito object (174)\"}}]',11,3),(476,'2024-07-09 15:29:15.544823','26','RemitoVarios object (26)',1,'[{\"added\": {}}]',17,5),(477,'2024-07-09 15:29:56.818666','26','RemitoVarios object (26)',2,'[{\"changed\": {\"fields\": [\"Cantidad\"]}}]',17,5),(478,'2024-07-09 15:30:07.346556','26','RemitoVarios object (26)',2,'[]',17,5),(479,'2024-07-09 19:32:02.043982','144','Carga object (144)',1,'[{\"added\": {}}, {\"added\": {\"name\": \"remito\", \"object\": \"Remito object (175)\"}}]',11,3),(480,'2024-07-10 12:19:17.161802','141','Carga object (141)',2,'[{\"changed\": {\"fields\": [\"FechaHoraInicio\"]}}, {\"changed\": {\"name\": \"remito\", \"object\": \"Remito object (172)\", \"fields\": [\"Numero\", \"CantidadBarco\", \"CantidadDeposito\"]}}]',11,3),(481,'2024-07-10 12:23:58.183913','142','Carga object (142)',2,'[{\"changed\": {\"fields\": [\"FechaHoraInicio\"]}}, {\"changed\": {\"name\": \"remito\", \"object\": \"Remito object (173)\", \"fields\": [\"Transporte\", \"Numero\", \"Chofer\", \"Camion\", \"Remolque\", \"CantidadDeposito\"]}}]',11,3),(482,'2024-07-10 12:29:36.250106','143','Carga object (143)',2,'[{\"changed\": {\"fields\": [\"FechaHoraInicio\"]}}, {\"changed\": {\"name\": \"remito\", \"object\": \"Remito object (174)\", \"fields\": [\"Numero\", \"CantidadDeposito\"]}}]',11,3),(483,'2024-07-10 12:53:31.638531','145','Carga object (145)',1,'[{\"added\": {}}, {\"added\": {\"name\": \"remito\", \"object\": \"Remito object (176)\"}}]',11,3),(484,'2024-07-10 16:22:42.736747','146','Carga object (146)',1,'[{\"added\": {}}, {\"added\": {\"name\": \"remito\", \"object\": \"Remito object (177)\"}}]',11,3),(485,'2024-07-10 16:24:21.798134','147','Carga object (147)',1,'[{\"added\": {}}, {\"added\": {\"name\": \"remito\", \"object\": \"Remito object (178)\"}}]',11,3),(486,'2024-07-10 21:30:01.242251','37','NXH 316',1,'[{\"added\": {}}]',16,3),(487,'2024-07-10 21:32:05.005679','38','NMH 463',1,'[{\"added\": {}}]',16,3),(488,'2024-07-10 21:59:24.478540','148','Carga object (148)',1,'[{\"added\": {}}, {\"added\": {\"name\": \"remito\", \"object\": \"Remito object (179)\"}}]',11,3),(489,'2024-07-10 22:11:23.659508','136','Carga object (136)',2,'[{\"changed\": {\"fields\": [\"OrdenCompra\"]}}, {\"changed\": {\"name\": \"remito\", \"object\": \"Remito object (167)\", \"fields\": [\"Camion\", \"Remolque\"]}}]',11,4),(490,'2024-07-10 22:16:07.161747','149','Carga object (149)',1,'[{\"added\": {}}, {\"added\": {\"name\": \"remito\", \"object\": \"Remito object (180)\"}}, {\"added\": {\"name\": \"remito\", \"object\": \"Remito object (181)\"}}]',11,3),(491,'2024-07-10 22:23:47.972917','38','MJR129',1,'[{\"added\": {}}]',10,3),(492,'2024-07-10 22:24:12.697739','39','AA207LB',1,'[{\"added\": {}}]',10,3),(493,'2024-07-10 22:26:05.747271','16','ANIBAL FERNANDEZ',1,'[{\"added\": {}}]',12,3),(494,'2024-07-10 22:27:05.646532','17','EMILIO RODRIGUEZ',1,'[{\"added\": {}}]',12,3),(495,'2024-07-10 22:29:09.726999','150','Carga object (150)',1,'[{\"added\": {}}, {\"added\": {\"name\": \"remito\", \"object\": \"Remito object (182)\"}}]',11,3),(496,'2024-07-10 22:33:51.078273','151','Carga object (151)',1,'[{\"added\": {}}, {\"added\": {\"name\": \"remito\", \"object\": \"Remito object (183)\"}}, {\"added\": {\"name\": \"remito\", \"object\": \"Remito object (184)\"}}]',11,3),(497,'2024-07-10 22:41:34.532596','152','Carga object (152)',1,'[{\"added\": {}}, {\"added\": {\"name\": \"remito\", \"object\": \"Remito object (185)\"}}, {\"added\": {\"name\": \"remito\", \"object\": \"Remito object (186)\"}}]',11,3),(498,'2024-07-11 12:53:35.613703','8','Pesquera Caravon S.A.',1,'[{\"added\": {}}]',20,2),(499,'2024-07-11 12:54:41.247656','18','SEBASTIAN RABAL',1,'[{\"added\": {}}]',12,2),(500,'2024-07-11 12:54:53.528780','27','RemitoVarios object (27)',1,'[{\"added\": {}}]',17,2),(501,'2024-07-12 11:35:38.284393','153','Carga object (153)',1,'[{\"added\": {}}, {\"added\": {\"name\": \"remito\", \"object\": \"Remito object (187)\"}}]',11,2),(502,'2024-07-12 11:42:13.573694','154','Carga object (154)',1,'[{\"added\": {}}, {\"added\": {\"name\": \"remito\", \"object\": \"Remito object (188)\"}}]',11,2),(503,'2024-07-12 12:38:16.664178','155','Carga object (155)',1,'[{\"added\": {}}, {\"added\": {\"name\": \"remito\", \"object\": \"Remito object (189)\"}}]',11,3),(504,'2024-07-12 15:42:08.688567','28','RemitoVarios object (28)',1,'[{\"added\": {}}]',17,3),(505,'2024-07-12 15:43:31.345346','29','RemitoVarios object (29)',1,'[{\"added\": {}}]',17,3),(506,'2024-07-13 12:53:11.715245','156','Carga object (156)',1,'[{\"added\": {}}, {\"added\": {\"name\": \"remito\", \"object\": \"Remito object (190)\"}}]',11,3),(507,'2024-07-13 13:15:20.890522','157','Carga object (157)',1,'[{\"added\": {}}, {\"added\": {\"name\": \"remito\", \"object\": \"Remito object (191)\"}}]',11,2),(508,'2024-07-13 13:16:23.762927','157','Carga object (157)',2,'[{\"changed\": {\"fields\": [\"Densidad\"]}}]',11,2),(509,'2024-07-13 13:21:14.733559','141','ARGENOVA XXIV',1,'[{\"added\": {}}]',9,2),(510,'2024-07-13 13:26:06.086262','39','NMH462',1,'[{\"added\": {}}]',16,2),(511,'2024-07-13 13:26:39.761594','40','PCV591',1,'[{\"added\": {}}]',10,2),(512,'2024-07-13 13:27:26.379469','158','Carga object (158)',1,'[{\"added\": {}}, {\"added\": {\"name\": \"remito\", \"object\": \"Remito object (192)\"}}, {\"added\": {\"name\": \"remito\", \"object\": \"Remito object (193)\"}}]',11,2),(513,'2024-07-13 14:24:56.921406','159','Carga object (159)',1,'[{\"added\": {}}, {\"added\": {\"name\": \"remito\", \"object\": \"Remito object (194)\"}}]',11,2),(514,'2024-07-13 21:31:58.561794','43','IBERCONSA DE ARGENTINA S.A.',1,'[{\"added\": {}}]',8,5),(515,'2024-07-13 21:34:15.745418','142','MAGDALENA',1,'[{\"added\": {}}]',9,5),(516,'2024-07-14 18:10:34.683601','160','Carga object (160)',1,'[{\"added\": {}}, {\"added\": {\"name\": \"remito\", \"object\": \"Remito object (195)\"}}]',11,3),(517,'2024-07-14 18:25:56.187970','161','Carga object (161)',1,'[{\"added\": {}}, {\"added\": {\"name\": \"remito\", \"object\": \"Remito object (196)\"}}]',11,3),(518,'2024-07-14 18:30:44.134731','162','Carga object (162)',1,'[{\"added\": {}}, {\"added\": {\"name\": \"remito\", \"object\": \"Remito object (197)\"}}]',11,3),(519,'2024-07-15 12:27:05.104886','163','Carga object (163)',1,'[{\"added\": {}}, {\"added\": {\"name\": \"remito\", \"object\": \"Remito object (198)\"}}, {\"added\": {\"name\": \"remito\", \"object\": \"Remito object (199)\"}}]',11,2),(520,'2024-07-15 12:39:37.410292','164','Carga object (164)',1,'[{\"added\": {}}, {\"added\": {\"name\": \"remito\", \"object\": \"Remito object (200)\"}}]',11,2),(521,'2024-07-15 12:40:59.476469','165','Carga object (165)',1,'[{\"added\": {}}, {\"added\": {\"name\": \"remito\", \"object\": \"Remito object (201)\"}}]',11,2),(522,'2024-07-15 12:48:15.350012','166','Carga object (166)',1,'[{\"added\": {}}, {\"added\": {\"name\": \"remito\", \"object\": \"Remito object (202)\"}}]',11,2),(523,'2024-07-15 13:20:24.388750','167','Carga object (167)',1,'[{\"added\": {}}, {\"added\": {\"name\": \"remito\", \"object\": \"Remito object (203)\"}}]',11,3),(524,'2024-07-15 13:21:11.316566','168','Carga object (168)',1,'[{\"added\": {}}, {\"added\": {\"name\": \"remito\", \"object\": \"Remito object (204)\"}}]',11,3),(525,'2024-07-15 20:47:51.598907','169','Carga object (169)',1,'[{\"added\": {}}, {\"added\": {\"name\": \"remito\", \"object\": \"Remito object (205)\"}}]',11,3),(526,'2024-07-16 12:49:31.189737','170','Carga object (170)',1,'[{\"added\": {}}, {\"added\": {\"name\": \"remito\", \"object\": \"Remito object (206)\"}}]',11,2),(527,'2024-07-17 11:50:47.471430','171','Carga object (171)',1,'[{\"added\": {}}, {\"added\": {\"name\": \"remito\", \"object\": \"Remito object (207)\"}}]',11,3),(528,'2024-07-17 13:00:52.284641','172','Carga object (172)',1,'[{\"added\": {}}, {\"added\": {\"name\": \"remito\", \"object\": \"Remito object (208)\"}}]',11,3),(529,'2024-07-18 12:52:05.505055','173','Carga object (173)',1,'[{\"added\": {}}, {\"added\": {\"name\": \"remito\", \"object\": \"Remito object (209)\"}}]',11,2),(530,'2024-07-18 13:01:23.362383','174','Carga object (174)',1,'[{\"added\": {}}, {\"added\": {\"name\": \"remito\", \"object\": \"Remito object (210)\"}}]',11,2),(531,'2024-07-18 13:09:51.225045','175','Carga object (175)',1,'[{\"added\": {}}, {\"added\": {\"name\": \"remito\", \"object\": \"Remito object (211)\"}}]',11,2),(532,'2024-07-18 13:19:42.610019','176','Carga object (176)',1,'[{\"added\": {}}, {\"added\": {\"name\": \"remito\", \"object\": \"Remito object (212)\"}}]',11,2),(533,'2024-07-18 13:21:59.591261','177','Carga object (177)',1,'[{\"added\": {}}, {\"added\": {\"name\": \"remito\", \"object\": \"Remito object (213)\"}}]',11,2),(534,'2024-07-18 13:35:26.750420','177','Carga object (177)',2,'[{\"changed\": {\"name\": \"remito\", \"object\": \"Remito object (213)\", \"fields\": [\"Chofer\"]}}]',11,2),(535,'2024-07-18 21:59:49.455115','178','Carga object (178)',1,'[{\"added\": {}}, {\"added\": {\"name\": \"remito\", \"object\": \"Remito object (214)\"}}]',11,3),(536,'2024-07-18 22:06:51.288649','179','Carga object (179)',1,'[{\"added\": {}}, {\"added\": {\"name\": \"remito\", \"object\": \"Remito object (215)\"}}]',11,3),(537,'2024-07-19 15:03:43.981515','180','Carga object (180)',1,'[{\"added\": {}}, {\"added\": {\"name\": \"remito\", \"object\": \"Remito object (216)\"}}]',11,2),(538,'2024-07-19 15:06:07.966083','181','Carga object (181)',1,'[{\"added\": {}}, {\"added\": {\"name\": \"remito\", \"object\": \"Remito object (217)\"}}]',11,2),(539,'2024-07-19 22:01:47.211016','182','Carga object (182)',1,'[{\"added\": {}}, {\"added\": {\"name\": \"remito\", \"object\": \"Remito object (218)\"}}]',11,3),(540,'2024-07-19 22:09:02.903674','183','Carga object (183)',1,'[{\"added\": {}}, {\"added\": {\"name\": \"remito\", \"object\": \"Remito object (219)\"}}]',11,3),(541,'2024-07-20 22:30:01.452822','184','Carga object (184)',1,'[{\"added\": {}}, {\"added\": {\"name\": \"remito\", \"object\": \"Remito object (220)\"}}]',11,5),(542,'2024-07-20 22:33:13.657310','184','Carga object (184)',3,'',11,5),(543,'2024-07-21 19:30:15.333572','185','Carga object (185)',1,'[{\"added\": {}}, {\"added\": {\"name\": \"remito\", \"object\": \"Remito object (221)\"}}]',11,3),(544,'2024-07-22 12:52:55.776595','186','Carga object (186)',1,'[{\"added\": {}}, {\"added\": {\"name\": \"remito\", \"object\": \"Remito object (222)\"}}]',11,2),(545,'2024-07-22 13:05:44.925277','187','Carga object (187)',1,'[{\"added\": {}}, {\"added\": {\"name\": \"remito\", \"object\": \"Remito object (223)\"}}]',11,2),(546,'2024-07-22 13:08:07.757870','187','Carga object (187)',2,'[{\"changed\": {\"fields\": [\"Puerto\"]}}]',11,2),(547,'2024-07-22 13:18:07.979894','188','Carga object (188)',1,'[{\"added\": {}}, {\"added\": {\"name\": \"remito\", \"object\": \"Remito object (224)\"}}]',11,2),(548,'2024-07-23 14:57:42.301958','189','Carga object (189)',1,'[{\"added\": {}}, {\"added\": {\"name\": \"remito\", \"object\": \"Remito object (225)\"}}]',11,2),(549,'2024-07-23 20:35:51.844874','44','IBERCONSA S.A.',1,'[{\"added\": {}}]',8,3),(550,'2024-07-23 20:35:56.687904','143','API X',1,'[{\"added\": {}}]',9,3),(551,'2024-07-23 20:49:15.739361','190','Carga object (190)',1,'[{\"added\": {}}, {\"added\": {\"name\": \"remito\", \"object\": \"Remito object (226)\"}}, {\"added\": {\"name\": \"remito\", \"object\": \"Remito object (227)\"}}]',11,3),(552,'2024-07-23 20:51:31.265879','191','Carga object (191)',1,'[{\"added\": {}}, {\"added\": {\"name\": \"remito\", \"object\": \"Remito object (228)\"}}, {\"added\": {\"name\": \"remito\", \"object\": \"Remito object (229)\"}}]',11,3),(553,'2024-07-24 13:50:49.264426','192','Carga object (192)',1,'[{\"added\": {}}, {\"added\": {\"name\": \"remito\", \"object\": \"Remito object (230)\"}}]',11,2),(554,'2024-07-24 13:57:37.569964','193','Carga object (193)',1,'[{\"added\": {}}, {\"added\": {\"name\": \"remito\", \"object\": \"Remito object (231)\"}}]',11,2),(555,'2024-07-24 14:02:02.701626','194','Carga object (194)',1,'[{\"added\": {}}, {\"added\": {\"name\": \"remito\", \"object\": \"Remito object (232)\"}}]',11,2),(556,'2024-07-24 14:08:47.940856','195','Carga object (195)',1,'[{\"added\": {}}, {\"added\": {\"name\": \"remito\", \"object\": \"Remito object (233)\"}}]',11,2),(557,'2024-07-24 14:15:09.794807','191','Carga object (191)',2,'[{\"changed\": {\"name\": \"remito\", \"object\": \"Remito object (228)\", \"fields\": [\"Transporte\", \"Chofer\", \"Camion\", \"Remolque\"]}}]',11,2),(558,'2024-07-24 15:36:20.166654','144','VICTORIA P',1,'[{\"added\": {}}]',9,3),(559,'2024-07-24 15:45:47.106921','145','MINCHOS VIII',1,'[{\"added\": {}}]',9,3),(560,'2024-07-25 13:03:57.507174','41','PCV 591',1,'[{\"added\": {}}]',10,3),(561,'2024-07-25 13:04:37.378160','196','Carga object (196)',1,'[{\"added\": {}}, {\"added\": {\"name\": \"remito\", \"object\": \"Remito object (234)\"}}]',11,3),(562,'2024-07-25 13:19:04.357889','197','Carga object (197)',1,'[{\"added\": {}}, {\"added\": {\"name\": \"remito\", \"object\": \"Remito object (235)\"}}]',11,3),(563,'2024-07-25 13:53:49.610868','30','RemitoVarios object (30)',1,'[{\"added\": {}}]',17,2),(564,'2024-07-25 13:56:09.807940','31','RemitoVarios object (31)',1,'[{\"added\": {}}]',17,2),(565,'2024-07-25 15:24:01.965419','198','Carga object (198)',1,'[{\"added\": {}}, {\"added\": {\"name\": \"remito\", \"object\": \"Remito object (236)\"}}]',11,2),(566,'2024-07-26 21:37:04.897647','199','Carga object (199)',1,'[{\"added\": {}}, {\"added\": {\"name\": \"remito\", \"object\": \"Remito object (237)\"}}]',11,3),(567,'2024-07-26 21:43:55.770171','200','Carga object (200)',1,'[{\"added\": {}}, {\"added\": {\"name\": \"remito\", \"object\": \"Remito object (238)\"}}, {\"added\": {\"name\": \"remito\", \"object\": \"Remito object (239)\"}}]',11,3),(568,'2024-07-27 12:04:42.272620','201','Carga object (201)',1,'[{\"added\": {}}, {\"added\": {\"name\": \"remito\", \"object\": \"Remito object (240)\"}}]',11,3),(569,'2024-07-27 12:58:03.318498','32','RemitoVarios object (32)',1,'[{\"added\": {}}]',17,2),(570,'2024-07-27 14:13:54.387818','202','Carga object (202)',1,'[{\"added\": {}}, {\"added\": {\"name\": \"remito\", \"object\": \"Remito object (241)\"}}]',11,2),(571,'2024-07-27 14:48:21.468372','202','Carga object (202)',3,'',11,2),(572,'2024-07-27 14:49:52.072650','203','Carga object (203)',1,'[{\"added\": {}}, {\"added\": {\"name\": \"remito\", \"object\": \"Remito object (242)\"}}]',11,2),(573,'2024-07-27 14:56:38.150554','204','Carga object (204)',1,'[{\"added\": {}}, {\"added\": {\"name\": \"remito\", \"object\": \"Remito object (243)\"}}]',11,2),(574,'2024-07-27 15:03:50.669413','205','Carga object (205)',1,'[{\"added\": {}}, {\"added\": {\"name\": \"remito\", \"object\": \"Remito object (244)\"}}]',11,2),(575,'2024-07-27 15:08:49.511439','206','Carga object (206)',1,'[{\"added\": {}}, {\"added\": {\"name\": \"remito\", \"object\": \"Remito object (245)\"}}]',11,2),(576,'2024-07-27 15:12:59.710035','207','Carga object (207)',1,'[{\"added\": {}}, {\"added\": {\"name\": \"remito\", \"object\": \"Remito object (246)\"}}]',11,2),(577,'2024-07-29 14:14:37.743649','208','Carga object (208)',1,'[{\"added\": {}}, {\"added\": {\"name\": \"remito\", \"object\": \"Remito object (247)\"}}]',11,3),(578,'2024-07-29 15:14:46.595243','33','RemitoVarios object (33)',1,'[{\"added\": {}}]',17,2),(579,'2024-07-29 15:17:17.865735','34','RemitoVarios object (34)',1,'[{\"added\": {}}]',17,2),(580,'2024-07-30 13:24:17.953118','19','CENTENO FABIO',1,'[{\"added\": {}}]',12,2),(581,'2024-07-30 13:35:49.046618','4','MAR',1,'[{\"added\": {}}]',19,2),(582,'2024-07-30 13:35:54.072610','40','AD582MS',1,'[{\"added\": {}}]',16,2),(583,'2024-07-30 13:37:00.970015','42','FAS 303',1,'[{\"added\": {}}]',10,2),(584,'2024-07-30 13:37:32.514168','35','RemitoVarios object (35)',1,'[{\"added\": {}}]',17,2),(585,'2024-07-31 12:13:06.717361','209','Carga object (209)',1,'[{\"added\": {}}, {\"added\": {\"name\": \"remito\", \"object\": \"Remito object (248)\"}}]',11,2),(586,'2024-07-31 12:14:06.144175','210','Carga object (210)',1,'[{\"added\": {}}, {\"added\": {\"name\": \"remito\", \"object\": \"Remito object (249)\"}}]',11,2),(587,'2024-07-31 12:15:10.850982','211','Carga object (211)',1,'[{\"added\": {}}, {\"added\": {\"name\": \"remito\", \"object\": \"Remito object (250)\"}}]',11,2),(588,'2024-07-31 12:16:38.812309','212','Carga object (212)',1,'[{\"added\": {}}, {\"added\": {\"name\": \"remito\", \"object\": \"Remito object (251)\"}}]',11,2),(589,'2024-07-31 12:18:00.642489','213','Carga object (213)',1,'[{\"added\": {}}, {\"added\": {\"name\": \"remito\", \"object\": \"Remito object (252)\"}}]',11,2),(590,'2024-07-31 12:19:10.026667','213','Carga object (213)',2,'[{\"changed\": {\"fields\": [\"OrdenCompra\"]}}]',11,2),(591,'2024-07-31 12:40:04.519950','213','Carga object (213)',2,'[{\"changed\": {\"fields\": [\"Barco\"]}}]',11,2),(592,'2024-07-31 20:28:07.539417','214','Carga object (214)',1,'[{\"added\": {}}, {\"added\": {\"name\": \"remito\", \"object\": \"Remito object (253)\"}}]',11,3),(593,'2024-08-01 11:44:30.402843','215','Carga object (215)',1,'[{\"added\": {}}, {\"added\": {\"name\": \"remito\", \"object\": \"Remito object (254)\"}}]',11,2),(594,'2024-08-01 11:45:42.471939','215','Carga object (215)',2,'[{\"changed\": {\"name\": \"remito\", \"object\": \"Remito object (254)\", \"fields\": [\"CantidadDeposito\"]}}]',11,2),(595,'2024-08-01 14:37:32.125581','20','CORRO FACUNDO',1,'[{\"added\": {}}]',12,2),(596,'2024-08-01 14:38:22.195627','41','FNI893',1,'[{\"added\": {}}]',16,2),(597,'2024-08-01 14:38:56.042457','41','FNY893',2,'[{\"changed\": {\"fields\": [\"Patente\"]}}]',16,2),(598,'2024-08-01 14:39:50.699424','43','AC782AY',1,'[{\"added\": {}}]',10,2),(599,'2024-08-01 14:39:58.278522','36','RemitoVarios object (36)',1,'[{\"added\": {}}]',17,2),(600,'2024-08-01 15:12:07.114754','216','Carga object (216)',1,'[{\"added\": {}}, {\"added\": {\"name\": \"remito\", \"object\": \"Remito object (255)\"}}]',11,2),(601,'2024-08-02 14:41:49.219266','217','Carga object (217)',1,'[{\"added\": {}}, {\"added\": {\"name\": \"remito\", \"object\": \"Remito object (256)\"}}]',11,2),(602,'2024-08-02 22:10:01.084790','45','RED CHAMBER ARGENTINA S.A.',1,'[{\"added\": {}}]',8,3),(603,'2024-08-02 22:10:57.373824','146','CABO VIRGENES',1,'[{\"added\": {}}]',9,3),(604,'2024-08-02 22:15:53.268683','218','Carga object (218)',1,'[{\"added\": {}}, {\"added\": {\"name\": \"remito\", \"object\": \"Remito object (257)\"}}]',11,3),(605,'2024-08-03 12:27:53.297961','219','Carga object (219)',1,'[{\"added\": {}}, {\"added\": {\"name\": \"remito\", \"object\": \"Remito object (258)\"}}, {\"added\": {\"name\": \"remito\", \"object\": \"Remito object (259)\"}}]',11,3),(606,'2024-08-03 13:24:04.607598','220','Carga object (220)',1,'[{\"added\": {}}, {\"added\": {\"name\": \"remito\", \"object\": \"Remito object (260)\"}}]',11,2),(607,'2024-08-03 14:08:48.643453','221','Carga object (221)',1,'[{\"added\": {}}, {\"added\": {\"name\": \"remito\", \"object\": \"Remito object (261)\"}}]',11,3),(608,'2024-08-04 12:36:03.597013','222','Carga object (222)',1,'[{\"added\": {}}, {\"added\": {\"name\": \"remito\", \"object\": \"Remito object (262)\"}}]',11,3),(609,'2024-08-04 12:38:17.584567','223','Carga object (223)',1,'[{\"added\": {}}, {\"added\": {\"name\": \"remito\", \"object\": \"Remito object (263)\"}}]',11,3),(610,'2024-08-04 13:04:25.459036','224','Carga object (224)',1,'[{\"added\": {}}, {\"added\": {\"name\": \"remito\", \"object\": \"Remito object (264)\"}}]',11,3),(611,'2024-08-05 15:32:25.655226','225','Carga object (225)',1,'[{\"added\": {}}, {\"added\": {\"name\": \"remito\", \"object\": \"Remito object (265)\"}}]',11,2),(612,'2024-08-05 15:33:42.222951','226','Carga object (226)',1,'[{\"added\": {}}, {\"added\": {\"name\": \"remito\", \"object\": \"Remito object (266)\"}}]',11,2),(613,'2024-08-05 15:34:37.849762','227','Carga object (227)',1,'[{\"added\": {}}, {\"added\": {\"name\": \"remito\", \"object\": \"Remito object (267)\"}}]',11,2),(614,'2024-08-05 21:11:57.818719','14','CRISTAL',1,'[{\"added\": {}}]',7,3),(615,'2024-08-05 21:13:00.279926','46','BAHIA DE LOS ESTADOS',1,'[{\"added\": {}}]',8,3),(616,'2024-08-05 21:13:28.316577','47','CRUSTACEOS PATAGONICOS S.A.',1,'[{\"added\": {}}]',8,3),(617,'2024-08-05 21:14:21.370026','147','HUAFENG 822',1,'[{\"added\": {}}]',9,3),(618,'2024-08-05 21:14:59.879646','148','SANTORINI',1,'[{\"added\": {}}]',9,3),(619,'2024-08-05 21:15:42.461971','149','EURO II',1,'[{\"added\": {}}]',9,3),(620,'2024-08-05 21:16:14.416508','150','FIDES FE I',1,'[{\"added\": {}}]',9,3),(621,'2024-08-05 21:16:42.001367','151','DOÑA ALFIA',1,'[{\"added\": {}}]',9,3),(622,'2024-08-05 21:18:58.721982','228','Carga object (228)',1,'[{\"added\": {}}, {\"added\": {\"name\": \"remito\", \"object\": \"Remito object (268)\"}}]',11,3),(623,'2024-08-06 12:32:27.865461','229','Carga object (229)',1,'[{\"added\": {}}, {\"added\": {\"name\": \"remito\", \"object\": \"Remito object (269)\"}}]',11,3),(624,'2024-08-06 12:33:44.568643','230','Carga object (230)',1,'[{\"added\": {}}, {\"added\": {\"name\": \"remito\", \"object\": \"Remito object (270)\"}}]',11,3),(625,'2024-08-06 12:35:19.158238','231','Carga object (231)',1,'[{\"added\": {}}, {\"added\": {\"name\": \"remito\", \"object\": \"Remito object (271)\"}}]',11,3),(626,'2024-08-06 21:34:40.157470','48','EL TEMERARIO',1,'[{\"added\": {}}]',8,2),(627,'2024-08-06 21:37:53.961715','49','AZUL MARINO S.R.L.',1,'[{\"added\": {}}]',8,2),(628,'2024-08-06 21:38:35.127496','152','EL TEMERARIO',1,'[{\"added\": {}}]',9,2),(629,'2024-08-06 21:45:27.901881','152','TEMERARIO 1RO',2,'[{\"changed\": {\"fields\": [\"Nombre\"]}}]',9,2),(630,'2024-08-06 22:06:02.049977','232','Carga object (232)',1,'[{\"added\": {}}, {\"added\": {\"name\": \"remito\", \"object\": \"Remito object (272)\"}}]',11,3),(631,'2024-08-06 22:06:58.736426','233','Carga object (233)',1,'[{\"added\": {}}, {\"added\": {\"name\": \"remito\", \"object\": \"Remito object (273)\"}}]',11,3),(632,'2024-08-06 22:08:10.881657','234','Carga object (234)',1,'[{\"added\": {}}, {\"added\": {\"name\": \"remito\", \"object\": \"Remito object (274)\"}}]',11,3),(633,'2024-08-07 12:55:17.022337','235','Carga object (235)',1,'[{\"added\": {}}, {\"added\": {\"name\": \"remito\", \"object\": \"Remito object (275)\"}}]',11,2),(634,'2024-08-07 13:16:31.150713','235','Carga object (235)',2,'[{\"changed\": {\"name\": \"remito\", \"object\": \"Remito object (275)\", \"fields\": [\"CantidadDeposito\"]}}]',11,2),(635,'2024-08-07 13:31:08.431079','21','GONZALEZ DENIS',1,'[{\"added\": {}}]',12,2),(636,'2024-08-07 13:31:36.093013','37','RemitoVarios object (37)',1,'[{\"added\": {}}]',17,2),(637,'2024-08-07 13:37:20.069085','236','Carga object (236)',1,'[{\"added\": {}}, {\"added\": {\"name\": \"remito\", \"object\": \"Remito object (276)\"}}]',11,2),(638,'2024-08-07 13:43:03.398890','37','ARGENOVA S.A.',2,'[{\"changed\": {\"fields\": [\"AgenciaMaritima\"]}}]',8,2),(639,'2024-08-09 15:23:12.532554','38','RemitoVarios object (38)',1,'[{\"added\": {}}]',17,2),(640,'2024-08-09 16:04:46.953295','237','Carga object (237)',1,'[{\"added\": {}}, {\"added\": {\"name\": \"remito\", \"object\": \"Remito object (277)\"}}]',11,2),(641,'2024-08-09 16:07:08.166998','237','Carga object (237)',2,'[{\"changed\": {\"name\": \"remito\", \"object\": \"Remito object (277)\", \"fields\": [\"Remolque\", \"CantidadBarco\"]}}]',11,2),(642,'2024-08-09 16:14:42.208373','238','Carga object (238)',1,'[{\"added\": {}}, {\"added\": {\"name\": \"remito\", \"object\": \"Remito object (278)\"}}]',11,2),(643,'2024-08-09 16:21:48.895250','39','RemitoVarios object (39)',1,'[{\"added\": {}}]',17,2),(644,'2024-08-09 16:26:51.370324','40','RemitoVarios object (40)',1,'[{\"added\": {}}]',17,2),(645,'2024-08-09 20:27:12.985482','41','RemitoVarios object (41)',1,'[{\"added\": {}}]',17,2),(646,'2024-08-09 20:36:06.322689','42','RemitoVarios object (42)',1,'[{\"added\": {}}]',17,2),(647,'2024-08-10 13:52:38.347147','238','Carga object (238)',2,'[{\"changed\": {\"name\": \"remito\", \"object\": \"Remito object (278)\", \"fields\": [\"CantidadBarco\"]}}]',11,2),(648,'2024-08-10 13:59:07.605473','239','Carga object (239)',1,'[{\"added\": {}}, {\"added\": {\"name\": \"remito\", \"object\": \"Remito object (279)\"}}]',11,3),(649,'2024-08-10 14:04:39.479180','240','Carga object (240)',1,'[{\"added\": {}}, {\"added\": {\"name\": \"remito\", \"object\": \"Remito object (280)\"}}]',11,3),(650,'2024-08-10 14:10:28.548515','241','Carga object (241)',1,'[{\"added\": {}}, {\"added\": {\"name\": \"remito\", \"object\": \"Remito object (281)\"}}]',11,3),(651,'2024-08-10 22:39:51.634759','242','Carga object (242)',1,'[{\"added\": {}}, {\"added\": {\"name\": \"remito\", \"object\": \"Remito object (282)\"}}]',11,3),(652,'2024-08-11 12:13:18.615195','243','Carga object (243)',1,'[{\"added\": {}}, {\"added\": {\"name\": \"remito\", \"object\": \"Remito object (283)\"}}]',11,3),(653,'2024-08-11 12:20:45.864106','244','Carga object (244)',1,'[{\"added\": {}}, {\"added\": {\"name\": \"remito\", \"object\": \"Remito object (284)\"}}]',11,3),(654,'2024-08-11 12:22:17.399085','244','Carga object (244)',2,'[{\"added\": {\"name\": \"remito\", \"object\": \"Remito object (285)\"}}]',11,3),(655,'2024-08-11 12:55:27.616061','245','Carga object (245)',1,'[{\"added\": {}}, {\"added\": {\"name\": \"remito\", \"object\": \"Remito object (286)\"}}]',11,3),(656,'2024-08-11 13:00:19.055007','246','Carga object (246)',1,'[{\"added\": {}}, {\"added\": {\"name\": \"remito\", \"object\": \"Remito object (287)\"}}]',11,3),(657,'2024-08-11 13:04:05.283780','247','Carga object (247)',1,'[{\"added\": {}}, {\"added\": {\"name\": \"remito\", \"object\": \"Remito object (288)\"}}]',11,3),(658,'2024-08-11 13:05:47.573133','248','Carga object (248)',1,'[{\"added\": {}}, {\"added\": {\"name\": \"remito\", \"object\": \"Remito object (289)\"}}]',11,3),(659,'2024-08-13 14:28:21.114108','249','Carga object (249)',1,'[{\"added\": {}}, {\"added\": {\"name\": \"remito\", \"object\": \"Remito object (290)\"}}]',11,2),(660,'2024-08-13 21:55:22.572793','250','Carga object (250)',1,'[{\"added\": {}}, {\"added\": {\"name\": \"remito\", \"object\": \"Remito object (291)\"}}]',11,3),(661,'2024-08-14 12:49:03.514216','251','Carga object (251)',1,'[{\"added\": {}}, {\"added\": {\"name\": \"remito\", \"object\": \"Remito object (292)\"}}]',11,3),(662,'2024-08-14 12:55:29.828243','251','Carga object (251)',2,'[{\"changed\": {\"name\": \"remito\", \"object\": \"Remito object (292)\", \"fields\": [\"Numero\", \"CantidadBarco\"]}}]',11,3),(663,'2024-08-14 12:59:05.797518','42','FAS303',1,'[{\"added\": {}}]',16,2),(664,'2024-08-14 12:59:35.381582','43','AD582MS',1,'[{\"added\": {}}]',16,2),(665,'2024-08-14 13:00:06.270399','44','FAS303',1,'[{\"added\": {}}]',10,2),(666,'2024-08-14 13:00:30.048636','45','AD582MS',1,'[{\"added\": {}}]',10,2),(667,'2024-08-14 13:00:38.495110','43','RemitoVarios object (43)',1,'[{\"added\": {}}]',17,2),(668,'2024-08-14 13:09:08.149146','44','RemitoVarios object (44)',1,'[{\"added\": {}}]',17,2),(669,'2024-08-14 13:09:43.967663','45','RemitoVarios object (45)',1,'[{\"added\": {}}]',17,2),(670,'2024-08-15 15:19:23.555013','252','Carga object (252)',1,'[{\"added\": {}}, {\"added\": {\"name\": \"remito\", \"object\": \"Remito object (293)\"}}, {\"added\": {\"name\": \"remito\", \"object\": \"Remito object (294)\"}}]',11,2),(671,'2024-08-15 15:44:21.049139','253','Carga object (253)',1,'[{\"added\": {}}, {\"added\": {\"name\": \"remito\", \"object\": \"Remito object (295)\"}}]',11,2),(672,'2024-08-15 20:29:29.705121','254','Carga object (254)',1,'[{\"added\": {}}, {\"added\": {\"name\": \"remito\", \"object\": \"Remito object (296)\"}}]',11,4),(673,'2024-08-15 22:28:27.238400','255','Carga object (255)',1,'[{\"added\": {}}, {\"added\": {\"name\": \"remito\", \"object\": \"Remito object (297)\"}}]',11,3),(674,'2024-08-15 22:41:10.801451','256','Carga object (256)',1,'[{\"added\": {}}, {\"added\": {\"name\": \"remito\", \"object\": \"Remito object (298)\"}}]',11,3),(675,'2024-08-15 22:44:38.199448','44','NJR556',1,'[{\"added\": {}}]',16,3),(676,'2024-08-15 22:48:05.824473','257','Carga object (257)',1,'[{\"added\": {}}, {\"added\": {\"name\": \"remito\", \"object\": \"Remito object (299)\"}}]',11,3),(677,'2024-08-16 13:35:57.940308','50','MAR DE MESSINA S.A.',1,'[{\"added\": {}}]',8,2),(678,'2024-08-16 13:36:04.951186','153','MARBELLA',1,'[{\"added\": {}}]',9,2),(679,'2024-08-16 15:20:42.876649','258','Carga object (258)',1,'[{\"added\": {}}, {\"added\": {\"name\": \"remito\", \"object\": \"Remito object (300)\"}}]',11,3),(680,'2024-08-16 15:29:58.080037','259','Carga object (259)',1,'[{\"added\": {}}, {\"added\": {\"name\": \"remito\", \"object\": \"Remito object (301)\"}}]',11,3),(681,'2024-08-16 21:12:15.212833','260','Carga object (260)',1,'[{\"added\": {}}, {\"added\": {\"name\": \"remito\", \"object\": \"Remito object (302)\"}}]',11,3),(682,'2024-08-16 21:18:05.717690','261','Carga object (261)',1,'[{\"added\": {}}, {\"added\": {\"name\": \"remito\", \"object\": \"Remito object (303)\"}}]',11,3),(683,'2024-08-16 21:22:23.458206','262','Carga object (262)',1,'[{\"added\": {}}, {\"added\": {\"name\": \"remito\", \"object\": \"Remito object (304)\"}}]',11,3),(684,'2024-08-16 21:31:55.949352','263','Carga object (263)',1,'[{\"added\": {}}, {\"added\": {\"name\": \"remito\", \"object\": \"Remito object (305)\"}}]',11,3),(685,'2024-08-16 21:40:29.024339','264','Carga object (264)',1,'[{\"added\": {}}, {\"added\": {\"name\": \"remito\", \"object\": \"Remito object (306)\"}}]',11,3),(686,'2024-08-16 21:51:09.213023','265','Carga object (265)',1,'[{\"added\": {}}, {\"added\": {\"name\": \"remito\", \"object\": \"Remito object (307)\"}}]',11,3),(687,'2024-08-16 21:51:10.899058','266','Carga object (266)',1,'[{\"added\": {}}, {\"added\": {\"name\": \"remito\", \"object\": \"Remito object (308)\"}}]',11,3),(688,'2024-08-16 22:57:02.608428','267','Carga object (267)',1,'[{\"added\": {}}, {\"added\": {\"name\": \"remito\", \"object\": \"Remito object (309)\"}}]',11,3),(689,'2024-08-16 23:00:46.722520','268','Carga object (268)',1,'[{\"added\": {}}, {\"added\": {\"name\": \"remito\", \"object\": \"Remito object (310)\"}}]',11,3),(690,'2024-08-16 23:03:53.602986','269','Carga object (269)',1,'[{\"added\": {}}, {\"added\": {\"name\": \"remito\", \"object\": \"Remito object (311)\"}}]',11,3),(691,'2024-08-17 13:51:47.353824','270','Carga object (270)',1,'[{\"added\": {}}, {\"added\": {\"name\": \"remito\", \"object\": \"Remito object (312)\"}}]',11,3),(692,'2024-08-18 21:54:20.216081','271','Carga object (271)',1,'[{\"added\": {}}, {\"added\": {\"name\": \"remito\", \"object\": \"Remito object (313)\"}}]',11,5),(693,'2024-08-18 21:56:13.423304','271','Carga object (271)',2,'[{\"changed\": {\"name\": \"remito\", \"object\": \"Remito object (313)\", \"fields\": [\"CantidadBarco\", \"CantidadDeposito\"]}}]',11,5),(694,'2024-08-19 12:36:59.134701','272','Carga object (272)',1,'[{\"added\": {}}, {\"added\": {\"name\": \"remito\", \"object\": \"Remito object (314)\"}}]',11,3),(695,'2024-08-19 13:16:21.609763','273','Carga object (273)',1,'[{\"added\": {}}, {\"added\": {\"name\": \"remito\", \"object\": \"Remito object (315)\"}}]',11,3),(696,'2024-08-19 13:48:10.552725','274','Carga object (274)',1,'[{\"added\": {}}, {\"added\": {\"name\": \"remito\", \"object\": \"Remito object (316)\"}}]',11,3),(697,'2024-08-19 21:42:59.506754','46','RemitoVarios object (46)',1,'[{\"added\": {}}]',17,5),(698,'2024-08-19 21:47:35.003245','47','RemitoVarios object (47)',1,'[{\"added\": {}}]',17,5),(699,'2024-08-20 14:00:36.127626','275','Carga object (275)',1,'[{\"added\": {}}, {\"added\": {\"name\": \"remito\", \"object\": \"Remito object (317)\"}}]',11,3),(700,'2024-08-20 14:06:27.761637','276','Carga object (276)',1,'[{\"added\": {}}, {\"added\": {\"name\": \"remito\", \"object\": \"Remito object (318)\"}}, {\"added\": {\"name\": \"remito\", \"object\": \"Remito object (319)\"}}]',11,3),(701,'2024-08-20 14:22:55.447578','277','Carga object (277)',1,'[{\"added\": {}}, {\"added\": {\"name\": \"remito\", \"object\": \"Remito object (320)\"}}]',11,3),(702,'2024-08-21 20:49:53.551846','278','Carga object (278)',1,'[{\"added\": {}}, {\"added\": {\"name\": \"remito\", \"object\": \"Remito object (321)\"}}]',11,3),(703,'2024-08-21 21:00:07.902003','279','Carga object (279)',1,'[{\"added\": {}}, {\"added\": {\"name\": \"remito\", \"object\": \"Remito object (322)\"}}]',11,3),(704,'2024-08-21 21:10:14.747273','280','Carga object (280)',1,'[{\"added\": {}}, {\"added\": {\"name\": \"remito\", \"object\": \"Remito object (323)\"}}]',11,3),(705,'2024-08-21 21:18:26.412016','45','NYZ385',1,'[{\"added\": {}}]',16,3),(706,'2024-08-21 21:18:50.973116','46','NYZ385',1,'[{\"added\": {}}]',10,3),(707,'2024-08-21 21:18:55.086959','48','RemitoVarios object (48)',1,'[{\"added\": {}}]',17,3),(708,'2024-08-22 11:53:08.141661','281','Carga object (281)',1,'[{\"added\": {}}, {\"added\": {\"name\": \"remito\", \"object\": \"Remito object (324)\"}}]',11,2),(709,'2024-08-23 13:06:51.133197','282','Carga object (282)',1,'[{\"added\": {}}, {\"added\": {\"name\": \"remito\", \"object\": \"Remito object (325)\"}}]',11,3),(710,'2024-08-23 13:08:18.218630','283','Carga object (283)',1,'[{\"added\": {}}, {\"added\": {\"name\": \"remito\", \"object\": \"Remito object (326)\"}}]',11,3),(711,'2024-08-23 13:15:10.103985','284','Carga object (284)',1,'[{\"added\": {}}, {\"added\": {\"name\": \"remito\", \"object\": \"Remito object (327)\"}}]',11,3),(712,'2024-08-23 13:19:22.186285','285','Carga object (285)',1,'[{\"added\": {}}, {\"added\": {\"name\": \"remito\", \"object\": \"Remito object (328)\"}}]',11,3),(713,'2024-08-23 13:22:15.742800','286','Carga object (286)',1,'[{\"added\": {}}, {\"added\": {\"name\": \"remito\", \"object\": \"Remito object (329)\"}}]',11,3),(714,'2024-08-23 21:28:58.860035','49','RemitoVarios object (49)',1,'[{\"added\": {}}]',17,4),(715,'2024-08-23 21:34:13.476036','50','RemitoVarios object (50)',1,'[{\"added\": {}}]',17,4),(716,'2024-08-24 00:03:22.655129','287','Carga object (287)',1,'[{\"added\": {}}, {\"added\": {\"name\": \"remito\", \"object\": \"Remito object (330)\"}}]',11,3),(717,'2024-08-24 13:33:55.218285','288','Carga object (288)',1,'[{\"added\": {}}, {\"added\": {\"name\": \"remito\", \"object\": \"Remito object (331)\"}}]',11,3),(718,'2024-08-24 13:35:10.144632','288','Carga object (288)',2,'[{\"changed\": {\"name\": \"remito\", \"object\": \"Remito object (331)\", \"fields\": [\"Numero\"]}}]',11,3),(719,'2024-08-24 13:39:43.220932','289','Carga object (289)',1,'[{\"added\": {}}, {\"added\": {\"name\": \"remito\", \"object\": \"Remito object (332)\"}}]',11,3),(720,'2024-08-24 21:37:20.297082','290','Carga object (290)',1,'[{\"added\": {}}, {\"added\": {\"name\": \"remito\", \"object\": \"Remito object (333)\"}}]',11,5),(721,'2024-08-25 12:13:50.640176','291','Carga object (291)',1,'[{\"added\": {}}, {\"added\": {\"name\": \"remito\", \"object\": \"Remito object (334)\"}}]',11,5),(722,'2024-08-25 12:34:15.428066','51','RemitoVarios object (51)',1,'[{\"added\": {}}]',17,5),(723,'2024-08-25 12:35:11.348018','51','RemitoVarios object (51)',2,'[{\"changed\": {\"fields\": [\"Cantidad\", \"Unidad\"]}}]',17,5),(724,'2024-08-25 15:32:46.752783','292','Carga object (292)',1,'[{\"added\": {}}, {\"added\": {\"name\": \"remito\", \"object\": \"Remito object (335)\"}}]',11,5),(725,'2024-08-26 12:13:56.467620','293','Carga object (293)',1,'[{\"added\": {}}, {\"added\": {\"name\": \"remito\", \"object\": \"Remito object (336)\"}}]',11,3),(726,'2024-08-26 12:15:04.730884','294','Carga object (294)',1,'[{\"added\": {}}, {\"added\": {\"name\": \"remito\", \"object\": \"Remito object (337)\"}}]',11,3),(727,'2024-08-26 20:41:31.115048','295','Carga object (295)',1,'[{\"added\": {}}, {\"added\": {\"name\": \"remito\", \"object\": \"Remito object (338)\"}}]',11,3),(728,'2024-08-26 20:47:11.397799','40','GRINFIN S.A.',2,'[{\"changed\": {\"fields\": [\"Telefono\", \"AgenciaMaritima\"]}}]',8,3),(729,'2024-08-27 15:06:27.400378','52','RemitoVarios object (52)',1,'[{\"added\": {}}]',17,2),(730,'2024-08-29 22:16:40.319585','53','RemitoVarios object (53)',1,'[{\"added\": {}}]',17,3),(731,'2024-08-29 22:19:54.158169','54','RemitoVarios object (54)',1,'[{\"added\": {}}]',17,3),(732,'2024-08-30 11:56:29.780815','55','RemitoVarios object (55)',1,'[{\"added\": {}}]',17,3),(733,'2024-08-30 12:14:55.432978','296','Carga object (296)',1,'[{\"added\": {}}, {\"added\": {\"name\": \"remito\", \"object\": \"Remito object (339)\"}}]',11,3),(734,'2024-08-30 12:20:40.129677','297','Carga object (297)',1,'[{\"added\": {}}, {\"added\": {\"name\": \"remito\", \"object\": \"Remito object (340)\"}}]',11,3),(735,'2024-08-30 12:27:20.527873','298','Carga object (298)',1,'[{\"added\": {}}, {\"added\": {\"name\": \"remito\", \"object\": \"Remito object (341)\"}}]',11,3),(736,'2024-08-30 12:30:55.449490','299','Carga object (299)',1,'[{\"added\": {}}, {\"added\": {\"name\": \"remito\", \"object\": \"Remito object (342)\"}}]',11,3),(737,'2024-08-30 20:49:55.187868','300','Carga object (300)',1,'[{\"added\": {}}, {\"added\": {\"name\": \"remito\", \"object\": \"Remito object (343)\"}}]',11,3),(738,'2024-08-30 22:34:39.329067','301','Carga object (301)',1,'[{\"added\": {}}, {\"added\": {\"name\": \"remito\", \"object\": \"Remito object (344)\"}}]',11,5),(739,'2024-08-30 22:38:29.103633','301','Carga object (301)',2,'[{\"changed\": {\"name\": \"remito\", \"object\": \"Remito object (344)\", \"fields\": [\"CantidadBarco\"]}}]',11,5),(740,'2024-08-31 22:49:05.637048','302','Carga object (302)',1,'[{\"added\": {}}, {\"added\": {\"name\": \"remito\", \"object\": \"Remito object (345)\"}}]',11,3),(741,'2024-09-03 22:19:44.210899','56','RemitoVarios object (56)',1,'[{\"added\": {}}]',17,3),(742,'2024-09-03 22:24:08.564487','57','RemitoVarios object (57)',1,'[{\"added\": {}}]',17,3),(743,'2024-09-04 12:41:48.308692','303','Carga object (303)',1,'[{\"added\": {}}, {\"added\": {\"name\": \"remito\", \"object\": \"Remito object (346)\"}}]',11,2),(744,'2024-09-04 12:43:18.524161','303','Carga object (303)',2,'[{\"changed\": {\"fields\": [\"Temperatura\"]}}]',11,2),(745,'2024-09-04 12:51:03.428948','47','AA469SS',1,'[{\"added\": {}}]',10,2),(746,'2024-09-04 12:51:30.513479','48','KNC688',1,'[{\"added\": {}}]',10,2),(747,'2024-09-04 13:08:36.916132','304','Carga object (304)',1,'[{\"added\": {}}, {\"added\": {\"name\": \"remito\", \"object\": \"Remito object (347)\"}}]',11,2),(748,'2024-09-04 13:16:56.439679','305','Carga object (305)',1,'[{\"added\": {}}, {\"added\": {\"name\": \"remito\", \"object\": \"Remito object (348)\"}}]',11,2),(749,'2024-09-04 13:25:44.992790','306','Carga object (306)',1,'[{\"added\": {}}, {\"added\": {\"name\": \"remito\", \"object\": \"Remito object (349)\"}}]',11,2),(750,'2024-09-04 13:28:09.046634','306','Carga object (306)',2,'[{\"changed\": {\"fields\": [\"Barco\"]}}]',11,2),(751,'2024-09-04 13:31:49.691467','307','Carga object (307)',1,'[{\"added\": {}}, {\"added\": {\"name\": \"remito\", \"object\": \"Remito object (350)\"}}]',11,2),(752,'2024-09-04 13:41:13.917785','308','Carga object (308)',1,'[{\"added\": {}}, {\"added\": {\"name\": \"remito\", \"object\": \"Remito object (351)\"}}]',11,2),(753,'2024-09-05 12:22:27.033961','309','Carga object (309)',1,'[{\"added\": {}}, {\"added\": {\"name\": \"remito\", \"object\": \"Remito object (352)\"}}, {\"added\": {\"name\": \"remito\", \"object\": \"Remito object (353)\"}}]',11,3),(754,'2024-09-05 15:04:22.144272','310','Carga object (310)',1,'[{\"added\": {}}, {\"added\": {\"name\": \"remito\", \"object\": \"Remito object (354)\"}}]',11,3),(755,'2024-09-06 14:15:28.113741','58','RemitoVarios object (58)',1,'[{\"added\": {}}]',17,2),(756,'2024-09-07 13:06:51.200867','59','RemitoVarios object (59)',1,'[{\"added\": {}}]',17,2),(757,'2024-09-07 13:07:02.279800','59','RemitoVarios object (59)',2,'[{\"changed\": {\"fields\": [\"Destinatario\"]}}]',17,2),(758,'2024-09-09 11:59:59.709143','311','Carga object (311)',1,'[{\"added\": {}}, {\"added\": {\"name\": \"remito\", \"object\": \"Remito object (355)\"}}]',11,3),(759,'2024-09-09 12:56:50.483029','312','Carga object (312)',1,'[{\"added\": {}}, {\"added\": {\"name\": \"remito\", \"object\": \"Remito object (356)\"}}]',11,3),(760,'2024-09-09 12:57:53.711105','313','Carga object (313)',1,'[{\"added\": {}}, {\"added\": {\"name\": \"remito\", \"object\": \"Remito object (357)\"}}]',11,3),(761,'2024-09-09 17:05:23.455970','60','RemitoVarios object (60)',1,'[{\"added\": {}}]',17,2),(762,'2024-09-09 17:06:23.886113','61','RemitoVarios object (61)',1,'[{\"added\": {}}]',17,2),(763,'2024-09-10 13:06:42.473087','314','Carga object (314)',1,'[{\"added\": {}}, {\"added\": {\"name\": \"remito\", \"object\": \"Remito object (358)\"}}]',11,3),(764,'2024-09-10 14:32:30.729978','62','RemitoVarios object (62)',1,'[{\"added\": {}}]',17,2),(765,'2024-09-12 21:43:09.668887','315','Carga object (315)',1,'[{\"added\": {}}, {\"added\": {\"name\": \"remito\", \"object\": \"Remito object (359)\"}}]',11,3),(766,'2024-09-12 21:48:40.847716','316','Carga object (316)',1,'[{\"added\": {}}, {\"added\": {\"name\": \"remito\", \"object\": \"Remito object (360)\"}}]',11,3),(767,'2024-09-14 13:05:38.009248','63','RemitoVarios object (63)',1,'[{\"added\": {}}]',17,2),(768,'2024-09-14 13:06:10.162151','64','RemitoVarios object (64)',1,'[{\"added\": {}}]',17,2),(769,'2024-09-14 13:44:31.887835','317','Carga object (317)',1,'[{\"added\": {}}, {\"added\": {\"name\": \"remito\", \"object\": \"Remito object (361)\"}}, {\"added\": {\"name\": \"remito\", \"object\": \"Remito object (362)\"}}]',11,3),(770,'2024-09-16 12:27:01.640845','318','Carga object (318)',1,'[{\"added\": {}}, {\"added\": {\"name\": \"remito\", \"object\": \"Remito object (363)\"}}]',11,3),(771,'2024-09-16 21:44:32.645397','319','Carga object (319)',1,'[{\"added\": {}}, {\"added\": {\"name\": \"remito\", \"object\": \"Remito object (364)\"}}]',11,3),(772,'2024-09-17 20:49:57.250607','320','Carga object (320)',1,'[{\"added\": {}}, {\"added\": {\"name\": \"remito\", \"object\": \"Remito object (365)\"}}]',11,3),(773,'2024-09-19 15:20:28.088666','321','Carga object (321)',1,'[{\"added\": {}}, {\"added\": {\"name\": \"remito\", \"object\": \"Remito object (366)\"}}]',11,2),(774,'2024-09-20 11:54:36.575414','322','Carga object (322)',1,'[{\"added\": {}}, {\"added\": {\"name\": \"remito\", \"object\": \"Remito object (367)\"}}]',11,2),(775,'2024-09-20 11:55:54.581045','323','Carga object (323)',1,'[{\"added\": {}}, {\"added\": {\"name\": \"remito\", \"object\": \"Remito object (368)\"}}]',11,2),(776,'2024-09-20 11:57:21.766148','322','Carga object (322)',2,'[{\"changed\": {\"fields\": [\"SitioPuerto\"]}}]',11,2),(777,'2024-09-20 12:03:43.393631','323','Carga object (323)',2,'[{\"changed\": {\"fields\": [\"SitioPuerto\"]}}]',11,2),(778,'2024-09-20 15:21:01.814549','65','RemitoVarios object (65)',1,'[{\"added\": {}}]',17,2),(779,'2024-09-20 15:21:34.275348','66','RemitoVarios object (66)',1,'[{\"added\": {}}]',17,2),(780,'2024-09-21 12:12:22.816050','324','Carga object (324)',1,'[{\"added\": {}}, {\"added\": {\"name\": \"remito\", \"object\": \"Remito object (369)\"}}]',11,2),(781,'2024-09-21 12:26:46.428195','325','Carga object (325)',1,'[{\"added\": {}}, {\"added\": {\"name\": \"remito\", \"object\": \"Remito object (370)\"}}]',11,2),(782,'2024-09-23 12:37:02.624933','324','Carga object (324)',2,'[{\"changed\": {\"fields\": [\"SitioPuerto\"]}}, {\"changed\": {\"name\": \"remito\", \"object\": \"Remito object (369)\", \"fields\": [\"CantidadBarco\"]}}]',11,2),(783,'2024-09-24 12:10:10.107342','326','Carga object (326)',1,'[{\"added\": {}}, {\"added\": {\"name\": \"remito\", \"object\": \"Remito object (371)\"}}]',11,2),(784,'2024-09-24 12:25:08.620433','3','VES',2,'[{\"changed\": {\"fields\": [\"Nombre\"]}}]',19,2),(785,'2024-09-24 12:25:27.597579','2','TNC',2,'[{\"changed\": {\"fields\": [\"Nombre\"]}}]',19,2),(786,'2024-09-24 12:25:37.804172','1','OJR',2,'[{\"changed\": {\"fields\": [\"Nombre\"]}}]',19,2),(787,'2024-09-24 12:41:56.117229','327','Carga object (327)',1,'[{\"added\": {}}, {\"added\": {\"name\": \"remito\", \"object\": \"Remito object (372)\"}}, {\"added\": {\"name\": \"remito\", \"object\": \"Remito object (373)\"}}, {\"added\": {\"name\": \"remito\", \"object\": \"Remito object (374)\"}}]',11,2),(788,'2024-09-24 18:56:55.388686','328','Carga object (328)',1,'[{\"added\": {}}, {\"added\": {\"name\": \"remito\", \"object\": \"Remito object (375)\"}}]',11,5),(789,'2024-09-25 12:01:49.228315','329','Carga object (329)',1,'[{\"added\": {}}, {\"added\": {\"name\": \"remito\", \"object\": \"Remito object (376)\"}}]',11,2),(790,'2024-09-26 21:07:57.581054','330','Carga object (330)',1,'[{\"added\": {}}, {\"added\": {\"name\": \"remito\", \"object\": \"Remito object (377)\"}}]',11,4),(791,'2024-09-27 15:39:00.306541','331','Carga object (331)',1,'[{\"added\": {}}, {\"added\": {\"name\": \"remito\", \"object\": \"Remito object (378)\"}}]',11,2),(792,'2024-09-27 20:50:26.640629','9','COSTA CHUBUT',1,'[{\"added\": {}}]',20,4),(793,'2024-09-27 20:52:05.978798','9','COSTA CHUBUT S.A.',2,'[{\"changed\": {\"fields\": [\"Denominacion\"]}}]',20,4),(794,'2024-10-02 11:46:30.215946','10','ASOC. CIVIL LA NUEVA ESPERANZA COLONIA MENONITA',1,'[{\"added\": {}}]',20,2),(795,'2024-10-02 11:49:07.102052','67','RemitoVarios object (67)',1,'[{\"added\": {}}]',17,2),(796,'2024-10-08 12:53:03.504893','68','RemitoVarios object (68)',1,'[{\"added\": {}}]',17,2),(797,'2024-10-08 12:57:04.008562','68','RemitoVarios object (68)',2,'[{\"changed\": {\"fields\": [\"Camion\"]}}]',17,2),(798,'2024-10-08 21:02:28.348648','332','Carga object (332)',1,'[{\"added\": {}}, {\"added\": {\"name\": \"remito\", \"object\": \"Remito object (379)\"}}]',11,3),(799,'2024-10-19 13:04:15.017045','333','Carga object (333)',1,'[{\"added\": {}}, {\"added\": {\"name\": \"remito\", \"object\": \"Remito object (380)\"}}]',11,2),(800,'2024-10-19 13:06:25.495520','333','Carga object (333)',2,'[{\"changed\": {\"fields\": [\"Temperatura\"]}}]',11,2),(801,'2024-10-21 14:05:05.854179','334','Carga object (334)',1,'[{\"added\": {}}, {\"added\": {\"name\": \"remito\", \"object\": \"Remito object (381)\"}}]',11,2),(802,'2024-10-21 14:08:18.020346','334','Carga object (334)',2,'[{\"added\": {\"name\": \"remito\", \"object\": \"Remito object (382)\"}}, {\"added\": {\"name\": \"remito\", \"object\": \"Remito object (383)\"}}, {\"added\": {\"name\": \"remito\", \"object\": \"Remito object (384)\"}}, {\"added\": {\"name\": \"remito\", \"object\": \"Remito object (385)\"}}]',11,2),(803,'2024-10-22 14:38:07.238042','334','Carga object (334)',2,'[{\"changed\": {\"fields\": [\"Temperatura\"]}}]',11,2),(804,'2024-10-25 11:53:17.303165','69','RemitoVarios object (69)',1,'[{\"added\": {}}]',17,2),(805,'2024-10-26 12:36:03.280747','335','Carga object (335)',1,'[{\"added\": {}}, {\"added\": {\"name\": \"remito\", \"object\": \"Remito object (386)\"}}]',11,5),(806,'2024-10-26 12:45:09.644619','335','Carga object (335)',3,'',11,5),(807,'2024-10-26 12:55:18.907877','336','Carga object (336)',1,'[{\"added\": {}}, {\"added\": {\"name\": \"remito\", \"object\": \"Remito object (387)\"}}]',11,2),(808,'2024-10-26 13:01:30.086181','337','Carga object (337)',1,'[{\"added\": {}}, {\"added\": {\"name\": \"remito\", \"object\": \"Remito object (388)\"}}]',11,2),(809,'2024-10-28 15:01:25.000515','70','RemitoVarios object (70)',1,'[{\"added\": {}}]',17,2),(810,'2024-10-29 15:49:42.884798','338','Carga object (338)',1,'[{\"added\": {}}, {\"added\": {\"name\": \"remito\", \"object\": \"Remito object (389)\"}}]',11,2),(811,'2024-10-31 13:08:51.721497','71','RemitoVarios object (71)',1,'[{\"added\": {}}]',17,2),(812,'2024-10-31 15:38:42.106659','339','Carga object (339)',1,'[{\"added\": {}}, {\"added\": {\"name\": \"remito\", \"object\": \"Remito object (390)\"}}]',11,2),(813,'2024-10-31 15:41:00.867081','339','Carga object (339)',2,'[{\"changed\": {\"fields\": [\"Temperatura\"]}}]',11,2),(814,'2024-10-31 15:49:14.249906','340','Carga object (340)',1,'[{\"added\": {}}, {\"added\": {\"name\": \"remito\", \"object\": \"Remito object (391)\"}}]',11,2),(815,'2024-11-02 11:46:56.052507','341','Carga object (341)',1,'[{\"added\": {}}, {\"added\": {\"name\": \"remito\", \"object\": \"Remito object (392)\"}}]',11,3),(816,'2024-11-02 13:16:31.002658','72','RemitoVarios object (72)',1,'[{\"added\": {}}]',17,2),(817,'2024-11-04 15:30:58.406353','1','GAS OIL G2',2,'[{\"changed\": {\"fields\": [\"Nombre\"]}}]',13,2),(818,'2024-11-04 15:31:44.205064','2','GAS OIL G2 (NAOME022)',1,'[{\"added\": {}}]',13,2),(819,'2024-11-04 20:24:44.248887','342','Carga object (342)',1,'[{\"added\": {}}, {\"added\": {\"name\": \"remito\", \"object\": \"Remito object (393)\"}}]',11,3),(820,'2024-11-05 21:18:55.297139','51','CRUZ DEL SUR',1,'[{\"added\": {}}]',8,4),(821,'2024-11-05 21:20:03.864161','154','DOMAIO',1,'[{\"added\": {}}]',9,4),(822,'2024-11-05 21:20:47.310222','155','PATAGONIA BLUES',1,'[{\"added\": {}}]',9,4),(823,'2024-11-05 21:31:29.551324','343','Carga object (343)',1,'[{\"added\": {}}, {\"added\": {\"name\": \"remito\", \"object\": \"Remito object (394)\"}}, {\"added\": {\"name\": \"remito\", \"object\": \"Remito object (395)\"}}]',11,3),(824,'2024-11-05 21:31:31.454987','344','Carga object (344)',1,'[{\"added\": {}}, {\"added\": {\"name\": \"remito\", \"object\": \"Remito object (396)\"}}, {\"added\": {\"name\": \"remito\", \"object\": \"Remito object (397)\"}}]',11,3),(825,'2024-11-05 21:33:19.763225','345','Carga object (345)',1,'[{\"added\": {}}, {\"added\": {\"name\": \"remito\", \"object\": \"Remito object (398)\"}}, {\"added\": {\"name\": \"remito\", \"object\": \"Remito object (399)\"}}]',11,3),(826,'2024-11-05 21:46:14.782210','346','Carga object (346)',1,'[{\"added\": {}}, {\"added\": {\"name\": \"remito\", \"object\": \"Remito object (400)\"}}]',11,3),(827,'2024-11-06 13:52:18.741378','347','Carga object (347)',1,'[{\"added\": {}}, {\"added\": {\"name\": \"remito\", \"object\": \"Remito object (401)\"}}]',11,2),(828,'2024-11-08 21:05:35.071735','348','Carga object (348)',1,'[{\"added\": {}}, {\"added\": {\"name\": \"remito\", \"object\": \"Remito object (402)\"}}]',11,3),(829,'2024-11-08 21:09:43.935853','349','Carga object (349)',1,'[{\"added\": {}}, {\"added\": {\"name\": \"remito\", \"object\": \"Remito object (403)\"}}]',11,3),(830,'2024-11-10 13:56:50.620300','73','RemitoVarios object (73)',1,'[{\"added\": {}}]',17,3),(831,'2024-11-11 11:49:17.259085','350','Carga object (350)',1,'[{\"added\": {}}, {\"added\": {\"name\": \"remito\", \"object\": \"Remito object (404)\"}}]',11,2),(832,'2024-11-11 11:54:08.275749','351','Carga object (351)',1,'[{\"added\": {}}, {\"added\": {\"name\": \"remito\", \"object\": \"Remito object (405)\"}}]',11,2),(833,'2024-11-11 15:12:15.523466','352','Carga object (352)',1,'[{\"added\": {}}, {\"added\": {\"name\": \"remito\", \"object\": \"Remito object (406)\"}}]',11,2),(834,'2024-11-11 15:56:42.724081','74','RemitoVarios object (74)',1,'[{\"added\": {}}]',17,2),(835,'2024-11-11 17:56:27.435138','353','Carga object (353)',1,'[{\"added\": {}}, {\"added\": {\"name\": \"remito\", \"object\": \"Remito object (407)\"}}]',11,3),(836,'2024-11-12 19:40:31.684416','354','Carga object (354)',1,'[{\"added\": {}}, {\"added\": {\"name\": \"remito\", \"object\": \"Remito object (408)\"}}]',11,3),(837,'2024-11-12 19:46:31.857585','355','Carga object (355)',1,'[{\"added\": {}}, {\"added\": {\"name\": \"remito\", \"object\": \"Remito object (409)\"}}]',11,3),(838,'2024-11-13 14:18:23.609099','356','Carga object (356)',1,'[{\"added\": {}}, {\"added\": {\"name\": \"remito\", \"object\": \"Remito object (410)\"}}]',11,3),(839,'2024-11-13 20:21:55.837834','75','RemitoVarios object (75)',1,'[{\"added\": {}}]',17,3),(840,'2024-11-14 12:09:28.514141','357','Carga object (357)',1,'[{\"added\": {}}, {\"added\": {\"name\": \"remito\", \"object\": \"Remito object (411)\"}}]',11,3),(841,'2024-11-14 12:10:14.563097','358','Carga object (358)',1,'[{\"added\": {}}, {\"added\": {\"name\": \"remito\", \"object\": \"Remito object (412)\"}}]',11,3),(842,'2024-11-14 12:10:43.846568','358','Carga object (358)',2,'[{\"changed\": {\"fields\": [\"SitioPuerto\"]}}]',11,3),(843,'2024-11-14 14:44:07.247275','52','Sarez Luis Alberto',1,'[{\"added\": {}}]',8,2),(844,'2024-11-14 14:44:28.522402','152','TEMERARIO 1RO',2,'[{\"changed\": {\"fields\": [\"Armadora\"]}}]',9,2),(845,'2024-11-14 14:45:10.333831','1','OJR',2,'[{\"changed\": {\"fields\": [\"Nombre\"]}}]',19,2),(846,'2024-11-14 14:45:14.581774','2','TNC',2,'[]',19,2),(847,'2024-11-15 13:25:36.802046','359','Carga object (359)',1,'[{\"added\": {}}, {\"added\": {\"name\": \"remito\", \"object\": \"Remito object (413)\"}}]',11,2),(848,'2024-11-15 13:39:56.450362','76','RemitoVarios object (76)',1,'[{\"added\": {}}]',17,2),(849,'2024-11-15 13:40:40.446815','76','RemitoVarios object (76)',2,'[{\"changed\": {\"fields\": [\"Producto\"]}}]',17,2),(850,'2024-11-15 15:24:09.289025','76','RemitoVarios object (76)',2,'[{\"changed\": {\"fields\": [\"LugarEntrega\", \"Chofer\"]}}]',17,2),(851,'2024-11-15 15:35:59.538609','49','AF750BI',1,'[{\"added\": {}}]',10,2),(852,'2024-11-15 15:36:11.890096','77','RemitoVarios object (77)',1,'[{\"added\": {}}]',17,2),(853,'2024-11-15 22:37:58.575032','360','Carga object (360)',1,'[{\"added\": {}}, {\"added\": {\"name\": \"remito\", \"object\": \"Remito object (414)\"}}]',11,5),(854,'2024-11-15 22:43:10.278354','360','Carga object (360)',2,'[{\"changed\": {\"name\": \"remito\", \"object\": \"Remito object (414)\", \"fields\": [\"CantidadBarco\"]}}]',11,5),(855,'2024-11-16 13:02:42.061934','361','Carga object (361)',1,'[{\"added\": {}}, {\"added\": {\"name\": \"remito\", \"object\": \"Remito object (415)\"}}]',11,2),(856,'2024-11-16 13:17:35.281234','362','Carga object (362)',1,'[{\"added\": {}}, {\"added\": {\"name\": \"remito\", \"object\": \"Remito object (416)\"}}]',11,2),(857,'2024-11-16 13:27:38.388430','363','Carga object (363)',1,'[{\"added\": {}}, {\"added\": {\"name\": \"remito\", \"object\": \"Remito object (417)\"}}]',11,2),(858,'2024-11-16 19:34:45.070822','53','Petromares S.A.',1,'[{\"added\": {}}]',8,2),(859,'2024-11-16 19:35:33.700749','156','Deposito Rawson',1,'[{\"added\": {}}]',9,2),(860,'2024-11-16 19:37:26.531095','364','Carga object (364)',1,'[{\"added\": {}}, {\"added\": {\"name\": \"remito\", \"object\": \"Remito object (418)\"}}]',11,2),(861,'2024-11-16 20:02:13.907413','365','Carga object (365)',1,'[{\"added\": {}}, {\"added\": {\"name\": \"remito\", \"object\": \"Remito object (419)\"}}]',11,2),(862,'2024-11-17 14:48:07.996288','361','Carga object (361)',2,'[{\"changed\": {\"fields\": [\"FechaHoraInicio\"]}}, {\"changed\": {\"name\": \"remito\", \"object\": \"Remito object (415)\", \"fields\": [\"Numero\", \"Chofer\", \"Camion\", \"Remolque\", \"CantidadBarco\"]}}]',11,5),(863,'2024-11-17 14:53:38.315353','362','Carga object (362)',2,'[{\"changed\": {\"fields\": [\"FechaHoraInicio\"]}}, {\"changed\": {\"name\": \"remito\", \"object\": \"Remito object (416)\", \"fields\": [\"Numero\", \"Camion\", \"Remolque\", \"CantidadBarco\"]}}]',11,5),(864,'2024-11-19 11:57:07.444219','366','Carga object (366)',1,'[{\"added\": {}}, {\"added\": {\"name\": \"remito\", \"object\": \"Remito object (420)\"}}]',11,3),(865,'2024-11-19 12:36:17.130037','367','Carga object (367)',1,'[{\"added\": {}}, {\"added\": {\"name\": \"remito\", \"object\": \"Remito object (421)\"}}]',11,3),(866,'2024-11-19 12:37:58.212931','22','ZUEEDIK CESAR',1,'[{\"added\": {}}]',12,2),(867,'2024-11-19 12:38:31.477323','50','AA469SS',1,'[{\"added\": {}}]',10,2),(868,'2024-11-19 12:38:51.718612','46','KFT634',1,'[{\"added\": {}}]',16,2),(869,'2024-11-19 12:38:59.369959','368','Carga object (368)',1,'[{\"added\": {}}, {\"added\": {\"name\": \"remito\", \"object\": \"Remito object (422)\"}}]',11,2),(870,'2024-11-20 15:08:52.738802','369','Carga object (369)',1,'[{\"added\": {}}, {\"added\": {\"name\": \"remito\", \"object\": \"Remito object (423)\"}}]',11,3),(871,'2024-11-20 15:09:02.127514','370','Carga object (370)',1,'[{\"added\": {}}, {\"added\": {\"name\": \"remito\", \"object\": \"Remito object (424)\"}}]',11,3),(872,'2024-11-20 20:57:34.849514','371','Carga object (371)',1,'[{\"added\": {}}, {\"added\": {\"name\": \"remito\", \"object\": \"Remito object (425)\"}}]',11,3),(873,'2024-11-21 14:35:37.420888','78','RemitoVarios object (78)',1,'[{\"added\": {}}]',17,3),(874,'2024-11-22 14:09:46.237841','372','Carga object (372)',1,'[{\"added\": {}}, {\"added\": {\"name\": \"remito\", \"object\": \"Remito object (426)\"}}]',11,2),(875,'2024-11-22 20:16:42.296882','373','Carga object (373)',1,'[{\"added\": {}}, {\"added\": {\"name\": \"remito\", \"object\": \"Remito object (427)\"}}]',11,3),(876,'2024-11-24 13:40:38.488133','374','Carga object (374)',1,'[{\"added\": {}}, {\"added\": {\"name\": \"remito\", \"object\": \"Remito object (428)\"}}]',11,5),(877,'2024-11-24 15:07:26.829710','375','Carga object (375)',1,'[{\"added\": {}}, {\"added\": {\"name\": \"remito\", \"object\": \"Remito object (429)\"}}]',11,5),(878,'2024-11-25 13:37:54.092663','376','Carga object (376)',1,'[{\"added\": {}}, {\"added\": {\"name\": \"remito\", \"object\": \"Remito object (430)\"}}]',11,3),(879,'2024-11-25 15:21:31.272357','377','Carga object (377)',1,'[{\"added\": {}}, {\"added\": {\"name\": \"remito\", \"object\": \"Remito object (431)\"}}]',11,3),(880,'2024-11-26 14:05:00.220594','79','RemitoVarios object (79)',1,'[{\"added\": {}}]',17,3),(881,'2024-11-26 14:31:33.803588','54','ASOCIACIÓN CIVIL NUEVA ESPERANZA',1,'[{\"added\": {}}]',8,2),(882,'2024-11-26 14:32:01.679394','157','ASOCIACION CIVIL LA NUEVA ESP.',1,'[{\"added\": {}}]',9,2),(883,'2024-11-26 14:34:02.136705','378','Carga object (378)',1,'[{\"added\": {}}, {\"added\": {\"name\": \"remito\", \"object\": \"Remito object (432)\"}}]',11,2),(884,'2024-11-26 14:51:57.862671','157','GUATRACHE - LA PAMPA',2,'[{\"changed\": {\"fields\": [\"Nombre\"]}}]',9,2),(885,'2024-11-26 15:21:11.638215','379','Carga object (379)',1,'[{\"added\": {}}, {\"added\": {\"name\": \"remito\", \"object\": \"Remito object (433)\"}}]',11,2),(886,'2024-11-26 15:23:08.582453','379','Carga object (379)',2,'[{\"changed\": {\"fields\": [\"Temperatura\"]}}]',11,2),(887,'2024-11-26 15:28:54.923683','380','Carga object (380)',1,'[{\"added\": {}}, {\"added\": {\"name\": \"remito\", \"object\": \"Remito object (434)\"}}]',11,2),(888,'2024-11-26 15:30:57.767720','380','Carga object (380)',2,'[{\"changed\": {\"fields\": [\"Densidad\"]}}]',11,2),(889,'2024-11-27 12:28:14.919876','80','RemitoVarios object (80)',1,'[{\"added\": {}}]',17,3),(890,'2024-11-27 13:42:59.738033','381','Carga object (381)',1,'[{\"added\": {}}, {\"added\": {\"name\": \"remito\", \"object\": \"Remito object (435)\"}}]',11,2),(891,'2024-11-28 13:06:40.191668','382','Carga object (382)',1,'[{\"added\": {}}, {\"added\": {\"name\": \"remito\", \"object\": \"Remito object (436)\"}}]',11,2),(892,'2024-11-28 15:09:11.470385','383','Carga object (383)',1,'[{\"added\": {}}, {\"added\": {\"name\": \"remito\", \"object\": \"Remito object (437)\"}}]',11,2),(893,'2024-11-28 19:45:28.906419','384','Carga object (384)',1,'[{\"added\": {}}, {\"added\": {\"name\": \"remito\", \"object\": \"Remito object (438)\"}}]',11,3),(894,'2024-11-28 19:45:33.494587','385','Carga object (385)',1,'[{\"added\": {}}, {\"added\": {\"name\": \"remito\", \"object\": \"Remito object (439)\"}}]',11,3),(895,'2024-11-29 14:51:21.181451','81','RemitoVarios object (81)',1,'[{\"added\": {}}]',17,2),(896,'2024-11-29 19:55:55.027401','386','Carga object (386)',1,'[{\"added\": {}}, {\"added\": {\"name\": \"remito\", \"object\": \"Remito object (440)\"}}]',11,3),(897,'2024-11-29 19:58:13.138385','387','Carga object (387)',1,'[{\"added\": {}}, {\"added\": {\"name\": \"remito\", \"object\": \"Remito object (441)\"}}, {\"added\": {\"name\": \"remito\", \"object\": \"Remito object (442)\"}}]',11,3),(898,'2024-11-30 13:36:34.886023','388','Carga object (388)',1,'[{\"added\": {}}, {\"added\": {\"name\": \"remito\", \"object\": \"Remito object (443)\"}}]',11,2),(899,'2024-11-30 15:42:37.338197','389','Carga object (389)',1,'[{\"added\": {}}, {\"added\": {\"name\": \"remito\", \"object\": \"Remito object (444)\"}}]',11,3),(900,'2024-12-02 12:52:21.020685','82','RemitoVarios object (82)',1,'[{\"added\": {}}]',17,3),(901,'2024-12-03 15:47:15.782210','390','Carga object (390)',1,'[{\"added\": {}}, {\"added\": {\"name\": \"remito\", \"object\": \"Remito object (445)\"}}]',11,2),(902,'2024-12-03 16:28:53.864640','391','Carga object (391)',1,'[{\"added\": {}}, {\"added\": {\"name\": \"remito\", \"object\": \"Remito object (446)\"}}]',11,2),(903,'2024-12-04 13:08:05.299677','83','RemitoVarios object (83)',1,'[{\"added\": {}}]',17,3),(904,'2024-12-04 15:21:35.136076','392','Carga object (392)',1,'[{\"added\": {}}, {\"added\": {\"name\": \"remito\", \"object\": \"Remito object (447)\"}}]',11,2),(905,'2024-12-04 15:22:01.378879','392','Carga object (392)',2,'[{\"changed\": {\"fields\": [\"FechaHoraInicio\"]}}]',11,2),(906,'2024-12-04 15:29:49.615088','393','Carga object (393)',1,'[{\"added\": {}}, {\"added\": {\"name\": \"remito\", \"object\": \"Remito object (448)\"}}]',11,2),(907,'2024-12-04 15:50:41.779529','394','Carga object (394)',1,'[{\"added\": {}}, {\"added\": {\"name\": \"remito\", \"object\": \"Remito object (449)\"}}]',11,2),(908,'2024-12-05 20:48:24.428316','395','Carga object (395)',1,'[{\"added\": {}}, {\"added\": {\"name\": \"remito\", \"object\": \"Remito object (450)\"}}]',11,3),(909,'2024-12-05 20:54:28.308454','107','DOÑA ALFIA',2,'[{\"changed\": {\"fields\": [\"Nombre\"]}}]',9,3),(910,'2024-12-07 22:11:01.578440','23','JUAN HERNANDEZ',1,'[{\"added\": {}}]',12,5),(911,'2024-12-07 22:12:38.848064','51','AA207LB',1,'[{\"added\": {}}]',10,5),(912,'2024-12-07 22:15:28.383638','396','Carga object (396)',1,'[{\"added\": {}}, {\"added\": {\"name\": \"remito\", \"object\": \"Remito object (451)\"}}]',11,5),(913,'2024-12-08 15:39:11.643341','397','Carga object (397)',1,'[{\"added\": {}}, {\"added\": {\"name\": \"remito\", \"object\": \"Remito object (452)\"}}]',11,5),(914,'2024-12-09 12:53:38.869393','84','RemitoVarios object (84)',1,'[{\"added\": {}}]',17,3),(915,'2024-12-09 12:54:43.611526','85','RemitoVarios object (85)',1,'[{\"added\": {}}]',17,3),(916,'2024-12-09 13:30:59.476022','52','AF164TH',1,'[{\"added\": {}}]',10,2),(917,'2024-12-09 13:32:01.356507','53','AF164TH',1,'[{\"added\": {}}]',10,2),(918,'2024-12-09 13:32:38.990422','47','0',1,'[{\"added\": {}}]',16,2),(919,'2024-12-09 13:32:43.197897','398','Carga object (398)',1,'[{\"added\": {}}, {\"added\": {\"name\": \"remito\", \"object\": \"Remito object (453)\"}}]',11,2),(920,'2024-12-09 16:07:30.729973','399','Carga object (399)',1,'[{\"added\": {}}, {\"added\": {\"name\": \"remito\", \"object\": \"Remito object (454)\"}}]',11,2),(921,'2024-12-09 16:22:12.060767','399','Carga object (399)',2,'[{\"changed\": {\"name\": \"remito\", \"object\": \"Remito object (454)\", \"fields\": [\"Camion\", \"Remolque\"]}}]',11,2),(922,'2024-12-10 15:02:37.260282','400','Carga object (400)',1,'[{\"added\": {}}, {\"added\": {\"name\": \"remito\", \"object\": \"Remito object (455)\"}}]',11,2),(923,'2024-12-11 14:00:02.404358','401','Carga object (401)',1,'[{\"added\": {}}, {\"added\": {\"name\": \"remito\", \"object\": \"Remito object (456)\"}}]',11,3),(924,'2024-12-11 14:02:38.889517','402','Carga object (402)',1,'[{\"added\": {}}, {\"added\": {\"name\": \"remito\", \"object\": \"Remito object (457)\"}}]',11,3),(925,'2024-12-11 14:03:41.457157','403','Carga object (403)',1,'[{\"added\": {}}, {\"added\": {\"name\": \"remito\", \"object\": \"Remito object (458)\"}}]',11,3),(926,'2024-12-11 14:06:52.735531','403','Carga object (403)',2,'[{\"changed\": {\"name\": \"remito\", \"object\": \"Remito object (458)\", \"fields\": [\"Chofer\"]}}]',11,3),(927,'2024-12-13 15:53:00.344451','404','Carga object (404)',1,'[{\"added\": {}}, {\"added\": {\"name\": \"remito\", \"object\": \"Remito object (459)\"}}]',11,5),(928,'2024-12-13 16:06:15.933709','404','Carga object (404)',2,'[{\"changed\": {\"name\": \"remito\", \"object\": \"Remito object (459)\", \"fields\": [\"CantidadBarco\"]}}]',11,5),(929,'2024-12-13 19:58:09.451971','86','RemitoVarios object (86)',1,'[{\"added\": {}}]',17,3),(930,'2024-12-14 13:19:41.771073','405','Carga object (405)',1,'[{\"added\": {}}, {\"added\": {\"name\": \"remito\", \"object\": \"Remito object (460)\"}}]',11,2),(931,'2024-12-14 13:27:40.249110','406','Carga object (406)',1,'[{\"added\": {}}, {\"added\": {\"name\": \"remito\", \"object\": \"Remito object (461)\"}}]',11,2),(932,'2024-12-14 13:28:00.107959','405','Carga object (405)',2,'[{\"changed\": {\"name\": \"remito\", \"object\": \"Remito object (460)\", \"fields\": [\"Chofer\"]}}]',11,2),(933,'2024-12-14 13:29:12.803772','407','Carga object (407)',1,'[{\"added\": {}}, {\"added\": {\"name\": \"remito\", \"object\": \"Remito object (462)\"}}]',11,2),(934,'2024-12-15 15:32:15.687327','408','Carga object (408)',1,'[{\"added\": {}}, {\"added\": {\"name\": \"remito\", \"object\": \"Remito object (463)\"}}]',11,5),(935,'2024-12-16 15:18:09.040999','409','Carga object (409)',1,'[{\"added\": {}}, {\"added\": {\"name\": \"remito\", \"object\": \"Remito object (464)\"}}]',11,2),(936,'2024-12-16 23:05:57.660403','410','Carga object (410)',1,'[{\"added\": {}}, {\"added\": {\"name\": \"remito\", \"object\": \"Remito object (465)\"}}]',11,5),(937,'2024-12-17 14:23:33.503065','24','LAZARO TORRES',1,'[{\"added\": {}}]',12,2),(938,'2024-12-17 14:24:20.558522','54','AF4750BC',1,'[{\"added\": {}}]',10,2),(939,'2024-12-17 14:24:50.317562','48','KFT633',1,'[{\"added\": {}}]',16,2),(940,'2024-12-17 14:25:48.086145','411','Carga object (411)',1,'[{\"added\": {}}, {\"added\": {\"name\": \"remito\", \"object\": \"Remito object (466)\"}}]',11,2),(941,'2024-12-18 12:44:54.360247','87','RemitoVarios object (87)',1,'[{\"added\": {}}]',17,2),(942,'2024-12-18 14:14:27.379876','412','Carga object (412)',1,'[{\"added\": {}}, {\"added\": {\"name\": \"remito\", \"object\": \"Remito object (467)\"}}]',11,2),(943,'2024-12-18 22:10:28.990194','1','Operarios',2,'[{\"changed\": {\"fields\": [\"Permissions\"]}}]',3,1),(944,'2024-12-18 22:23:30.464169','4','WCANTO',2,'[{\"changed\": {\"fields\": [\"Superuser status\"]}}]',4,1),(945,'2024-12-18 22:23:37.899672','2','NMUGUETA',2,'[{\"changed\": {\"fields\": [\"Superuser status\"]}}]',4,1),(946,'2024-12-19 13:03:24.269991','413','Carga object (413)',1,'[{\"added\": {}}, {\"added\": {\"name\": \"remito\", \"object\": \"Remito object (468)\"}}]',11,2),(947,'2024-12-19 13:25:28.315486','414','Carga object (414)',1,'[{\"added\": {}}, {\"added\": {\"name\": \"remito\", \"object\": \"Remito object (469)\"}}]',11,2),(948,'2024-12-19 14:32:17.873135','158','LU QING YUAN YU 288',1,'[{\"added\": {}}]',9,2),(949,'2024-12-19 14:34:15.239526','49','SEMI',1,'[{\"added\": {}}]',16,2),(950,'2024-12-19 14:34:29.623442','49','AA097BK',2,'[{\"changed\": {\"fields\": [\"Marca\", \"Patente\"]}}]',16,2),(951,'2024-12-19 14:35:52.583061','55','NMH461',1,'[{\"added\": {}}]',10,2),(952,'2024-12-19 14:37:47.818062','415','Carga object (415)',1,'[{\"added\": {}}, {\"added\": {\"name\": \"remito\", \"object\": \"Remito object (470)\"}}, {\"added\": {\"name\": \"remito\", \"object\": \"Remito object (471)\"}}, {\"added\": {\"name\": \"remito\", \"object\": \"Remito object (472)\"}}, {\"added\": {\"name\": \"remito\", \"object\": \"Remito object (473)\"}}]',11,2),(953,'2024-12-19 16:12:47.649947','416','Carga object (416)',1,'[{\"added\": {}}, {\"added\": {\"name\": \"remito\", \"object\": \"Remito object (474)\"}}]',11,2),(954,'2024-12-19 16:18:29.648754','417','Carga object (417)',1,'[{\"added\": {}}, {\"added\": {\"name\": \"remito\", \"object\": \"Remito object (475)\"}}]',11,2),(955,'2024-12-20 16:34:25.026636','159','LU QING YUAN YU 287',1,'[{\"added\": {}}]',9,2),(956,'2024-12-20 16:35:07.488493','160','LU QING YUAN YU 279',1,'[{\"added\": {}}]',9,2),(957,'2024-12-20 16:37:01.996185','56','AF750BI',1,'[{\"added\": {}}]',10,2),(958,'2024-12-20 16:37:36.147381','50','KNC688',1,'[{\"added\": {}}]',16,2),(959,'2024-12-20 16:38:39.304635','54','AF750BC',2,'[{\"changed\": {\"fields\": [\"Patente\"]}}]',10,2),(960,'2024-12-20 16:40:03.083620','418','Carga object (418)',1,'[{\"added\": {}}, {\"added\": {\"name\": \"remito\", \"object\": \"Remito object (476)\"}}, {\"added\": {\"name\": \"remito\", \"object\": \"Remito object (477)\"}}, {\"added\": {\"name\": \"remito\", \"object\": \"Remito object (478)\"}}, {\"added\": {\"name\": \"remito\", \"object\": \"Remito object (479)\"}}]',11,2),(961,'2024-12-25 13:18:30.819926','11','PESQUERA LATINA',1,'[{\"added\": {}}]',20,5),(962,'2024-12-25 13:21:41.826386','88','RemitoVarios object (88)',1,'[{\"added\": {}}]',17,5),(963,'2024-12-25 13:21:50.245560','88','RemitoVarios object (88)',2,'[]',17,5),(964,'2024-12-25 13:26:51.739201','89','RemitoVarios object (89)',1,'[{\"added\": {}}]',17,5),(965,'2024-12-25 13:26:58.508396','89','RemitoVarios object (89)',2,'[]',17,5),(966,'2024-12-27 11:17:01.165810','419','Carga object (419)',1,'[{\"added\": {}}, {\"added\": {\"name\": \"remito\", \"object\": \"Remito object (480)\"}}]',11,5),(967,'2024-12-27 11:17:27.732501','419','Carga object (419)',2,'[]',11,5),(968,'2024-12-27 11:25:00.575704','419','Carga object (419)',2,'[{\"changed\": {\"name\": \"remito\", \"object\": \"Remito object (480)\", \"fields\": [\"Empresa\", \"Transporte\", \"Numero\", \"Chofer\", \"Camion\", \"Remolque\", \"CantidadBarco\"]}}]',11,5),(969,'2024-12-27 11:25:27.509774','419','Carga object (419)',2,'[]',11,5),(970,'2024-12-27 11:35:49.252082','420','Carga object (420)',1,'[{\"added\": {}}, {\"added\": {\"name\": \"remito\", \"object\": \"Remito object (481)\"}}, {\"added\": {\"name\": \"remito\", \"object\": \"Remito object (482)\"}}, {\"added\": {\"name\": \"remito\", \"object\": \"Remito object (483)\"}}]',11,3),(971,'2024-12-27 16:43:38.530990','420','Carga object (420)',2,'[{\"changed\": {\"fields\": [\"FechaHoraInicio\"]}}, {\"added\": {\"name\": \"remito\", \"object\": \"Remito object (484)\"}}, {\"changed\": {\"name\": \"remito\", \"object\": \"Remito object (481)\", \"fields\": [\"Camion\", \"Remolque\"]}}]',11,2),(972,'2024-12-28 13:42:28.970462','25','CIRAUDO MAXIMILIANO',1,'[{\"added\": {}}]',12,5),(973,'2024-12-28 13:43:34.762867','57','AD192AV',1,'[{\"added\": {}}]',10,5),(974,'2024-12-28 13:43:56.939603','90','RemitoVarios object (90)',1,'[{\"added\": {}}]',17,5),(975,'2024-12-28 15:03:00.343109','90','RemitoVarios object (90)',2,'[]',17,5),(976,'2024-12-29 15:53:55.403457','421','Carga object (421)',1,'[{\"added\": {}}, {\"added\": {\"name\": \"remito\", \"object\": \"Remito object (485)\"}}]',11,3),(977,'2024-12-29 15:56:13.154200','422','Carga object (422)',1,'[{\"added\": {}}, {\"added\": {\"name\": \"remito\", \"object\": \"Remito object (486)\"}}]',11,3),(978,'2025-01-02 14:41:31.122506','423','Carga object (423)',1,'[{\"added\": {}}, {\"added\": {\"name\": \"remito\", \"object\": \"Remito object (487)\"}}]',11,2),(979,'2025-01-02 14:42:31.065531','424','Carga object (424)',1,'[{\"added\": {}}, {\"added\": {\"name\": \"remito\", \"object\": \"Remito object (488)\"}}]',11,2),(980,'2025-01-02 20:10:39.777832','425','Carga object (425)',1,'[{\"added\": {}}, {\"added\": {\"name\": \"remito\", \"object\": \"Remito object (489)\"}}]',11,3),(981,'2025-01-03 14:22:15.946859','426','Carga object (426)',1,'[{\"added\": {}}, {\"added\": {\"name\": \"remito\", \"object\": \"Remito object (490)\"}}]',11,2),(982,'2025-01-03 14:22:51.123124','426','Carga object (426)',2,'[{\"changed\": {\"name\": \"remito\", \"object\": \"Remito object (490)\", \"fields\": [\"Empresa\"]}}]',11,2),(983,'2025-01-04 13:06:05.656082','427','Carga object (427)',1,'[{\"added\": {}}, {\"added\": {\"name\": \"remito\", \"object\": \"Remito object (491)\"}}]',11,2),(984,'2025-01-04 13:07:07.067081','428','Carga object (428)',1,'[{\"added\": {}}, {\"added\": {\"name\": \"remito\", \"object\": \"Remito object (492)\"}}]',11,2),(985,'2025-01-04 13:07:27.554425','427','Carga object (427)',2,'[{\"changed\": {\"name\": \"remito\", \"object\": \"Remito object (491)\", \"fields\": [\"CantidadBarco\"]}}]',11,2),(986,'2025-01-04 13:41:52.248779','428','Carga object (428)',2,'[{\"changed\": {\"name\": \"remito\", \"object\": \"Remito object (492)\", \"fields\": [\"Camion\", \"Remolque\", \"CantidadBarco\"]}}]',11,2),(987,'2025-01-04 13:42:05.361239','427','Carga object (427)',2,'[{\"changed\": {\"name\": \"remito\", \"object\": \"Remito object (491)\", \"fields\": [\"Camion\", \"Remolque\"]}}]',11,2),(988,'2025-01-14 13:58:34.826524','429','Carga object (429)',1,'[{\"added\": {}}, {\"added\": {\"name\": \"remito\", \"object\": \"Remito object (493)\"}}]',11,2),(989,'2025-01-14 13:59:35.530113','430','Carga object (430)',1,'[{\"added\": {}}, {\"added\": {\"name\": \"remito\", \"object\": \"Remito object (494)\"}}]',11,2),(990,'2025-01-14 14:00:55.364841','431','Carga object (431)',1,'[{\"added\": {}}, {\"added\": {\"name\": \"remito\", \"object\": \"Remito object (495)\"}}]',11,2),(991,'2025-01-14 14:02:09.372772','432','Carga object (432)',1,'[{\"added\": {}}, {\"added\": {\"name\": \"remito\", \"object\": \"Remito object (496)\"}}]',11,2),(992,'2025-01-14 14:03:31.502272','433','Carga object (433)',1,'[{\"added\": {}}, {\"added\": {\"name\": \"remito\", \"object\": \"Remito object (497)\"}}]',11,2),(993,'2025-01-14 14:04:37.125345','432','Carga object (432)',2,'[{\"changed\": {\"fields\": [\"FechaHoraInicio\"]}}]',11,2),(994,'2025-01-14 14:07:53.242064','434','Carga object (434)',1,'[{\"added\": {}}, {\"added\": {\"name\": \"remito\", \"object\": \"Remito object (498)\"}}]',11,2),(995,'2025-01-14 14:16:48.051570','12','A.F.I.P. ADUANA',1,'[{\"added\": {}}]',20,3),(996,'2025-01-14 14:18:17.127502','91','RemitoVarios object (91)',1,'[{\"added\": {}}]',17,3),(997,'2025-01-15 20:58:06.215399','435','Carga object (435)',1,'[{\"added\": {}}, {\"added\": {\"name\": \"remito\", \"object\": \"Remito object (499)\"}}]',11,3),(998,'2025-01-16 16:40:12.783644','429','Carga object (429)',2,'[]',11,2),(999,'2025-01-18 13:20:07.359414','92','RemitoVarios object (92)',1,'[{\"added\": {}}]',17,3),(1000,'2025-01-18 13:29:43.705859','436','Carga object (436)',1,'[{\"added\": {}}, {\"added\": {\"name\": \"remito\", \"object\": \"Remito object (500)\"}}]',11,3),(1001,'2025-01-18 15:02:13.973855','437','Carga object (437)',1,'[{\"added\": {}}, {\"added\": {\"name\": \"remito\", \"object\": \"Remito object (501)\"}}]',11,3),(1002,'2025-01-18 15:02:56.168530','438','Carga object (438)',1,'[{\"added\": {}}, {\"added\": {\"name\": \"remito\", \"object\": \"Remito object (502)\"}}]',11,3),(1003,'2025-01-20 19:42:23.580253','439','Carga object (439)',1,'[{\"added\": {}}, {\"added\": {\"name\": \"remito\", \"object\": \"Remito object (503)\"}}]',11,3),(1004,'2025-01-20 19:43:09.997969','440','Carga object (440)',1,'[{\"added\": {}}, {\"added\": {\"name\": \"remito\", \"object\": \"Remito object (504)\"}}]',11,3),(1005,'2025-01-21 14:59:21.319511','441','Carga object (441)',1,'[{\"added\": {}}, {\"added\": {\"name\": \"remito\", \"object\": \"Remito object (505)\"}}]',11,3),(1006,'2025-01-22 13:38:01.891346','442','Carga object (442)',1,'[{\"added\": {}}, {\"added\": {\"name\": \"remito\", \"object\": \"Remito object (506)\"}}]',11,3),(1007,'2025-01-22 14:49:23.520961','443','Carga object (443)',1,'[{\"added\": {}}, {\"added\": {\"name\": \"remito\", \"object\": \"Remito object (507)\"}}]',11,3),(1008,'2025-01-23 15:09:13.322464','444','Carga object (444)',1,'[{\"added\": {}}, {\"added\": {\"name\": \"remito\", \"object\": \"Remito object (508)\"}}]',11,5),(1009,'2025-01-24 15:26:22.772276','445','Carga object (445)',1,'[{\"added\": {}}, {\"added\": {\"name\": \"remito\", \"object\": \"Remito object (509)\"}}]',11,3),(1010,'2025-01-26 13:13:26.728905','446','Carga object (446)',1,'[{\"added\": {}}, {\"added\": {\"name\": \"remito\", \"object\": \"Remito object (510)\"}}]',11,3),(1011,'2025-01-26 17:44:19.305974','447','Carga object (447)',1,'[{\"added\": {}}, {\"added\": {\"name\": \"remito\", \"object\": \"Remito object (511)\"}}]',11,3),(1012,'2025-01-26 17:49:44.687394','448','Carga object (448)',1,'[{\"added\": {}}, {\"added\": {\"name\": \"remito\", \"object\": \"Remito object (512)\"}}]',11,3),(1013,'2025-01-28 13:45:34.622921','449','Carga object (449)',1,'[{\"added\": {}}, {\"added\": {\"name\": \"remito\", \"object\": \"Remito object (513)\"}}]',11,3),(1014,'2025-01-29 15:13:24.901796','450','Carga object (450)',1,'[{\"added\": {}}, {\"added\": {\"name\": \"remito\", \"object\": \"Remito object (514)\"}}]',11,5),(1015,'2025-01-29 15:17:27.989136','450','Carga object (450)',3,'',11,5),(1016,'2025-01-30 14:56:19.942453','451','Carga object (451)',1,'[{\"added\": {}}, {\"added\": {\"name\": \"remito\", \"object\": \"Remito object (515)\"}}]',11,3),(1017,'2025-01-30 15:14:51.052633','452','Carga object (452)',1,'[{\"added\": {}}, {\"added\": {\"name\": \"remito\", \"object\": \"Remito object (516)\"}}, {\"added\": {\"name\": \"remito\", \"object\": \"Remito object (517)\"}}, {\"added\": {\"name\": \"remito\", \"object\": \"Remito object (518)\"}}]',11,3),(1018,'2025-02-01 13:21:26.692153','453','Carga object (453)',1,'[{\"added\": {}}, {\"added\": {\"name\": \"remito\", \"object\": \"Remito object (519)\"}}, {\"added\": {\"name\": \"remito\", \"object\": \"Remito object (520)\"}}, {\"added\": {\"name\": \"remito\", \"object\": \"Remito object (521)\"}}]',11,3),(1019,'2025-02-01 13:43:28.048482','454','Carga object (454)',1,'[{\"added\": {}}, {\"added\": {\"name\": \"remito\", \"object\": \"Remito object (522)\"}}]',11,3),(1020,'2025-02-01 16:03:08.155260','455','Carga object (455)',1,'[{\"added\": {}}, {\"added\": {\"name\": \"remito\", \"object\": \"Remito object (523)\"}}]',11,5),(1021,'2025-02-01 16:06:23.216696','455','Carga object (455)',2,'[{\"changed\": {\"fields\": [\"FechaHoraInicio\"]}}]',11,5),(1022,'2025-02-01 16:15:10.034189','456','Carga object (456)',1,'[{\"added\": {}}, {\"added\": {\"name\": \"remito\", \"object\": \"Remito object (524)\"}}]',11,5),(1023,'2025-02-02 21:27:50.754427','457','Carga object (457)',1,'[{\"added\": {}}, {\"added\": {\"name\": \"remito\", \"object\": \"Remito object (525)\"}}, {\"added\": {\"name\": \"remito\", \"object\": \"Remito object (526)\"}}, {\"added\": {\"name\": \"remito\", \"object\": \"Remito object (527)\"}}, {\"added\": {\"name\": \"remito\", \"object\": \"Remito object (528)\"}}, {\"added\": {\"name\": \"remito\", \"object\": \"Remito object (529)\"}}]',11,3),(1024,'2025-02-02 21:46:10.385538','457','Carga object (457)',2,'[{\"changed\": {\"fields\": [\"LetraRancho\"]}}]',11,3),(1025,'2025-02-03 14:18:20.868413','161','LU QING YUAN YU 278',1,'[{\"added\": {}}]',9,3),(1026,'2025-02-03 14:35:02.118335','58','AF 971 NX',1,'[{\"added\": {}}]',10,3),(1027,'2025-02-03 14:35:58.615855','458','Carga object (458)',1,'[{\"added\": {}}, {\"added\": {\"name\": \"remito\", \"object\": \"Remito object (530)\"}}]',11,5),(1028,'2025-02-03 14:36:11.279519','51','NMH 464',1,'[{\"added\": {}}]',16,3),(1029,'2025-02-03 14:37:05.441706','26','DANIEL MONTEYRO',1,'[{\"added\": {}}]',12,3),(1030,'2025-02-03 14:42:05.730519','459','Carga object (459)',1,'[{\"added\": {}}, {\"added\": {\"name\": \"remito\", \"object\": \"Remito object (531)\"}}]',11,5),(1031,'2025-02-03 14:45:02.005365','460','Carga object (460)',1,'[{\"added\": {}}, {\"added\": {\"name\": \"remito\", \"object\": \"Remito object (532)\"}}, {\"added\": {\"name\": \"remito\", \"object\": \"Remito object (533)\"}}, {\"added\": {\"name\": \"remito\", \"object\": \"Remito object (534)\"}}, {\"added\": {\"name\": \"remito\", \"object\": \"Remito object (535)\"}}]',11,3),(1032,'2025-02-03 14:56:54.102811','461','Carga object (461)',1,'[{\"added\": {}}, {\"added\": {\"name\": \"remito\", \"object\": \"Remito object (536)\"}}]',11,5),(1033,'2025-02-03 15:17:40.966637','462','Carga object (462)',1,'[{\"added\": {}}, {\"added\": {\"name\": \"remito\", \"object\": \"Remito object (537)\"}}, {\"added\": {\"name\": \"remito\", \"object\": \"Remito object (538)\"}}, {\"added\": {\"name\": \"remito\", \"object\": \"Remito object (539)\"}}, {\"added\": {\"name\": \"remito\", \"object\": \"Remito object (540)\"}}]',11,3),(1034,'2025-02-04 21:06:48.044459','463','Carga object (463)',1,'[{\"added\": {}}, {\"added\": {\"name\": \"remito\", \"object\": \"Remito object (541)\"}}]',11,3),(1035,'2025-02-05 20:46:42.500014','59','AF 750 BC',1,'[{\"added\": {}}]',10,3),(1036,'2025-02-05 20:48:57.533797','52','KFT 633',1,'[{\"added\": {}}]',16,3),(1037,'2025-02-05 20:51:12.146081','59','AF 750 BC',2,'[{\"changed\": {\"fields\": [\"HabilitadoAFIP\"]}}]',10,3),(1038,'2025-02-05 21:00:16.947969','464','Carga object (464)',1,'[{\"added\": {}}, {\"added\": {\"name\": \"remito\", \"object\": \"Remito object (542)\"}}, {\"added\": {\"name\": \"remito\", \"object\": \"Remito object (543)\"}}, {\"added\": {\"name\": \"remito\", \"object\": \"Remito object (544)\"}}]',11,3),(1039,'2025-02-05 21:20:52.426962','465','Carga object (465)',1,'[{\"added\": {}}, {\"added\": {\"name\": \"remito\", \"object\": \"Remito object (545)\"}}]',11,3),(1040,'2025-02-05 21:25:23.662352','466','Carga object (466)',1,'[{\"added\": {}}, {\"added\": {\"name\": \"remito\", \"object\": \"Remito object (546)\"}}]',11,3),(1041,'2025-02-05 21:53:23.392735','467','Carga object (467)',1,'[{\"added\": {}}, {\"added\": {\"name\": \"remito\", \"object\": \"Remito object (547)\"}}, {\"added\": {\"name\": \"remito\", \"object\": \"Remito object (548)\"}}]',11,3),(1042,'2025-02-06 20:42:51.191081','73','NAVEGANTES II',2,'[{\"changed\": {\"fields\": [\"Nombre\"]}}]',9,3),(1043,'2025-02-06 20:45:16.364661','55','PESQ. RIO QUEQUEN S.A.',1,'[{\"added\": {}}]',8,3),(1044,'2025-02-06 20:45:30.962517','55','PESQUERA RIO QUEQUEN S.A.',2,'[{\"changed\": {\"fields\": [\"Nombre\"]}}]',8,3),(1045,'2025-02-06 20:45:49.063148','73','NAVEGANTES II',2,'[{\"changed\": {\"fields\": [\"Armadora\"]}}]',9,3),(1046,'2025-02-06 20:48:00.649571','468','Carga object (468)',1,'[{\"added\": {}}, {\"added\": {\"name\": \"remito\", \"object\": \"Remito object (549)\"}}, {\"added\": {\"name\": \"remito\", \"object\": \"Remito object (550)\"}}]',11,3),(1047,'2025-02-08 21:52:38.614760','469','Carga object (469)',1,'[{\"added\": {}}, {\"added\": {\"name\": \"remito\", \"object\": \"Remito object (551)\"}}]',11,3),(1048,'2025-02-10 14:50:25.747789','470','Carga object (470)',1,'[{\"added\": {}}, {\"added\": {\"name\": \"remito\", \"object\": \"Remito object (552)\"}}]',11,2),(1049,'2025-02-10 14:51:08.047018','471','Carga object (471)',1,'[{\"added\": {}}, {\"added\": {\"name\": \"remito\", \"object\": \"Remito object (553)\"}}]',11,2),(1050,'2025-02-10 14:52:00.236199','471','Carga object (471)',2,'[{\"changed\": {\"fields\": [\"Barco\"]}}]',11,2),(1051,'2025-02-10 14:52:43.111734','472','Carga object (472)',1,'[{\"added\": {}}, {\"added\": {\"name\": \"remito\", \"object\": \"Remito object (554)\"}}]',11,2),(1052,'2025-02-11 15:51:44.699740','473','Carga object (473)',1,'[{\"added\": {}}, {\"added\": {\"name\": \"remito\", \"object\": \"Remito object (555)\"}}]',11,2),(1053,'2025-02-11 15:52:29.177432','474','Carga object (474)',1,'[{\"added\": {}}, {\"added\": {\"name\": \"remito\", \"object\": \"Remito object (556)\"}}]',11,2),(1054,'2025-02-12 22:13:29.662117','475','Carga object (475)',1,'[{\"added\": {}}, {\"added\": {\"name\": \"remito\", \"object\": \"Remito object (557)\"}}]',11,3),(1055,'2025-02-13 15:16:56.252284','476','Carga object (476)',1,'[{\"added\": {}}, {\"added\": {\"name\": \"remito\", \"object\": \"Remito object (558)\"}}]',11,3),(1056,'2025-02-14 16:07:03.905970','477','Carga object (477)',1,'[{\"added\": {}}, {\"added\": {\"name\": \"remito\", \"object\": \"Remito object (559)\"}}]',11,2),(1057,'2025-02-14 16:12:13.055170','67','MERLUAN',2,'[{\"changed\": {\"fields\": [\"Matricula\", \"Eslora\", \"Manga\", \"Puntal\"]}}]',9,2),(1058,'2025-02-16 23:27:25.277445','478','Carga object (478)',1,'[{\"added\": {}}, {\"added\": {\"name\": \"remito\", \"object\": \"Remito object (560)\"}}]',11,5),(1059,'2025-02-17 11:14:09.440911','479','Carga object (479)',1,'[{\"added\": {}}, {\"added\": {\"name\": \"remito\", \"object\": \"Remito object (561)\"}}]',11,5),(1060,'2025-02-18 10:57:37.801867','480','Carga object (480)',1,'[{\"added\": {}}, {\"added\": {\"name\": \"remito\", \"object\": \"Remito object (562)\"}}]',11,2),(1061,'2025-02-18 10:59:49.137156','60','AF164TH',1,'[{\"added\": {}}]',10,2),(1062,'2025-02-18 10:59:57.103710','480','Carga object (480)',2,'[{\"changed\": {\"fields\": [\"FechaHoraInicio\"]}}, {\"changed\": {\"name\": \"remito\", \"object\": \"Remito object (562)\", \"fields\": [\"Camion\"]}}]',11,2),(1063,'2025-02-18 16:21:30.916025','481','Carga object (481)',1,'[{\"added\": {}}, {\"added\": {\"name\": \"remito\", \"object\": \"Remito object (563)\"}}]',11,2),(1064,'2025-02-18 16:21:49.681179','481','Carga object (481)',2,'[{\"changed\": {\"fields\": [\"FechaHoraInicio\"]}}]',11,2),(1065,'2025-02-18 16:22:26.612327','482','Carga object (482)',1,'[{\"added\": {}}, {\"added\": {\"name\": \"remito\", \"object\": \"Remito object (564)\"}}]',11,2),(1066,'2025-02-19 13:48:16.328928','483','Carga object (483)',1,'[{\"added\": {}}, {\"added\": {\"name\": \"remito\", \"object\": \"Remito object (565)\"}}, {\"added\": {\"name\": \"remito\", \"object\": \"Remito object (566)\"}}, {\"added\": {\"name\": \"remito\", \"object\": \"Remito object (567)\"}}]',11,2),(1067,'2025-02-19 14:08:52.291649','483','Carga object (483)',2,'[{\"added\": {\"name\": \"remito\", \"object\": \"Remito object (568)\"}}, {\"changed\": {\"name\": \"remito\", \"object\": \"Remito object (567)\", \"fields\": [\"Empresa\", \"Chofer\", \"Camion\", \"Remolque\"]}}]',11,2),(1068,'2025-02-19 14:37:07.280265','484','Carga object (484)',1,'[{\"added\": {}}, {\"added\": {\"name\": \"remito\", \"object\": \"Remito object (569)\"}}]',11,2),(1069,'2025-02-20 14:48:41.137054','485','Carga object (485)',1,'[{\"added\": {}}, {\"added\": {\"name\": \"remito\", \"object\": \"Remito object (570)\"}}]',11,2),(1070,'2025-02-20 16:05:58.816107','485','Carga object (485)',2,'[{\"changed\": {\"name\": \"remito\", \"object\": \"Remito object (570)\", \"fields\": [\"Chofer\"]}}]',11,2),(1071,'2025-02-21 16:41:26.762558','486','Carga object (486)',1,'[{\"added\": {}}, {\"added\": {\"name\": \"remito\", \"object\": \"Remito object (571)\"}}]',11,2),(1072,'2025-02-21 16:42:58.643740','486','Carga object (486)',2,'[{\"changed\": {\"fields\": [\"FechaHoraInicio\"]}}]',11,2),(1073,'2025-02-22 16:36:27.916454','487','Carga object (487)',1,'[{\"added\": {}}, {\"added\": {\"name\": \"remito\", \"object\": \"Remito object (572)\"}}]',11,2),(1074,'2025-02-23 20:59:30.325920','488','Carga object (488)',1,'[{\"added\": {}}, {\"added\": {\"name\": \"remito\", \"object\": \"Remito object (573)\"}}]',11,2),(1075,'2025-02-23 21:00:41.716576','489','Carga object (489)',1,'[{\"added\": {}}, {\"added\": {\"name\": \"remito\", \"object\": \"Remito object (574)\"}}]',11,2),(1076,'2025-02-24 16:42:42.111829','490','Carga object (490)',1,'[{\"added\": {}}, {\"added\": {\"name\": \"remito\", \"object\": \"Remito object (575)\"}}]',11,2),(1077,'2025-02-25 14:42:46.840102','491','Carga object (491)',1,'[{\"added\": {}}, {\"added\": {\"name\": \"remito\", \"object\": \"Remito object (576)\"}}]',11,2),(1078,'2025-02-25 14:44:40.453431','27','HERNANDEZ BAUTISTA',1,'[{\"added\": {}}]',12,2),(1079,'2025-02-25 14:44:53.458224','27','HERNANDEZ JUAN BAUTISTA',2,'[{\"changed\": {\"fields\": [\"Apellido\"]}}]',12,2),(1080,'2025-02-25 14:45:55.197491','491','Carga object (491)',2,'[{\"added\": {\"name\": \"remito\", \"object\": \"Remito object (577)\"}}, {\"added\": {\"name\": \"remito\", \"object\": \"Remito object (578)\"}}]',11,2),(1081,'2025-02-25 14:47:48.459817','492','Carga object (492)',1,'[{\"added\": {}}, {\"added\": {\"name\": \"remito\", \"object\": \"Remito object (579)\"}}]',11,5),(1082,'2025-02-25 14:48:15.225484','492','Carga object (492)',2,'[]',11,5),(1083,'2025-02-25 16:15:28.497238','8','Comodoro Rivadavia',1,'[{\"added\": {}}]',15,1),(1084,'2025-02-25 16:25:44.764928','56','Bentonicos de Argentina S.A.',1,'[{\"added\": {}}]',8,2),(1085,'2025-02-25 16:25:50.482691','162','TANGO II',1,'[{\"added\": {}}]',9,2),(1086,'2025-02-25 16:29:28.270983','493','Carga object (493)',1,'[{\"added\": {}}, {\"added\": {\"name\": \"remito\", \"object\": \"Remito object (580)\"}}, {\"added\": {\"name\": \"remito\", \"object\": \"Remito object (581)\"}}]',11,2),(1087,'2025-02-25 16:45:46.643332','3','Camarones',2,'[{\"changed\": {\"fields\": [\"CodigoAduana\"]}}]',15,1),(1088,'2025-02-25 17:09:13.695927','494','Carga object (494)',1,'[{\"added\": {}}, {\"added\": {\"name\": \"remito\", \"object\": \"Remito object (582)\"}}]',11,2),(1089,'2025-02-25 17:09:55.717064','495','Carga object (495)',1,'[{\"added\": {}}, {\"added\": {\"name\": \"remito\", \"object\": \"Remito object (583)\"}}]',11,2),(1090,'2025-02-25 21:19:33.310657','496','Carga object (496)',1,'[{\"added\": {}}, {\"added\": {\"name\": \"remito\", \"object\": \"Remito object (584)\"}}]',11,3),(1091,'2025-02-27 16:03:23.468934','493','Carga object (493)',2,'[{\"changed\": {\"name\": \"remito\", \"object\": \"Remito object (580)\", \"fields\": [\"Camion\", \"Remolque\"]}}]',11,2),(1092,'2025-02-28 16:45:17.886988','163','LU QING YUAN YU 276',1,'[{\"added\": {}}]',9,2),(1093,'2025-02-28 16:51:32.326027','497','Carga object (497)',1,'[{\"added\": {}}, {\"added\": {\"name\": \"remito\", \"object\": \"Remito object (585)\"}}, {\"added\": {\"name\": \"remito\", \"object\": \"Remito object (586)\"}}, {\"added\": {\"name\": \"remito\", \"object\": \"Remito object (587)\"}}]',11,2),(1094,'2025-03-01 12:40:08.008081','498','Carga object (498)',1,'[{\"added\": {}}, {\"added\": {\"name\": \"remito\", \"object\": \"Remito object (588)\"}}, {\"added\": {\"name\": \"remito\", \"object\": \"Remito object (589)\"}}, {\"added\": {\"name\": \"remito\", \"object\": \"Remito object (590)\"}}]',11,2),(1095,'2025-03-03 14:56:43.391545','499','Carga object (499)',1,'[{\"added\": {}}, {\"added\": {\"name\": \"remito\", \"object\": \"Remito object (591)\"}}]',11,5),(1096,'2025-03-03 14:57:23.344275','499','Carga object (499)',2,'[]',11,5),(1097,'2025-03-05 13:45:54.300939','500','Carga object (500)',1,'[{\"added\": {}}, {\"added\": {\"name\": \"remito\", \"object\": \"Remito object (592)\"}}]',11,3),(1098,'2025-03-05 13:51:02.119042','501','Carga object (501)',1,'[{\"added\": {}}, {\"added\": {\"name\": \"remito\", \"object\": \"Remito object (593)\"}}]',11,3),(1099,'2025-03-05 13:57:39.876055','502','Carga object (502)',1,'[{\"added\": {}}, {\"added\": {\"name\": \"remito\", \"object\": \"Remito object (594)\"}}]',11,3),(1100,'2025-03-05 14:10:43.059419','503','Carga object (503)',1,'[{\"added\": {}}, {\"added\": {\"name\": \"remito\", \"object\": \"Remito object (595)\"}}]',11,3),(1101,'2025-03-05 14:29:45.712629','504','Carga object (504)',1,'[{\"added\": {}}, {\"added\": {\"name\": \"remito\", \"object\": \"Remito object (596)\"}}, {\"added\": {\"name\": \"remito\", \"object\": \"Remito object (597)\"}}, {\"added\": {\"name\": \"remito\", \"object\": \"Remito object (598)\"}}, {\"added\": {\"name\": \"remito\", \"object\": \"Remito object (599)\"}}]',11,3),(1102,'2025-03-06 15:50:58.587705','505','Carga object (505)',1,'[{\"added\": {}}, {\"added\": {\"name\": \"remito\", \"object\": \"Remito object (600)\"}}]',11,2),(1103,'2025-03-06 15:51:23.268800','505','Carga object (505)',2,'[{\"changed\": {\"fields\": [\"FechaHoraInicio\"]}}]',11,2),(1104,'2025-03-06 15:52:02.776470','506','Carga object (506)',1,'[{\"added\": {}}, {\"added\": {\"name\": \"remito\", \"object\": \"Remito object (601)\"}}]',11,2),(1105,'2025-03-06 15:52:52.128456','507','Carga object (507)',1,'[{\"added\": {}}, {\"added\": {\"name\": \"remito\", \"object\": \"Remito object (602)\"}}]',11,2),(1106,'2025-03-06 15:53:10.311546','506','Carga object (506)',2,'[{\"changed\": {\"fields\": [\"FechaHoraInicio\"]}}]',11,2),(1107,'2025-03-12 14:12:14.242656','508','Carga object (508)',1,'[{\"added\": {}}, {\"added\": {\"name\": \"remito\", \"object\": \"Remito object (603)\"}}, {\"added\": {\"name\": \"remito\", \"object\": \"Remito object (604)\"}}, {\"added\": {\"name\": \"remito\", \"object\": \"Remito object (605)\"}}]',11,2),(1108,'2025-03-13 15:35:26.890263','509','Carga object (509)',1,'[{\"added\": {}}, {\"added\": {\"name\": \"remito\", \"object\": \"Remito object (606)\"}}]',11,2),(1109,'2025-03-13 15:35:44.454541','509','Carga object (509)',2,'[{\"changed\": {\"fields\": [\"FechaHoraInicio\"]}}]',11,2),(1110,'2025-03-13 22:04:37.919167','510','Carga object (510)',1,'[{\"added\": {}}, {\"added\": {\"name\": \"remito\", \"object\": \"Remito object (607)\"}}]',11,5),(1111,'2025-03-27 13:12:47.448485','164','CORAJE',1,'[{\"added\": {}}]',9,3),(1112,'2025-03-27 13:13:29.539047','165','SAN CAYETANO',1,'[{\"added\": {}}]',9,3),(1113,'2025-03-27 13:14:20.157598','166','SIEMPRE SANTA ROSA',1,'[{\"added\": {}}]',9,3),(1114,'2025-03-27 13:14:57.401672','167','CIUDA DE HUELVA',1,'[{\"added\": {}}]',9,3),(1115,'2025-03-27 13:17:05.627614','167','CIUDAD DE HUELVA',2,'[{\"changed\": {\"fields\": [\"Nombre\"]}}]',9,3),(1116,'2025-03-27 13:18:04.449588','511','Carga object (511)',1,'[{\"added\": {}}, {\"added\": {\"name\": \"remito\", \"object\": \"Remito object (608)\"}}]',11,3),(1117,'2025-03-27 13:23:53.095794','167','CIUDAD DE HUELVA',2,'[{\"changed\": {\"fields\": [\"Armadora\"]}}]',9,3),(1118,'2025-03-27 13:28:52.998092','512','Carga object (512)',1,'[{\"added\": {}}, {\"added\": {\"name\": \"remito\", \"object\": \"Remito object (609)\"}}]',11,3),(1119,'2025-03-27 13:32:26.641152','513','Carga object (513)',1,'[{\"added\": {}}, {\"added\": {\"name\": \"remito\", \"object\": \"Remito object (610)\"}}]',11,3),(1120,'2025-03-27 13:35:24.696046','514','Carga object (514)',1,'[{\"added\": {}}, {\"added\": {\"name\": \"remito\", \"object\": \"Remito object (611)\"}}]',11,3),(1121,'2025-03-27 13:51:17.228273','38','AGROPEZ S.A.',2,'[{\"changed\": {\"fields\": [\"Nombre\"]}}]',8,2),(1122,'2025-03-27 13:52:35.947877','36','Conarpesa Continental Armadores de Pesca S.A.',2,'[{\"changed\": {\"fields\": [\"Nombre\"]}}]',8,2),(1123,'2025-03-27 13:53:10.602768','167','CIUDAD DE HUELVA',2,'[]',9,2),(1124,'2025-03-27 14:04:28.869087','515','Carga object (515)',1,'[{\"added\": {}}, {\"added\": {\"name\": \"remito\", \"object\": \"Remito object (612)\"}}]',11,3),(1125,'2025-03-27 16:10:48.491645','515','Carga object (515)',2,'[{\"added\": {\"name\": \"remito\", \"object\": \"Remito object (613)\"}}, {\"changed\": {\"name\": \"remito\", \"object\": \"Remito object (612)\", \"fields\": [\"Camion\", \"Remolque\"]}}]',11,2),(1126,'2025-03-28 12:24:46.639305','516','Carga object (516)',1,'[{\"added\": {}}, {\"added\": {\"name\": \"remito\", \"object\": \"Remito object (614)\"}}, {\"added\": {\"name\": \"remito\", \"object\": \"Remito object (615)\"}}]',11,2),(1127,'2025-03-31 11:37:10.305547','517','Carga object (517)',1,'[{\"added\": {}}, {\"added\": {\"name\": \"remito\", \"object\": \"Remito object (616)\"}}]',11,2),(1128,'2025-03-31 11:38:10.089645','518','Carga object (518)',1,'[{\"added\": {}}, {\"added\": {\"name\": \"remito\", \"object\": \"Remito object (617)\"}}]',11,2),(1129,'2025-03-31 12:47:46.504648','519','Carga object (519)',1,'[{\"added\": {}}, {\"added\": {\"name\": \"remito\", \"object\": \"Remito object (618)\"}}, {\"added\": {\"name\": \"remito\", \"object\": \"Remito object (619)\"}}, {\"added\": {\"name\": \"remito\", \"object\": \"Remito object (620)\"}}]',11,3),(1130,'2025-04-03 13:57:29.795617','520','Carga object (520)',1,'[{\"added\": {}}, {\"added\": {\"name\": \"remito\", \"object\": \"Remito object (621)\"}}]',11,2),(1131,'2025-04-08 20:29:08.009883','168','GOLFO SAN MATIAS',1,'[{\"added\": {}}]',9,4),(1132,'2025-04-08 20:30:14.544022','168','GOLFO SAN MATIAS',2,'[{\"changed\": {\"fields\": [\"Tipo\"]}}]',9,4),(1133,'2025-04-09 13:50:20.748239','521','Carga object (521)',1,'[{\"added\": {}}, {\"added\": {\"name\": \"remito\", \"object\": \"Remito object (622)\"}}]',11,3),(1134,'2025-04-09 14:05:32.203676','522','Carga object (522)',1,'[{\"added\": {}}, {\"added\": {\"name\": \"remito\", \"object\": \"Remito object (623)\"}}]',11,3),(1135,'2025-04-09 14:17:14.629849','522','Carga object (522)',2,'[{\"changed\": {\"name\": \"remito\", \"object\": \"Remito object (623)\", \"fields\": [\"Numero\"]}}]',11,3),(1136,'2025-04-09 14:24:33.696782','523','Carga object (523)',1,'[{\"added\": {}}, {\"added\": {\"name\": \"remito\", \"object\": \"Remito object (624)\"}}]',11,3),(1137,'2025-04-09 14:29:01.699214','524','Carga object (524)',1,'[{\"added\": {}}, {\"added\": {\"name\": \"remito\", \"object\": \"Remito object (625)\"}}]',11,3),(1138,'2025-04-09 14:37:58.531633','525','Carga object (525)',1,'[{\"added\": {}}, {\"added\": {\"name\": \"remito\", \"object\": \"Remito object (626)\"}}]',11,3),(1139,'2025-04-11 16:12:14.727713','526','Carga object (526)',1,'[{\"added\": {}}, {\"added\": {\"name\": \"remito\", \"object\": \"Remito object (627)\"}}]',11,2),(1140,'2025-04-11 16:20:43.056131','526','Carga object (526)',2,'[{\"changed\": {\"fields\": [\"SitioPuerto\"]}}, {\"changed\": {\"name\": \"remito\", \"object\": \"Remito object (627)\", \"fields\": [\"Chofer\"]}}]',11,2),(1141,'2025-04-11 16:25:37.865537','526','Carga object (526)',2,'[{\"changed\": {\"fields\": [\"SitioPuerto\"]}}]',11,2),(1142,'2025-04-11 20:20:15.883544','169','ORION 5',1,'[{\"added\": {}}]',9,3),(1143,'2025-04-11 20:24:52.480497','527','Carga object (527)',1,'[{\"added\": {}}, {\"added\": {\"name\": \"remito\", \"object\": \"Remito object (628)\"}}, {\"added\": {\"name\": \"remito\", \"object\": \"Remito object (629)\"}}, {\"added\": {\"name\": \"remito\", \"object\": \"Remito object (630)\"}}, {\"added\": {\"name\": \"remito\", \"object\": \"Remito object (631)\"}}]',11,3),(1144,'2025-04-12 13:46:33.198465','9','PUERTO DESEADO',1,'[{\"added\": {}}]',15,3),(1145,'2025-04-12 14:50:49.613769','528','Carga object (528)',1,'[{\"added\": {}}, {\"added\": {\"name\": \"remito\", \"object\": \"Remito object (632)\"}}]',11,3),(1146,'2025-04-12 15:24:56.615043','527','Carga object (527)',2,'[{\"changed\": {\"fields\": [\"Densidad\", \"Temperatura\"]}}, {\"changed\": {\"name\": \"remito\", \"object\": \"Remito object (629)\", \"fields\": [\"Transporte\"]}}, {\"changed\": {\"name\": \"remito\", \"object\": \"Remito object (630)\", \"fields\": [\"Transporte\"]}}]',11,2),(1147,'2025-04-12 15:51:32.754828','529','Carga object (529)',1,'[{\"added\": {}}, {\"added\": {\"name\": \"remito\", \"object\": \"Remito object (633)\"}}, {\"added\": {\"name\": \"remito\", \"object\": \"Remito object (634)\"}}]',11,3),(1148,'2025-04-14 21:36:03.491124','52','Suarez Luis Alberto',2,'[{\"changed\": {\"fields\": [\"Nombre\"]}}]',8,3),(1149,'2025-04-14 22:02:47.769346','9','Puerto Deseado',2,'[{\"changed\": {\"fields\": [\"Nombre\"]}}]',15,1),(1150,'2025-04-14 22:03:46.295080','10','Caleta Cordoba',1,'[{\"added\": {}}]',15,1),(1151,'2025-04-14 22:04:03.914092','10','Caleta Cordoba',2,'[{\"changed\": {\"fields\": [\"CodigoAduana\"]}}]',15,1),(1152,'2025-04-17 13:42:27.631734','165','SAN CAYETANO I',2,'[{\"changed\": {\"fields\": [\"Nombre\"]}}]',9,2),(1153,'2025-04-17 13:43:43.427666','530','Carga object (530)',1,'[{\"added\": {}}, {\"added\": {\"name\": \"remito\", \"object\": \"Remito object (635)\"}}]',11,2),(1154,'2025-04-17 13:53:32.946573','530','Carga object (530)',3,'',11,2),(1155,'2025-04-17 13:54:54.696316','531','Carga object (531)',1,'[{\"added\": {}}, {\"added\": {\"name\": \"remito\", \"object\": \"Remito object (636)\"}}]',11,2),(1156,'2025-04-18 13:04:34.151422','532','Carga object (532)',1,'[{\"added\": {}}, {\"added\": {\"name\": \"remito\", \"object\": \"Remito object (637)\"}}]',11,5),(1157,'2025-04-18 13:14:38.459239','533','Carga object (533)',1,'[{\"added\": {}}, {\"added\": {\"name\": \"remito\", \"object\": \"Remito object (638)\"}}]',11,5),(1158,'2025-04-18 13:25:04.970145','534','Carga object (534)',1,'[{\"added\": {}}, {\"added\": {\"name\": \"remito\", \"object\": \"Remito object (639)\"}}]',11,5),(1159,'2025-04-18 13:30:58.761406','535','Carga object (535)',1,'[{\"added\": {}}, {\"added\": {\"name\": \"remito\", \"object\": \"Remito object (640)\"}}]',11,5),(1160,'2025-04-20 20:26:37.779314','536','Carga object (536)',1,'[{\"added\": {}}, {\"added\": {\"name\": \"remito\", \"object\": \"Remito object (641)\"}}]',11,5),(1161,'2025-04-20 20:34:55.009397','536','Carga object (536)',2,'[{\"changed\": {\"name\": \"remito\", \"object\": \"Remito object (641)\", \"fields\": [\"CantidadBarco\"]}}]',11,5),(1162,'2025-04-21 16:05:09.255435','170','HOYO MARU N° 37',1,'[{\"added\": {}}]',9,2),(1163,'2025-04-22 12:27:02.695339','537','Carga object (537)',1,'[{\"added\": {}}, {\"added\": {\"name\": \"remito\", \"object\": \"Remito object (642)\"}}]',11,2),(1164,'2025-04-22 12:43:32.122661','537','Carga object (537)',2,'[{\"added\": {\"name\": \"remito\", \"object\": \"Remito object (643)\"}}, {\"added\": {\"name\": \"remito\", \"object\": \"Remito object (644)\"}}, {\"added\": {\"name\": \"remito\", \"object\": \"Remito object (645)\"}}]',11,2),(1165,'2025-04-22 13:33:57.104878','538','Carga object (538)',1,'[{\"added\": {}}, {\"added\": {\"name\": \"remito\", \"object\": \"Remito object (646)\"}}]',11,3),(1166,'2025-04-22 13:48:23.836261','11','ASTILLERO LIMA',1,'[{\"added\": {}}]',15,2),(1167,'2025-04-22 13:49:53.493466','11','ASTILLERO RIO PARANA',2,'[{\"changed\": {\"fields\": [\"Nombre\"]}}]',15,2),(1168,'2025-04-22 13:50:30.496349','11','Astillero Río Parana Sur',2,'[{\"changed\": {\"fields\": [\"Nombre\"]}}]',15,2),(1169,'2025-04-22 13:50:42.868334','11','Astillero Río Paraná Sur',2,'[{\"changed\": {\"fields\": [\"Nombre\"]}}]',15,2),(1170,'2025-04-22 13:51:20.190067','539','Carga object (539)',1,'[{\"added\": {}}, {\"added\": {\"name\": \"remito\", \"object\": \"Remito object (647)\"}}]',11,2),(1171,'2025-04-22 13:53:49.609469','540','Carga object (540)',1,'[{\"added\": {}}, {\"added\": {\"name\": \"remito\", \"object\": \"Remito object (648)\"}}]',11,2),(1172,'2025-04-22 14:16:13.531371','541','Carga object (541)',1,'[{\"added\": {}}, {\"added\": {\"name\": \"remito\", \"object\": \"Remito object (649)\"}}]',11,2),(1173,'2025-04-23 13:58:19.859936','542','Carga object (542)',1,'[{\"added\": {}}, {\"added\": {\"name\": \"remito\", \"object\": \"Remito object (650)\"}}, {\"added\": {\"name\": \"remito\", \"object\": \"Remito object (651)\"}}, {\"added\": {\"name\": \"remito\", \"object\": \"Remito object (652)\"}}]',11,3),(1174,'2025-04-23 14:46:22.600101','57','HANSUNG AR S.A.',1,'[{\"added\": {}}]',8,3),(1175,'2025-04-23 14:47:09.069093','171','ESTRELLA 5',1,'[{\"added\": {}}]',9,3),(1176,'2025-04-23 14:50:49.113880','543','Carga object (543)',1,'[{\"added\": {}}, {\"added\": {\"name\": \"remito\", \"object\": \"Remito object (653)\"}}, {\"added\": {\"name\": \"remito\", \"object\": \"Remito object (654)\"}}, {\"added\": {\"name\": \"remito\", \"object\": \"Remito object (655)\"}}, {\"added\": {\"name\": \"remito\", \"object\": \"Remito object (656)\"}}]',11,3),(1177,'2025-04-24 20:42:03.807775','57','HANSUNG AR S.A.',2,'[{\"changed\": {\"fields\": [\"Cuit\"]}}]',8,3),(1178,'2025-04-24 20:42:29.652086','171','ESTRELLA N°5',2,'[{\"changed\": {\"fields\": [\"Nombre\"]}}]',9,3),(1179,'2025-04-24 20:43:04.054419','172','ESTRELLA N°6',1,'[{\"added\": {}}]',9,3),(1180,'2025-04-24 20:49:07.462230','544','Carga object (544)',1,'[{\"added\": {}}, {\"added\": {\"name\": \"remito\", \"object\": \"Remito object (657)\"}}, {\"added\": {\"name\": \"remito\", \"object\": \"Remito object (658)\"}}, {\"added\": {\"name\": \"remito\", \"object\": \"Remito object (659)\"}}, {\"added\": {\"name\": \"remito\", \"object\": \"Remito object (660)\"}}]',11,3),(1181,'2025-04-25 15:32:05.227550','545','Carga object (545)',1,'[{\"added\": {}}, {\"added\": {\"name\": \"remito\", \"object\": \"Remito object (661)\"}}]',11,2),(1182,'2025-04-25 16:03:19.524375','546','Carga object (546)',1,'[{\"added\": {}}, {\"added\": {\"name\": \"remito\", \"object\": \"Remito object (662)\"}}]',11,2),(1183,'2025-04-29 12:13:17.488349','547','Carga object (547)',1,'[{\"added\": {}}, {\"added\": {\"name\": \"remito\", \"object\": \"Remito object (663)\"}}]',11,2),(1184,'2025-04-29 12:18:05.173204','548','Carga object (548)',1,'[{\"added\": {}}, {\"added\": {\"name\": \"remito\", \"object\": \"Remito object (664)\"}}, {\"added\": {\"name\": \"remito\", \"object\": \"Remito object (665)\"}}]',11,2),(1185,'2025-04-29 12:26:06.332174','549','Carga object (549)',1,'[{\"added\": {}}, {\"added\": {\"name\": \"remito\", \"object\": \"Remito object (666)\"}}]',11,2),(1186,'2025-04-29 12:29:47.741355','550','Carga object (550)',1,'[{\"added\": {}}, {\"added\": {\"name\": \"remito\", \"object\": \"Remito object (667)\"}}]',11,2),(1187,'2025-04-29 12:47:12.902484','551','Carga object (551)',1,'[{\"added\": {}}, {\"added\": {\"name\": \"remito\", \"object\": \"Remito object (668)\"}}]',11,2),(1188,'2025-04-29 12:50:49.716476','552','Carga object (552)',1,'[{\"added\": {}}, {\"added\": {\"name\": \"remito\", \"object\": \"Remito object (669)\"}}]',11,2),(1189,'2025-04-30 13:36:22.099537','553','Carga object (553)',1,'[{\"added\": {}}, {\"added\": {\"name\": \"remito\", \"object\": \"Remito object (670)\"}}]',11,2),(1190,'2025-04-30 13:37:51.938578','554','Carga object (554)',1,'[{\"added\": {}}, {\"added\": {\"name\": \"remito\", \"object\": \"Remito object (671)\"}}]',11,2),(1191,'2025-04-30 13:39:33.385427','555','Carga object (555)',1,'[{\"added\": {}}, {\"added\": {\"name\": \"remito\", \"object\": \"Remito object (672)\"}}]',11,2),(1192,'2025-04-30 14:05:48.943989','556','Carga object (556)',1,'[{\"added\": {}}, {\"added\": {\"name\": \"remito\", \"object\": \"Remito object (673)\"}}]',11,2),(1193,'2025-04-30 14:06:58.744070','557','Carga object (557)',1,'[{\"added\": {}}, {\"added\": {\"name\": \"remito\", \"object\": \"Remito object (674)\"}}]',11,2),(1194,'2025-04-30 14:51:51.481558','38','AGROPEZ S.A.',2,'[{\"changed\": {\"fields\": [\"AgenciaMaritima\"]}}]',8,2),(1195,'2025-04-30 14:51:58.864148','166','SIEMPRE SANTA ROSA',2,'[]',9,2),(1196,'2025-04-30 14:52:20.188315','36','Conarpesa Continental Armadores de Pesca S.A.',2,'[{\"changed\": {\"fields\": [\"AgenciaMaritima\"]}}]',8,2),(1197,'2025-04-30 14:52:21.436100','167','CIUDAD DE HUELVA',2,'[]',9,2),(1198,'2025-04-30 14:52:39.971316','38','AGROPEZ S.A.',2,'[]',8,2),(1199,'2025-04-30 14:52:41.328651','164','CORAJE',2,'[]',9,2),(1200,'2025-04-30 14:54:59.004848','553','Carga object (553)',2,'[{\"changed\": {\"name\": \"remito\", \"object\": \"Remito object (670)\", \"fields\": [\"Numero\", \"Chofer\", \"Camion\", \"Remolque\", \"CantidadBarco\", \"CantidadDeposito\"]}}]',11,2),(1201,'2025-04-30 14:55:33.096088','556','Carga object (556)',2,'[{\"changed\": {\"name\": \"remito\", \"object\": \"Remito object (673)\", \"fields\": [\"Numero\", \"CantidadBarco\", \"CantidadDeposito\"]}}]',11,2),(1202,'2025-04-30 14:55:51.544702','557','Carga object (557)',2,'[{\"changed\": {\"name\": \"remito\", \"object\": \"Remito object (674)\", \"fields\": [\"Numero\", \"CantidadBarco\"]}}]',11,2),(1203,'2025-04-30 15:51:39.498698','558','Carga object (558)',1,'[{\"added\": {}}, {\"added\": {\"name\": \"remito\", \"object\": \"Remito object (675)\"}}, {\"added\": {\"name\": \"remito\", \"object\": \"Remito object (676)\"}}, {\"added\": {\"name\": \"remito\", \"object\": \"Remito object (677)\"}}]',11,2),(1204,'2025-05-03 13:27:39.059969','559','Carga object (559)',1,'[{\"added\": {}}, {\"added\": {\"name\": \"remito\", \"object\": \"Remito object (678)\"}}]',11,3),(1205,'2025-05-05 14:09:34.042393','173','ESTRELLA N° 11',1,'[{\"added\": {}}]',9,3),(1206,'2025-05-05 14:23:47.023312','560','Carga object (560)',1,'[{\"added\": {}}, {\"added\": {\"name\": \"remito\", \"object\": \"Remito object (679)\"}}, {\"added\": {\"name\": \"remito\", \"object\": \"Remito object (680)\"}}, {\"added\": {\"name\": \"remito\", \"object\": \"Remito object (681)\"}}, {\"added\": {\"name\": \"remito\", \"object\": \"Remito object (682)\"}}, {\"added\": {\"name\": \"remito\", \"object\": \"Remito object (683)\"}}]',11,3),(1207,'2025-05-05 22:17:01.423068','174','LUCA SANTINO',1,'[{\"added\": {}}]',9,3),(1208,'2025-05-05 22:20:18.481653','561','Carga object (561)',1,'[{\"added\": {}}, {\"added\": {\"name\": \"remito\", \"object\": \"Remito object (684)\"}}]',11,3),(1209,'2025-05-06 15:16:43.556821','562','Carga object (562)',1,'[{\"added\": {}}, {\"added\": {\"name\": \"remito\", \"object\": \"Remito object (685)\"}}]',11,2),(1210,'2025-05-06 15:23:07.153742','54','ASOCIACIÓN CIVIL NUEVA ESPERANZA',2,'[{\"changed\": {\"fields\": [\"Cuit\"]}}]',8,2),(1211,'2025-05-06 15:23:41.940770','54','ASOCIACIÓN CIVIL NUEVA ESPERANZA COLONIA MENONITA',2,'[{\"changed\": {\"fields\": [\"Nombre\"]}}]',8,2),(1212,'2025-05-06 15:23:48.080912','157','GUATRACHE - LA PAMPA',2,'[]',9,2),(1213,'2025-05-08 13:47:36.480341','563','Carga object (563)',1,'[{\"added\": {}}, {\"added\": {\"name\": \"remito\", \"object\": \"Remito object (686)\"}}]',11,2),(1214,'2025-05-08 20:47:26.165005','564','Carga object (564)',1,'[{\"added\": {}}, {\"added\": {\"name\": \"remito\", \"object\": \"Remito object (687)\"}}]',11,3),(1215,'2025-05-08 20:49:45.321229','1','Rancho object (1)',1,'[{\"added\": {}}]',24,1),(1216,'2025-05-08 21:02:46.764979','2','Rancho object (2)',1,'[{\"added\": {}}]',24,1),(1217,'2025-05-09 12:11:45.559170','565','Carga object (565)',1,'[{\"added\": {}}, {\"added\": {\"name\": \"remito\", \"object\": \"Remito object (688)\"}}, {\"added\": {\"name\": \"remito\", \"object\": \"Remito object (689)\"}}, {\"added\": {\"name\": \"remito\", \"object\": \"Remito object (690)\"}}, {\"added\": {\"name\": \"remito\", \"object\": \"Remito object (691)\"}}]',11,3),(1218,'2025-05-10 10:27:06.714022','566','Carga object (566)',1,'[{\"added\": {}}, {\"added\": {\"name\": \"remito\", \"object\": \"Remito object (692)\"}}]',11,3),(1219,'2025-05-10 10:31:22.827802','567','Carga object (567)',1,'[{\"added\": {}}, {\"added\": {\"name\": \"remito\", \"object\": \"Remito object (693)\"}}]',11,3),(1220,'2025-05-10 10:34:48.315173','568','Carga object (568)',1,'[{\"added\": {}}, {\"added\": {\"name\": \"remito\", \"object\": \"Remito object (694)\"}}]',11,3),(1221,'2025-05-10 10:37:29.649515','569','Carga object (569)',1,'[{\"added\": {}}, {\"added\": {\"name\": \"remito\", \"object\": \"Remito object (695)\"}}]',11,3),(1222,'2025-05-15 14:18:38.991428','570','Carga object (570)',1,'[{\"added\": {}}, {\"added\": {\"name\": \"remito\", \"object\": \"Remito object (696)\"}}]',11,2),(1223,'2025-05-15 14:24:49.561780','93','RemitoVarios object (93)',1,'[{\"added\": {}}]',17,2),(1224,'2025-05-17 13:27:27.979843','571','Carga object (571)',1,'[{\"added\": {}}, {\"added\": {\"name\": \"remito\", \"object\": \"Remito object (697)\"}}]',11,5),(1225,'2025-05-19 16:09:43.070916','94','RemitoVarios object (94)',1,'[{\"added\": {}}]',17,2),(1226,'2025-05-19 16:10:16.806507','95','RemitoVarios object (95)',1,'[{\"added\": {}}]',17,2),(1227,'2025-05-19 21:07:31.001556','15','PRUEBA',1,'[{\"added\": {}}]',7,1),(1228,'2025-05-19 21:16:20.018642','3','AlejandroBerto',1,'[{\"added\": {}}]',21,1),(1229,'2025-05-19 21:57:00.971989','2','Rancho object (2)',2,'[{\"changed\": {\"fields\": [\"Azufre\"]}}]',24,1),(1230,'2025-05-19 21:57:13.194399','2','Rancho object (2)',2,'[{\"changed\": {\"fields\": [\"Barco\"]}}]',24,1),(1231,'2025-05-19 21:57:56.476235','571','Carga object (571)',2,'[{\"changed\": {\"name\": \"remito\", \"object\": \"Remito object (697)\", \"fields\": [\"Camion\", \"Remolque\"]}}]',11,1),(1232,'2025-05-22 13:43:44.731121','572','Carga object (572)',1,'[{\"added\": {}}, {\"added\": {\"name\": \"remito\", \"object\": \"Remito object (698)\"}}]',11,3),(1233,'2025-05-22 16:29:40.699769','96','RemitoVarios object (96)',1,'[{\"added\": {}}]',17,2),(1234,'2025-05-22 16:30:25.505485','97','RemitoVarios object (97)',1,'[{\"added\": {}}]',17,2),(1235,'2025-05-23 20:29:06.526176','11','De Angelis y Logghe SA',2,'[{\"changed\": {\"fields\": [\"AgenciaMaritima\"]}}]',8,1),(1236,'2025-05-23 20:29:13.031110','3','Alejandro Berto',2,'[{\"changed\": {\"fields\": [\"EnviaRancho\"]}}]',21,1),(1237,'2025-05-23 20:29:32.500024','2','Rancho object (2)',2,'[]',24,1),(1238,'2025-05-26 20:50:09.673340','1','Operarios',2,'[{\"changed\": {\"fields\": [\"Permissions\"]}}]',3,1),(1239,'2025-05-26 20:50:53.962345','5','OROBERT',2,'[{\"changed\": {\"fields\": [\"Superuser status\"]}}]',4,1),(1240,'2025-05-28 12:00:07.260405','61','AF164TH',1,'[{\"added\": {}}]',10,2),(1241,'2025-05-28 12:00:47.422347','62','AF164TH',1,'[{\"added\": {}}]',10,2),(1242,'2025-05-28 12:00:52.231305','573','Carga object (573)',1,'[{\"added\": {}}, {\"added\": {\"name\": \"remito\", \"object\": \"Remito object (699)\"}}]',11,2),(1243,'2025-05-28 14:12:01.102424','98','RemitoVarios object (98)',1,'[{\"added\": {}}]',17,2),(1244,'2025-05-29 21:40:52.126319','4','Er Rozarena',1,'[{\"added\": {}}]',21,5),(1245,'2025-05-29 21:41:41.324755','5','pmycomex pmycomex',1,'[{\"added\": {}}]',21,5),(1246,'2025-05-29 21:42:56.154884','6','b salerno',1,'[{\"added\": {}}]',21,5),(1247,'2025-05-29 21:43:32.738074','7','f olazabal',1,'[{\"added\": {}}]',21,5),(1248,'2025-05-29 21:44:40.280630','8','Agencia Pardal',1,'[{\"added\": {}}]',21,5),(1249,'2025-05-29 21:45:47.440766','9','Carla Rominar',1,'[{\"added\": {}}]',21,5),(1250,'2025-05-29 21:53:37.627764','8','IGLESIAS RODRIGO RAFAEL',3,'',7,5),(1251,'2025-05-29 21:53:48.958927','13','PORTSERVICE',3,'',7,5),(1252,'2025-05-29 21:56:21.435800','10','b salerno',1,'[{\"added\": {}}]',21,5),(1253,'2025-05-29 21:56:59.032555','6','b salerno',3,'',21,5),(1254,'2025-06-02 14:14:32.090272','99','RemitoVarios object (99)',1,'[{\"added\": {}}]',17,2),(1255,'2025-06-02 14:33:16.304723','100','RemitoVarios object (100)',1,'[{\"added\": {}}]',17,2),(1256,'2025-06-02 22:33:32.450980','11','juan cristal',1,'[{\"added\": {}}]',21,5),(1257,'2025-06-02 22:34:40.936647','12','fads Charlie',1,'[{\"added\": {}}]',21,5),(1258,'2025-06-02 22:35:54.607717','13','Paul FEIJO',1,'[{\"added\": {}}]',21,5),(1259,'2025-06-07 20:24:57.364693','574','Carga object (574)',1,'[{\"added\": {}}, {\"added\": {\"name\": \"remito\", \"object\": \"Remito object (700)\"}}]',11,3),(1260,'2025-06-07 20:27:32.805720','574','Carga object (574)',2,'[{\"changed\": {\"fields\": [\"Temperatura\"]}}]',11,3),(1261,'2025-06-10 15:44:47.860057','575','Carga object (575)',1,'[{\"added\": {}}, {\"added\": {\"name\": \"remito\", \"object\": \"Remito object (701)\"}}]',11,2),(1262,'2025-06-12 14:49:00.172999','576','Carga object (576)',1,'[{\"added\": {}}, {\"added\": {\"name\": \"remito\", \"object\": \"Remito object (702)\"}}, {\"added\": {\"name\": \"remito\", \"object\": \"Remito object (703)\"}}]',11,3),(1263,'2025-06-12 14:50:36.778438','576','Carga object (576)',2,'[{\"changed\": {\"fields\": [\"Temperatura\"]}}]',11,3),(1264,'2025-06-12 20:20:39.085001','576','Carga object (576)',2,'[{\"changed\": {\"name\": \"remito\", \"object\": \"Remito object (703)\", \"fields\": [\"CantidadBarco\"]}}]',11,3),(1265,'2025-06-12 20:21:33.986332','576','Carga object (576)',2,'[{\"changed\": {\"fields\": [\"Temperatura\"]}}]',11,3),(1266,'2025-06-17 21:48:32.764263','577','Carga object (577)',1,'[{\"added\": {}}, {\"added\": {\"name\": \"remito\", \"object\": \"Remito object (704)\"}}]',11,3),(1267,'2025-06-18 14:00:18.917769','578','Carga object (578)',1,'[{\"added\": {}}, {\"added\": {\"name\": \"remito\", \"object\": \"Remito object (705)\"}}]',11,3),(1268,'2025-06-18 15:20:22.186075','578','Carga object (578)',2,'[{\"changed\": {\"fields\": [\"Temperatura\"]}}, {\"added\": {\"name\": \"remito\", \"object\": \"Remito object (706)\"}}]',11,3),(1269,'2025-06-23 14:56:47.225411','175','ARGENOVA XXV',1,'[{\"added\": {}}]',9,3),(1270,'2025-06-23 15:02:59.195836','579','Carga object (579)',1,'[{\"added\": {}}, {\"added\": {\"name\": \"remito\", \"object\": \"Remito object (707)\"}}, {\"added\": {\"name\": \"remito\", \"object\": \"Remito object (708)\"}}]',11,3),(1271,'2025-06-24 14:55:10.816434','580','Carga object (580)',1,'[{\"added\": {}}, {\"added\": {\"name\": \"remito\", \"object\": \"Remito object (709)\"}}, {\"added\": {\"name\": \"remito\", \"object\": \"Remito object (710)\"}}]',11,2),(1272,'2025-06-24 15:20:03.218231','580','Carga object (580)',2,'[{\"changed\": {\"fields\": [\"Temperatura\"]}}]',11,2),(1273,'2025-06-25 14:13:52.578536','101','RemitoVarios object (101)',1,'[{\"added\": {}}]',17,2),(1274,'2025-06-25 14:14:45.202142','102','RemitoVarios object (102)',1,'[{\"added\": {}}]',17,2),(1275,'2025-06-25 14:26:24.296057','581','Carga object (581)',1,'[{\"added\": {}}, {\"added\": {\"name\": \"remito\", \"object\": \"Remito object (711)\"}}]',11,2),(1276,'2025-06-25 14:28:06.336956','581','Carga object (581)',2,'[{\"changed\": {\"fields\": [\"FechaHoraInicio\"]}}]',11,2),(1277,'2025-06-25 20:24:40.653438','1','Configuracion object (1)',2,'[{\"changed\": {\"fields\": [\"VencimientoAseguradora\"]}}]',14,1),(1278,'2025-06-26 14:18:29.620948','28','GERMAN GARCIA',1,'[{\"added\": {}}]',12,2),(1279,'2025-06-26 14:20:11.498941','53','AD971NX',1,'[{\"added\": {}}]',16,2),(1280,'2025-06-26 14:20:28.620703','53','AA469SU',2,'[{\"changed\": {\"fields\": [\"Marca\", \"Patente\"]}}]',16,2),(1281,'2025-06-26 14:20:50.989401','63','AF971NX',1,'[{\"added\": {}}]',10,2),(1282,'2025-06-26 14:20:58.409521','103','RemitoVarios object (103)',1,'[{\"added\": {}}]',17,2),(1283,'2025-06-26 14:25:05.369959','104','RemitoVarios object (104)',1,'[{\"added\": {}}]',17,2),(1284,'2025-06-26 14:30:59.382575','105','RemitoVarios object (105)',1,'[{\"added\": {}}]',17,2),(1285,'2025-06-28 14:33:12.564911','106','RemitoVarios object (106)',1,'[{\"added\": {}}]',17,5),(1286,'2025-06-28 14:34:46.799819','106','RemitoVarios object (106)',2,'[{\"changed\": {\"fields\": [\"Cantidad\"]}}]',17,5),(1287,'2025-06-28 14:39:58.988037','107','RemitoVarios object (107)',1,'[{\"added\": {}}]',17,5),(1288,'2025-06-28 14:45:08.852467','106','RemitoVarios object (106)',3,'',17,5),(1289,'2025-06-28 14:48:07.810614','108','RemitoVarios object (108)',1,'[{\"added\": {}}]',17,5),(1290,'2025-06-30 13:12:31.291149','109','RemitoVarios object (109)',1,'[{\"added\": {}}]',17,2),(1291,'2025-07-03 15:49:13.314797','582','Carga object (582)',1,'[{\"added\": {}}, {\"added\": {\"name\": \"remito\", \"object\": \"Remito object (712)\"}}]',11,2),(1292,'2025-07-07 13:04:51.945388','110','RemitoVarios object (110)',1,'[{\"added\": {}}]',17,2),(1293,'2025-07-08 21:57:05.606997','583','Carga object (583)',1,'[{\"added\": {}}, {\"added\": {\"name\": \"remito\", \"object\": \"Remito object (713)\"}}, {\"added\": {\"name\": \"remito\", \"object\": \"Remito object (714)\"}}, {\"added\": {\"name\": \"remito\", \"object\": \"Remito object (715)\"}}]',11,3),(1294,'2025-07-10 13:34:51.837544','584','Carga object (584)',1,'[{\"added\": {}}, {\"added\": {\"name\": \"remito\", \"object\": \"Remito object (716)\"}}]',11,2),(1295,'2025-07-10 14:04:31.855749','585','Carga object (585)',1,'[{\"added\": {}}, {\"added\": {\"name\": \"remito\", \"object\": \"Remito object (717)\"}}]',11,3),(1296,'2025-07-10 15:56:14.635400','584','Carga object (584)',2,'[{\"changed\": {\"name\": \"remito\", \"object\": \"Remito object (716)\", \"fields\": [\"CantidadBarco\"]}}]',11,2),(1297,'2025-07-11 13:11:03.188980','111','RemitoVarios object (111)',1,'[{\"added\": {}}]',17,2),(1298,'2025-07-11 13:11:40.750776','112','RemitoVarios object (112)',1,'[{\"added\": {}}]',17,2),(1299,'2025-07-14 13:28:51.336451','113','RemitoVarios object (113)',1,'[{\"added\": {}}]',17,3),(1300,'2025-07-15 13:40:05.456698','586','Carga object (586)',1,'[{\"added\": {}}, {\"added\": {\"name\": \"remito\", \"object\": \"Remito object (718)\"}}]',11,3),(1301,'2025-07-16 13:28:22.969437','587','Carga object (587)',1,'[{\"added\": {}}, {\"added\": {\"name\": \"remito\", \"object\": \"Remito object (719)\"}}]',11,3),(1302,'2025-07-17 13:00:33.991928','588','Carga object (588)',1,'[{\"added\": {}}, {\"added\": {\"name\": \"remito\", \"object\": \"Remito object (720)\"}}]',11,3),(1303,'2025-07-18 12:59:32.860446','114','RemitoVarios object (114)',1,'[{\"added\": {}}]',17,2),(1304,'2025-07-18 13:00:08.461282','115','RemitoVarios object (115)',1,'[{\"added\": {}}]',17,2),(1305,'2025-07-21 12:23:47.830580','13','OCENA WAVES EXPORT S.A.',1,'[{\"added\": {}}]',20,2),(1306,'2025-07-21 12:41:53.625044','58','OCEAN WAVES EXPORT S.A.',1,'[{\"added\": {}}]',8,2),(1307,'2025-07-21 12:41:55.896220','176','LA SANTA MARIA I',1,'[{\"added\": {}}]',9,2),(1308,'2025-07-21 14:01:30.634053','589','Carga object (589)',1,'[{\"added\": {}}, {\"added\": {\"name\": \"remito\", \"object\": \"Remito object (721)\"}}]',11,3),(1309,'2025-07-21 15:27:15.765423','590','Carga object (590)',1,'[{\"added\": {}}, {\"added\": {\"name\": \"remito\", \"object\": \"Remito object (722)\"}}]',11,2),(1310,'2025-07-21 15:28:17.358775','590','Carga object (590)',2,'[{\"changed\": {\"fields\": [\"Temperatura\"]}}]',11,2),(1311,'2025-07-21 15:41:46.781805','13','Paul FEIJOO',2,'[{\"changed\": {\"fields\": [\"Apellido\"]}}]',21,2),(1312,'2025-07-21 15:59:58.662584','591','Carga object (591)',1,'[{\"added\": {}}, {\"added\": {\"name\": \"remito\", \"object\": \"Remito object (723)\"}}]',11,2),(1313,'2025-07-22 22:26:42.104051','1','Configuracion object (1)',2,'[{\"changed\": {\"fields\": [\"VencimientoCertificadoInscripcion\"]}}]',14,1),(1314,'2025-07-22 22:33:25.945205','58','OCEAN WAVES EXPORT S.A.',2,'[{\"changed\": {\"fields\": [\"AgenciaMaritima\"]}}]',8,1),(1315,'2025-07-22 22:40:17.982536','16','AGENCIA FEIJOO',1,'[{\"added\": {}}]',7,1),(1316,'2025-07-22 22:40:30.793749','52','Suarez Luis Alberto',2,'[{\"changed\": {\"fields\": [\"AgenciaMaritima\"]}}]',8,1),(1317,'2025-07-22 22:42:44.273698','8','Comodoro Rivadavia',2,'[{\"changed\": {\"fields\": [\"CodigoAduana\"]}}]',15,1),(1318,'2025-07-23 14:12:53.243486','58','OCEAN WAVES EXPORT S.A.',2,'[{\"changed\": {\"fields\": [\"Cuit\"]}}]',8,2),(1319,'2025-07-23 20:34:17.233967','592','Carga object (592)',1,'[{\"added\": {}}, {\"added\": {\"name\": \"remito\", \"object\": \"Remito object (724)\"}}]',11,3),(1320,'2025-07-24 14:53:38.995396','116','RemitoVarios object (116)',1,'[{\"added\": {}}]',17,2),(1321,'2025-07-24 14:54:39.807120','117','RemitoVarios object (117)',1,'[{\"added\": {}}]',17,2),(1322,'2025-07-24 14:59:37.466226','593','Carga object (593)',1,'[{\"added\": {}}, {\"added\": {\"name\": \"remito\", \"object\": \"Remito object (725)\"}}]',11,3),(1323,'2025-07-28 20:42:57.335151','177','CHIYO MARU 3',1,'[{\"added\": {}}]',9,3),(1324,'2025-07-28 20:45:57.874767','594','Carga object (594)',1,'[{\"added\": {}}, {\"added\": {\"name\": \"remito\", \"object\": \"Remito object (726)\"}}, {\"added\": {\"name\": \"remito\", \"object\": \"Remito object (727)\"}}]',11,3),(1325,'2025-07-29 12:58:01.890811','14','CENTAURO 2000',2,'[{\"changed\": {\"fields\": [\"Armadora\"]}}]',9,3),(1326,'2025-07-29 12:59:43.085026','595','Carga object (595)',1,'[{\"added\": {}}, {\"added\": {\"name\": \"remito\", \"object\": \"Remito object (728)\"}}]',11,3),(1327,'2025-07-30 13:31:01.187762','596','Carga object (596)',1,'[{\"added\": {}}, {\"added\": {\"name\": \"remito\", \"object\": \"Remito object (729)\"}}]',11,3),(1328,'2025-07-30 13:31:59.563670','596','Carga object (596)',2,'[{\"changed\": {\"fields\": [\"OrdenCompra\"]}}]',11,3),(1329,'2025-08-01 21:32:00.439782','1','Rancho object (1)',3,'',24,1),(1330,'2025-08-02 12:35:56.537903','597','Carga object (597)',1,'[{\"added\": {}}, {\"added\": {\"name\": \"remito\", \"object\": \"Remito object (730)\"}}]',11,5),(1331,'2025-08-02 13:09:09.432606','30','Costa Chubut S.A.',2,'[{\"changed\": {\"fields\": [\"AgenciaMaritima\"]}}]',8,5),(1332,'2025-08-02 20:48:22.591987','598','Carga object (598)',1,'[{\"added\": {}}, {\"added\": {\"name\": \"remito\", \"object\": \"Remito object (731)\"}}]',11,3),(1333,'2025-08-04 21:04:53.233770','41','CHIARMAR S.A.',2,'[{\"changed\": {\"fields\": [\"AgenciaMaritima\"]}}]',8,1),(1334,'2025-08-04 21:05:07.982781','3','Rancho object (3)',1,'[{\"added\": {}}]',24,1),(1335,'2025-08-05 13:40:04.834768','599','Carga object (599)',1,'[{\"added\": {}}, {\"added\": {\"name\": \"remito\", \"object\": \"Remito object (732)\"}}]',11,2),(1336,'2025-08-05 13:41:17.665253','600','Carga object (600)',1,'[{\"added\": {}}, {\"added\": {\"name\": \"remito\", \"object\": \"Remito object (733)\"}}]',11,2),(1337,'2025-08-05 21:46:30.009471','41','CHIARMAR S.A.',2,'[{\"changed\": {\"fields\": [\"AgenciaMaritima\"]}}]',8,4),(1338,'2025-08-05 21:47:04.559379','40','HUAFENG 820',2,'[{\"changed\": {\"fields\": [\"Armadora\"]}}]',9,4),(1339,'2025-08-05 21:47:25.578714','41','HUAFENG 821',2,'[{\"changed\": {\"fields\": [\"Armadora\"]}}]',9,4),(1340,'2025-08-05 21:48:20.526621','147','HUAFENG 822',3,'',9,4),(1341,'2025-08-05 21:51:40.119847','76','NIÑO JESUS DE PRAGA',2,'[{\"changed\": {\"fields\": [\"Nombre\"]}}]',9,4),(1342,'2025-08-05 21:52:22.609606','85','RIBAZON INES',2,'[{\"changed\": {\"fields\": [\"Armadora\"]}}]',9,4),(1343,'2025-08-05 21:52:52.373741','127','Ribazon Ines',3,'',9,4),(1344,'2025-08-06 13:13:28.500479','118','RemitoVarios object (118)',1,'[{\"added\": {}}]',17,2),(1345,'2025-08-06 21:06:55.691062','601','Carga object (601)',1,'[{\"added\": {}}, {\"added\": {\"name\": \"remito\", \"object\": \"Remito object (734)\"}}]',11,3),(1346,'2025-08-06 21:13:26.159887','1','Storni',2,'[{\"changed\": {\"fields\": [\"Nombre\"]}}]',15,5),(1347,'2025-08-06 21:13:41.353907','7','Piedrabuena',2,'[{\"changed\": {\"fields\": [\"Nombre\"]}}]',15,5),(1348,'2025-08-06 21:16:03.661125','602','Carga object (602)',1,'[{\"added\": {}}, {\"added\": {\"name\": \"remito\", \"object\": \"Remito object (735)\"}}]',11,3),(1349,'2025-08-07 12:48:18.654285','603','Carga object (603)',1,'[{\"added\": {}}, {\"added\": {\"name\": \"remito\", \"object\": \"Remito object (736)\"}}]',11,3),(1350,'2025-08-07 12:49:19.585592','604','Carga object (604)',1,'[{\"added\": {}}, {\"added\": {\"name\": \"remito\", \"object\": \"Remito object (737)\"}}]',11,3),(1351,'2025-08-08 13:07:28.646836','605','Carga object (605)',1,'[{\"added\": {}}, {\"added\": {\"name\": \"remito\", \"object\": \"Remito object (738)\"}}]',11,3),(1352,'2025-08-08 13:37:47.389150','7','Almirante Luis Piedra Buena',2,'[{\"changed\": {\"fields\": [\"Nombre\"]}}]',15,2),(1353,'2025-08-08 13:38:16.046123','1','Almirante Storni',2,'[{\"changed\": {\"fields\": [\"Nombre\"]}}]',15,2),(1354,'2025-08-08 21:04:08.452809','4','Er Rozarena',2,'[{\"changed\": {\"fields\": [\"EnviaRancho\"]}}]',21,5),(1355,'2025-08-08 21:30:58.537791','4','ArmadoraPuerto object (4)',1,'[{\"added\": {}}]',22,5),(1356,'2025-08-08 21:31:57.318877','17','NAVARRO',1,'[{\"added\": {}}]',7,5),(1357,'2025-08-08 21:32:32.893034','5','ArmadoraPuerto object (5)',1,'[{\"added\": {}}]',22,5),(1358,'2025-08-08 21:33:14.637427','14','NAVARRO NAVARRO',1,'[{\"added\": {}}]',21,5),(1359,'2025-08-08 21:34:47.900252','16','AGENCIA FEIJOO CRI',2,'[{\"changed\": {\"fields\": [\"Nombre\"]}}]',7,5),(1360,'2025-08-08 21:35:04.512040','18','AGENCIA FEIJOO PD',1,'[{\"added\": {}}]',7,5),(1361,'2025-08-08 21:36:18.664289','13','PAUL FEIJOO 1',2,'[{\"changed\": {\"fields\": [\"Nombre\", \"Apellido\", \"AgenciaMaritima\", \"EmailContacto\", \"EnviaRancho\"]}}]',21,5),(1362,'2025-08-08 21:37:06.861463','15','PAUL FEIJOO 2',1,'[{\"added\": {}}]',21,5),(1363,'2025-08-08 21:39:00.161142','12','Charlie Charlie',2,'[{\"changed\": {\"fields\": [\"Nombre\", \"EnviaRancho\"]}}]',21,5),(1364,'2025-08-08 21:39:25.049550','10','Barbara Salerno',2,'[{\"changed\": {\"fields\": [\"Nombre\", \"Apellido\", \"EnviaRancho\"]}}]',21,5),(1365,'2025-08-08 21:40:10.428576','19','SHEPHERD',1,'[{\"added\": {}}]',7,5),(1366,'2025-08-08 21:40:36.581492','9','Romina Romina',2,'[{\"changed\": {\"fields\": [\"Nombre\", \"Apellido\", \"AgenciaMaritima\", \"EnviaRancho\"]}}]',21,5),(1367,'2025-08-08 21:41:05.143034','5','German Gomez',2,'[{\"changed\": {\"fields\": [\"Nombre\", \"Apellido\", \"EnviaRancho\"]}}]',21,5),(1368,'2025-08-08 21:41:25.662850','4','Jose Obispo',2,'[{\"changed\": {\"fields\": [\"Nombre\", \"Apellido\"]}}]',21,5),(1369,'2025-08-08 21:41:48.104050','7','F Olazabal',2,'[{\"changed\": {\"fields\": [\"Nombre\", \"Apellido\", \"EnviaRancho\"]}}]',21,5),(1370,'2025-08-08 21:42:01.732516','8','Agencia Pardal',2,'[{\"changed\": {\"fields\": [\"EnviaRancho\"]}}]',21,5),(1371,'2025-08-08 21:42:48.905925','16','Marisa Fernandez',1,'[{\"added\": {}}]',21,5),(1372,'2025-08-08 21:43:14.639739','17','Barbera Barbera',1,'[{\"added\": {}}]',21,5),(1373,'2025-08-08 21:45:07.417522','18','COMINTER 1 COMINTER',1,'[{\"added\": {}}]',21,5),(1374,'2025-08-08 21:45:36.300474','19','COMINTER 2 COMINTER 2',1,'[{\"added\": {}}]',21,5),(1375,'2025-08-08 21:46:08.947088','20','COMINTER 3 COMINTER 3',1,'[{\"added\": {}}]',21,5),(1376,'2025-08-08 21:47:10.418910','21','Errecalde Errecalde',1,'[{\"added\": {}}]',21,5),(1377,'2025-08-08 21:47:52.138050','22','Melisa Margoni',1,'[{\"added\": {}}]',21,5),(1378,'2025-08-08 21:48:06.431811','18','COMINTER 1 COMINTER 1',2,'[{\"changed\": {\"fields\": [\"Apellido\"]}}]',21,5),(1379,'2025-08-09 13:13:00.197737','606','Carga object (606)',1,'[{\"added\": {}}, {\"added\": {\"name\": \"remito\", \"object\": \"Remito object (739)\"}}]',11,3),(1380,'2025-08-09 13:14:18.651732','607','Carga object (607)',1,'[{\"added\": {}}, {\"added\": {\"name\": \"remito\", \"object\": \"Remito object (740)\"}}]',11,3),(1381,'2025-08-10 17:30:50.843116','608','Carga object (608)',1,'[{\"added\": {}}, {\"added\": {\"name\": \"remito\", \"object\": \"Remito object (741)\"}}]',11,3),(1382,'2025-08-11 15:09:26.774343','609','Carga object (609)',1,'[{\"added\": {}}, {\"added\": {\"name\": \"remito\", \"object\": \"Remito object (742)\"}}]',11,3),(1383,'2025-08-11 21:37:01.823604','610','Carga object (610)',1,'[{\"added\": {}}, {\"added\": {\"name\": \"remito\", \"object\": \"Remito object (743)\"}}]',11,3),(1384,'2025-08-11 21:47:52.472310','611','Carga object (611)',1,'[{\"added\": {}}, {\"added\": {\"name\": \"remito\", \"object\": \"Remito object (744)\"}}]',11,3),(1385,'2025-08-11 21:52:01.095046','612','Carga object (612)',1,'[{\"added\": {}}, {\"added\": {\"name\": \"remito\", \"object\": \"Remito object (745)\"}}]',11,3),(1386,'2025-08-12 14:38:49.821748','613','Carga object (613)',1,'[{\"added\": {}}, {\"added\": {\"name\": \"remito\", \"object\": \"Remito object (746)\"}}]',11,3),(1387,'2025-08-12 14:40:09.470740','614','Carga object (614)',1,'[{\"added\": {}}, {\"added\": {\"name\": \"remito\", \"object\": \"Remito object (747)\"}}]',11,3),(1388,'2025-08-12 16:26:35.780272','615','Carga object (615)',1,'[{\"added\": {}}, {\"added\": {\"name\": \"remito\", \"object\": \"Remito object (748)\"}}]',11,2),(1389,'2025-08-14 13:16:44.497682','616','Carga object (616)',1,'[{\"added\": {}}, {\"added\": {\"name\": \"remito\", \"object\": \"Remito object (749)\"}}]',11,3),(1390,'2025-08-14 20:31:07.592126','64','AF164TH',1,'[{\"added\": {}}]',10,3),(1391,'2025-08-14 20:33:36.226742','617','Carga object (617)',1,'[{\"added\": {}}, {\"added\": {\"name\": \"remito\", \"object\": \"Remito object (750)\"}}]',11,3),(1392,'2025-08-15 12:39:11.885923','618','Carga object (618)',1,'[{\"added\": {}}, {\"added\": {\"name\": \"remito\", \"object\": \"Remito object (751)\"}}]',11,2),(1393,'2025-08-15 12:40:30.549692','619','Carga object (619)',1,'[{\"added\": {}}, {\"added\": {\"name\": \"remito\", \"object\": \"Remito object (752)\"}}]',11,2),(1394,'2025-08-15 12:41:33.452051','618','Carga object (618)',2,'[{\"changed\": {\"fields\": [\"FechaHoraInicio\"]}}, {\"changed\": {\"name\": \"remito\", \"object\": \"Remito object (751)\", \"fields\": [\"CantidadBarco\", \"CantidadDeposito\"]}}]',11,2),(1395,'2025-08-15 12:42:04.094601','619','Carga object (619)',2,'[{\"changed\": {\"fields\": [\"FechaHoraInicio\"]}}, {\"changed\": {\"name\": \"remito\", \"object\": \"Remito object (752)\", \"fields\": [\"CantidadDeposito\"]}}]',11,2),(1396,'2025-08-15 12:43:02.804571','620','Carga object (620)',1,'[{\"added\": {}}, {\"added\": {\"name\": \"remito\", \"object\": \"Remito object (753)\"}}]',11,2),(1397,'2025-08-15 13:18:01.022577','621','Carga object (621)',1,'[{\"added\": {}}, {\"added\": {\"name\": \"remito\", \"object\": \"Remito object (754)\"}}]',11,3),(1398,'2025-08-15 13:18:59.418492','622','Carga object (622)',1,'[{\"added\": {}}, {\"added\": {\"name\": \"remito\", \"object\": \"Remito object (755)\"}}]',11,3),(1399,'2025-08-17 14:57:03.285853','623','Carga object (623)',1,'[{\"added\": {}}, {\"added\": {\"name\": \"remito\", \"object\": \"Remito object (756)\"}}]',11,5),(1400,'2025-08-18 12:28:01.571108','624','Carga object (624)',1,'[{\"added\": {}}, {\"added\": {\"name\": \"remito\", \"object\": \"Remito object (757)\"}}]',11,2),(1401,'2025-08-18 13:05:49.842823','625','Carga object (625)',1,'[{\"added\": {}}, {\"added\": {\"name\": \"remito\", \"object\": \"Remito object (758)\"}}]',11,3),(1402,'2025-08-18 13:09:22.042099','626','Carga object (626)',1,'[{\"added\": {}}, {\"added\": {\"name\": \"remito\", \"object\": \"Remito object (759)\"}}]',11,3),(1403,'2025-08-18 14:42:21.217241','119','RemitoVarios object (119)',1,'[{\"added\": {}}]',17,3),(1404,'2025-08-18 22:08:36.212366','626','Carga object (626)',2,'[{\"changed\": {\"name\": \"remito\", \"object\": \"Remito object (759)\", \"fields\": [\"Camion\"]}}]',11,5),(1405,'2025-08-18 22:10:55.662519','626','Carga object (626)',2,'[{\"changed\": {\"fields\": [\"HoraInicio\"]}}]',11,5),(1406,'2025-08-18 22:17:39.781578','64','AF164TH',2,'[{\"changed\": {\"fields\": [\"HabilitadoAFIP\"]}}]',10,3),(1407,'2025-08-18 22:18:31.745278','64','AF164TH',2,'[{\"changed\": {\"fields\": [\"HabilitadoAFIP\"]}}]',10,3),(1408,'2025-08-18 22:25:57.983323','64','AF164TH',2,'[{\"changed\": {\"fields\": [\"HabilitadoAFIP\"]}}]',10,5),(1409,'2025-08-19 14:43:24.819682','627','Carga object (627)',1,'[{\"added\": {}}, {\"added\": {\"name\": \"remito\", \"object\": \"Remito object (760)\"}}]',11,3),(1410,'2025-08-19 15:05:31.105535','628','Carga object (628)',1,'[{\"added\": {}}, {\"added\": {\"name\": \"remito\", \"object\": \"Remito object (761)\"}}]',11,3),(1411,'2025-08-19 15:09:24.511290','629','Carga object (629)',1,'[{\"added\": {}}, {\"added\": {\"name\": \"remito\", \"object\": \"Remito object (762)\"}}]',11,3),(1412,'2025-08-19 15:14:21.423871','630','Carga object (630)',1,'[{\"added\": {}}, {\"added\": {\"name\": \"remito\", \"object\": \"Remito object (763)\"}}]',11,3),(1413,'2025-08-19 21:48:09.701493','631','Carga object (631)',1,'[{\"added\": {}}, {\"added\": {\"name\": \"remito\", \"object\": \"Remito object (764)\"}}]',11,3),(1414,'2025-08-19 21:49:30.239153','632','Carga object (632)',1,'[{\"added\": {}}, {\"added\": {\"name\": \"remito\", \"object\": \"Remito object (765)\"}}]',11,3),(1415,'2025-08-19 21:51:03.685396','633','Carga object (633)',1,'[{\"added\": {}}, {\"added\": {\"name\": \"remito\", \"object\": \"Remito object (766)\"}}, {\"added\": {\"name\": \"remito\", \"object\": \"Remito object (767)\"}}]',11,3),(1416,'2025-08-19 21:51:08.060269','634','Carga object (634)',1,'[{\"added\": {}}, {\"added\": {\"name\": \"remito\", \"object\": \"Remito object (768)\"}}, {\"added\": {\"name\": \"remito\", \"object\": \"Remito object (769)\"}}]',11,3),(1417,'2025-08-19 21:59:29.604903','633','Carga object (633)',2,'[{\"changed\": {\"fields\": [\"FechaInicio\"]}}]',11,3),(1418,'2025-08-19 21:59:36.773630','634','Carga object (634)',3,'',11,3),(1419,'2025-08-20 11:58:06.870297','635','Carga object (635)',1,'[{\"added\": {}}, {\"added\": {\"name\": \"remito\", \"object\": \"Remito object (770)\"}}]',11,3),(1420,'2025-08-20 12:02:57.335331','636','Carga object (636)',1,'[{\"added\": {}}, {\"added\": {\"name\": \"remito\", \"object\": \"Remito object (771)\"}}]',11,3),(1421,'2025-08-20 12:29:37.694593','637','Carga object (637)',1,'[{\"added\": {}}, {\"added\": {\"name\": \"remito\", \"object\": \"Remito object (772)\"}}]',11,3),(1422,'2025-08-20 12:34:18.607976','638','Carga object (638)',1,'[{\"added\": {}}, {\"added\": {\"name\": \"remito\", \"object\": \"Remito object (773)\"}}]',11,3),(1423,'2025-08-20 21:58:16.365261','23','Pesquera San Isidro S.A.',2,'[{\"changed\": {\"fields\": [\"AgenciaMaritima\"]}}]',8,3),(1424,'2025-08-20 21:58:53.645296','23','Pesquera San Isidro S.A.',2,'[{\"changed\": {\"fields\": [\"Telefono\"]}}]',8,3),(1425,'2025-08-21 13:25:49.348469','639','Carga object (639)',1,'[{\"added\": {}}, {\"added\": {\"name\": \"remito\", \"object\": \"Remito object (774)\"}}]',11,3),(1426,'2025-08-21 13:59:03.296067','640','Carga object (640)',1,'[{\"added\": {}}, {\"added\": {\"name\": \"remito\", \"object\": \"Remito object (775)\"}}]',11,3),(1427,'2025-08-21 14:18:43.801234','641','Carga object (641)',1,'[{\"added\": {}}, {\"added\": {\"name\": \"remito\", \"object\": \"Remito object (776)\"}}]',11,3),(1428,'2025-08-21 21:20:43.866064','642','Carga object (642)',1,'[{\"added\": {}}, {\"added\": {\"name\": \"remito\", \"object\": \"Remito object (777)\"}}]',11,3),(1429,'2025-08-21 21:21:45.245754','643','Carga object (643)',1,'[{\"added\": {}}, {\"added\": {\"name\": \"remito\", \"object\": \"Remito object (778)\"}}]',11,3),(1430,'2025-08-23 12:05:40.336253','644','Carga object (644)',1,'[{\"added\": {}}, {\"added\": {\"name\": \"remito\", \"object\": \"Remito object (779)\"}}]',11,3),(1431,'2025-08-23 12:09:28.589450','645','Carga object (645)',1,'[{\"added\": {}}, {\"added\": {\"name\": \"remito\", \"object\": \"Remito object (780)\"}}]',11,3),(1432,'2025-08-23 13:33:36.427361','178','ARGENOVA III',1,'[{\"added\": {}}]',9,3),(1433,'2025-08-23 13:33:54.254139','178','ARGENOVA III',2,'[{\"changed\": {\"fields\": [\"Puntal\"]}}]',9,3),(1434,'2025-08-23 13:35:13.813100','646','Carga object (646)',1,'[{\"added\": {}}, {\"added\": {\"name\": \"remito\", \"object\": \"Remito object (781)\"}}]',11,3),(1435,'2025-08-23 13:36:02.778174','646','Carga object (646)',2,'[{\"changed\": {\"name\": \"remito\", \"object\": \"Remito object (781)\", \"fields\": [\"CantidadBarco\"]}}]',11,3),(1436,'2025-08-23 13:39:01.825616','647','Carga object (647)',1,'[{\"added\": {}}, {\"added\": {\"name\": \"remito\", \"object\": \"Remito object (782)\"}}]',11,3),(1437,'2025-08-23 13:42:06.153432','648','Carga object (648)',1,'[{\"added\": {}}, {\"added\": {\"name\": \"remito\", \"object\": \"Remito object (783)\"}}]',11,3),(1438,'2025-08-23 13:48:18.009198','649','Carga object (649)',1,'[{\"added\": {}}, {\"added\": {\"name\": \"remito\", \"object\": \"Remito object (784)\"}}]',11,3),(1439,'2025-08-23 13:53:25.053622','650','Carga object (650)',1,'[{\"added\": {}}, {\"added\": {\"name\": \"remito\", \"object\": \"Remito object (785)\"}}]',11,3),(1440,'2025-08-23 14:01:11.931947','651','Carga object (651)',1,'[{\"added\": {}}, {\"added\": {\"name\": \"remito\", \"object\": \"Remito object (786)\"}}]',11,3),(1441,'2025-08-23 14:03:16.057544','651','Carga object (651)',2,'[{\"changed\": {\"fields\": [\"SitioPuerto\"]}}]',11,3),(1442,'2025-08-23 14:04:04.653640','651','Carga object (651)',2,'[{\"changed\": {\"fields\": [\"Puerto\", \"SitioPuerto\"]}}]',11,3),(1443,'2025-08-23 14:04:39.573056','651','Carga object (651)',2,'[{\"changed\": {\"fields\": [\"Puerto\"]}}]',11,3),(1444,'2025-08-24 14:55:13.531859','652','Carga object (652)',1,'[{\"added\": {}}, {\"added\": {\"name\": \"remito\", \"object\": \"Remito object (787)\"}}]',11,5),(1445,'2025-08-24 18:50:11.095919','646','Carga object (646)',2,'[{\"changed\": {\"fields\": [\"Puerto\", \"FechaInicio\"]}}, {\"changed\": {\"name\": \"remito\", \"object\": \"Remito object (781)\", \"fields\": [\"Numero\", \"Chofer\", \"Camion\", \"Remolque\"]}}]',11,3),(1446,'2025-08-25 13:50:26.435775','54','MAR CORAL',2,'[{\"changed\": {\"fields\": [\"Armadora\"]}}]',9,5),(1447,'2025-08-25 21:10:28.269279','653','Carga object (653)',1,'[{\"added\": {}}, {\"added\": {\"name\": \"remito\", \"object\": \"Remito object (788)\"}}]',11,3),(1448,'2025-08-25 21:38:12.420690','654','Carga object (654)',1,'[{\"added\": {}}, {\"added\": {\"name\": \"remito\", \"object\": \"Remito object (789)\"}}]',11,3),(1449,'2025-08-26 12:17:01.920030','654','Carga object (654)',2,'[{\"changed\": {\"name\": \"remito\", \"object\": \"Remito object (789)\", \"fields\": [\"Numero\", \"CantidadBarco\"]}}]',11,3),(1450,'2025-08-26 14:39:37.560207','655','Carga object (655)',1,'[{\"added\": {}}, {\"added\": {\"name\": \"remito\", \"object\": \"Remito object (790)\"}}]',11,3),(1451,'2025-08-26 20:41:34.344693','656','Carga object (656)',1,'[{\"added\": {}}, {\"added\": {\"name\": \"remito\", \"object\": \"Remito object (791)\"}}]',11,3),(1452,'2025-08-26 20:46:12.065070','657','Carga object (657)',1,'[{\"added\": {}}, {\"added\": {\"name\": \"remito\", \"object\": \"Remito object (792)\"}}]',11,3),(1453,'2025-08-26 20:49:32.491151','658','Carga object (658)',1,'[{\"added\": {}}, {\"added\": {\"name\": \"remito\", \"object\": \"Remito object (793)\"}}]',11,3),(1454,'2025-08-27 13:54:00.580487','659','Carga object (659)',1,'[{\"added\": {}}, {\"added\": {\"name\": \"remito\", \"object\": \"Remito object (794)\"}}]',11,2),(1455,'2025-08-27 13:55:03.025443','659','Carga object (659)',2,'[{\"changed\": {\"fields\": [\"SitioPuerto\"]}}]',11,2),(1456,'2025-08-28 11:44:21.210273','660','Carga object (660)',1,'[{\"added\": {}}, {\"added\": {\"name\": \"remito\", \"object\": \"Remito object (795)\"}}]',11,2),(1457,'2025-08-28 11:45:22.318578','660','Carga object (660)',2,'[{\"changed\": {\"fields\": [\"Densidad\"]}}, {\"changed\": {\"name\": \"remito\", \"object\": \"Remito object (795)\", \"fields\": [\"Camion\"]}}]',11,2),(1458,'2025-08-28 14:45:30.621356','661','Carga object (661)',1,'[{\"added\": {}}, {\"added\": {\"name\": \"remito\", \"object\": \"Remito object (796)\"}}]',11,3),(1459,'2025-08-28 15:16:32.397055','662','Carga object (662)',1,'[{\"added\": {}}, {\"added\": {\"name\": \"remito\", \"object\": \"Remito object (797)\"}}]',11,3),(1460,'2025-08-29 12:18:05.798490','663','Carga object (663)',1,'[{\"added\": {}}, {\"added\": {\"name\": \"remito\", \"object\": \"Remito object (798)\"}}]',11,2),(1461,'2025-08-29 15:38:16.522216','664','Carga object (664)',1,'[{\"added\": {}}, {\"added\": {\"name\": \"remito\", \"object\": \"Remito object (799)\"}}]',11,2),(1462,'2025-08-30 11:36:14.040304','665','Carga object (665)',1,'[{\"added\": {}}, {\"added\": {\"name\": \"remito\", \"object\": \"Remito object (800)\"}}]',11,5),(1463,'2025-08-30 11:51:47.187044','666','Carga object (666)',1,'[{\"added\": {}}, {\"added\": {\"name\": \"remito\", \"object\": \"Remito object (801)\"}}]',11,5),(1464,'2025-08-30 12:02:34.511945','665','Carga object (665)',2,'[{\"changed\": {\"fields\": [\"Puerto\"]}}]',11,2),(1465,'2025-08-30 12:14:19.059875','667','Carga object (667)',1,'[{\"added\": {}}, {\"added\": {\"name\": \"remito\", \"object\": \"Remito object (802)\"}}]',11,2),(1466,'2025-08-30 12:23:22.407038','664','Carga object (664)',2,'[{\"changed\": {\"name\": \"remito\", \"object\": \"Remito object (799)\", \"fields\": [\"Transporte\", \"Chofer\", \"Camion\", \"Remolque\"]}}]',11,2),(1467,'2025-08-30 12:31:36.638324','668','Carga object (668)',1,'[{\"added\": {}}, {\"added\": {\"name\": \"remito\", \"object\": \"Remito object (803)\"}}]',11,2),(1468,'2025-08-30 13:11:47.716510','14','SEMISA INFRAESTRUCTURA S.A.',1,'[{\"added\": {}}]',20,2),(1469,'2025-08-30 13:12:41.682308','120','RemitoVarios object (120)',1,'[{\"added\": {}}]',17,2),(1470,'2025-08-30 14:13:30.116816','669','Carga object (669)',1,'[{\"added\": {}}, {\"added\": {\"name\": \"remito\", \"object\": \"Remito object (804)\"}}]',11,2),(1471,'2025-08-30 14:18:45.959125','670','Carga object (670)',1,'[{\"added\": {}}, {\"added\": {\"name\": \"remito\", \"object\": \"Remito object (805)\"}}]',11,2),(1472,'2025-09-01 15:53:36.513454','671','Carga object (671)',1,'[{\"added\": {}}, {\"added\": {\"name\": \"remito\", \"object\": \"Remito object (806)\"}}]',11,3),(1473,'2025-09-01 21:42:55.863495','672','Carga object (672)',1,'[{\"added\": {}}, {\"added\": {\"name\": \"remito\", \"object\": \"Remito object (807)\"}}]',11,3),(1474,'2025-09-01 21:43:31.513482','672','Carga object (672)',2,'[{\"changed\": {\"fields\": [\"FechaInicio\"]}}]',11,3),(1475,'2025-09-01 21:47:54.026987','673','Carga object (673)',1,'[{\"added\": {}}, {\"added\": {\"name\": \"remito\", \"object\": \"Remito object (808)\"}}]',11,3),(1476,'2025-09-01 22:00:00.931945','674','Carga object (674)',1,'[{\"added\": {}}, {\"added\": {\"name\": \"remito\", \"object\": \"Remito object (809)\"}}]',11,3),(1477,'2025-09-01 22:03:19.245481','675','Carga object (675)',1,'[{\"added\": {}}, {\"added\": {\"name\": \"remito\", \"object\": \"Remito object (810)\"}}]',11,3),(1478,'2025-09-01 22:05:25.013032','676','Carga object (676)',1,'[{\"added\": {}}, {\"added\": {\"name\": \"remito\", \"object\": \"Remito object (811)\"}}]',11,3),(1479,'2025-09-01 22:08:51.535087','674','Carga object (674)',2,'[{\"changed\": {\"fields\": [\"NroRancho\", \"LetraRancho\"]}}]',11,3),(1480,'2025-09-01 22:13:46.871863','675','Carga object (675)',2,'[{\"changed\": {\"fields\": [\"NroRancho\", \"LetraRancho\"]}}]',11,3),(1481,'2025-09-01 22:16:46.459057','676','Carga object (676)',2,'[{\"changed\": {\"fields\": [\"NroRancho\", \"LetraRancho\"]}}]',11,3),(1482,'2025-09-02 20:54:09.675234','677','Carga object (677)',1,'[{\"added\": {}}, {\"added\": {\"name\": \"remito\", \"object\": \"Remito object (812)\"}}]',11,3),(1483,'2025-09-03 12:10:34.200845','678','Carga object (678)',1,'[{\"added\": {}}, {\"added\": {\"name\": \"remito\", \"object\": \"Remito object (813)\"}}]',11,3),(1484,'2025-09-03 12:18:02.982335','678','Carga object (678)',2,'[{\"changed\": {\"fields\": [\"Puerto\"]}}]',11,3),(1485,'2025-09-03 12:23:09.633864','679','Carga object (679)',1,'[{\"added\": {}}, {\"added\": {\"name\": \"remito\", \"object\": \"Remito object (814)\"}}]',11,3),(1486,'2025-09-03 12:31:44.553876','121','RemitoVarios object (121)',1,'[{\"added\": {}}]',17,3),(1487,'2025-09-03 13:52:01.924712','680','Carga object (680)',1,'[{\"added\": {}}, {\"added\": {\"name\": \"remito\", \"object\": \"Remito object (815)\"}}]',11,3),(1488,'2025-09-04 12:28:47.662927','681','Carga object (681)',1,'[{\"added\": {}}, {\"added\": {\"name\": \"remito\", \"object\": \"Remito object (816)\"}}]',11,3),(1489,'2025-09-04 12:32:24.938877','682','Carga object (682)',1,'[{\"added\": {}}, {\"added\": {\"name\": \"remito\", \"object\": \"Remito object (817)\"}}]',11,3),(1490,'2025-09-04 12:44:23.041078','683','Carga object (683)',1,'[{\"added\": {}}, {\"added\": {\"name\": \"remito\", \"object\": \"Remito object (818)\"}}]',11,3),(1491,'2025-09-04 12:47:51.446749','684','Carga object (684)',1,'[{\"added\": {}}, {\"added\": {\"name\": \"remito\", \"object\": \"Remito object (819)\"}}]',11,3),(1492,'2025-09-04 12:52:46.980920','685','Carga object (685)',1,'[{\"added\": {}}, {\"added\": {\"name\": \"remito\", \"object\": \"Remito object (820)\"}}]',11,3),(1493,'2025-09-05 15:33:25.879537','686','Carga object (686)',1,'[{\"added\": {}}, {\"added\": {\"name\": \"remito\", \"object\": \"Remito object (821)\"}}]',11,3),(1494,'2025-09-06 13:09:25.687475','687','Carga object (687)',1,'[{\"added\": {}}, {\"added\": {\"name\": \"remito\", \"object\": \"Remito object (822)\"}}]',11,5),(1495,'2025-09-06 13:52:32.960322','688','Carga object (688)',1,'[{\"added\": {}}, {\"added\": {\"name\": \"remito\", \"object\": \"Remito object (823)\"}}]',11,3),(1496,'2025-09-06 14:36:21.997836','15','ADMIN. DE VIALIDAD PROVINCIAL',1,'[{\"added\": {}}]',20,3),(1497,'2025-09-06 14:38:22.736985','122','RemitoVarios object (122)',1,'[{\"added\": {}}]',17,3),(1498,'2025-09-08 15:10:17.702597','689','Carga object (689)',1,'[{\"added\": {}}, {\"added\": {\"name\": \"remito\", \"object\": \"Remito object (824)\"}}]',11,3),(1499,'2025-09-08 21:31:34.905655','690','Carga object (690)',1,'[{\"added\": {}}, {\"added\": {\"name\": \"remito\", \"object\": \"Remito object (825)\"}}]',11,3),(1500,'2025-09-09 14:39:21.152032','691','Carga object (691)',1,'[{\"added\": {}}, {\"added\": {\"name\": \"remito\", \"object\": \"Remito object (826)\"}}]',11,3),(1501,'2025-09-09 14:40:16.848792','692','Carga object (692)',1,'[{\"added\": {}}, {\"added\": {\"name\": \"remito\", \"object\": \"Remito object (827)\"}}]',11,3),(1502,'2025-09-09 16:18:27.958903','693','Carga object (693)',1,'[{\"added\": {}}, {\"added\": {\"name\": \"remito\", \"object\": \"Remito object (828)\"}}]',11,2),(1503,'2025-09-10 12:57:30.371238','694','Carga object (694)',1,'[{\"added\": {}}, {\"added\": {\"name\": \"remito\", \"object\": \"Remito object (829)\"}}]',11,3),(1504,'2025-09-11 12:52:54.329428','695','Carga object (695)',1,'[{\"added\": {}}, {\"added\": {\"name\": \"remito\", \"object\": \"Remito object (830)\"}}]',11,3),(1505,'2025-09-11 13:00:23.987554','696','Carga object (696)',1,'[{\"added\": {}}, {\"added\": {\"name\": \"remito\", \"object\": \"Remito object (831)\"}}]',11,3),(1506,'2025-09-12 11:40:02.557533','123','RemitoVarios object (123)',1,'[{\"added\": {}}]',17,2),(1507,'2025-09-12 11:48:21.081451','697','Carga object (697)',1,'[{\"added\": {}}, {\"added\": {\"name\": \"remito\", \"object\": \"Remito object (832)\"}}]',11,2),(1508,'2025-09-12 19:36:33.788121','698','Carga object (698)',1,'[{\"added\": {}}, {\"added\": {\"name\": \"remito\", \"object\": \"Remito object (833)\"}}]',11,5),(1509,'2025-09-12 19:44:47.999834','699','Carga object (699)',1,'[{\"added\": {}}, {\"added\": {\"name\": \"remito\", \"object\": \"Remito object (834)\"}}]',11,5),(1510,'2025-09-12 19:50:42.337109','700','Carga object (700)',1,'[{\"added\": {}}, {\"added\": {\"name\": \"remito\", \"object\": \"Remito object (835)\"}}]',11,5),(1511,'2025-09-12 19:59:48.368383','700','Carga object (700)',2,'[{\"changed\": {\"fields\": [\"HoraInicio\"]}}, {\"changed\": {\"name\": \"remito\", \"object\": \"Remito object (835)\", \"fields\": [\"CantidadDeposito\"]}}]',11,5),(1512,'2025-09-15 21:21:16.823749','701','Carga object (701)',1,'[{\"added\": {}}, {\"added\": {\"name\": \"remito\", \"object\": \"Remito object (836)\"}}]',11,3),(1513,'2025-09-16 11:37:04.821649','702','Carga object (702)',1,'[{\"added\": {}}, {\"added\": {\"name\": \"remito\", \"object\": \"Remito object (837)\"}}]',11,2),(1514,'2025-09-16 22:02:19.568456','703','Carga object (703)',1,'[{\"added\": {}}, {\"added\": {\"name\": \"remito\", \"object\": \"Remito object (838)\"}}]',11,5),(1515,'2025-09-17 22:16:20.274552','704','Carga object (704)',1,'[{\"added\": {}}, {\"added\": {\"name\": \"remito\", \"object\": \"Remito object (839)\"}}]',11,5),(1516,'2025-09-17 22:34:02.814851','704','Carga object (704)',2,'[{\"changed\": {\"fields\": [\"SitioPuerto\"]}}]',11,1),(1517,'2025-09-18 12:03:48.916463','705','Carga object (705)',1,'[{\"added\": {}}, {\"added\": {\"name\": \"remito\", \"object\": \"Remito object (840)\"}}]',11,5),(1518,'2025-09-18 12:10:34.830232','706','Carga object (706)',1,'[{\"added\": {}}, {\"added\": {\"name\": \"remito\", \"object\": \"Remito object (841)\"}}]',11,5),(1519,'2025-09-18 16:41:52.594032','707','Carga object (707)',1,'[{\"added\": {}}, {\"added\": {\"name\": \"remito\", \"object\": \"Remito object (842)\"}}]',11,3),(1520,'2025-09-19 15:38:26.770733','708','Carga object (708)',1,'[{\"added\": {}}, {\"added\": {\"name\": \"remito\", \"object\": \"Remito object (843)\"}}]',11,3),(1521,'2025-09-19 21:17:40.344556','709','Carga object (709)',1,'[{\"added\": {}}, {\"added\": {\"name\": \"remito\", \"object\": \"Remito object (844)\"}}]',11,3),(1522,'2025-09-21 15:02:18.118405','710','Carga object (710)',1,'[{\"added\": {}}, {\"added\": {\"name\": \"remito\", \"object\": \"Remito object (845)\"}}]',11,5),(1523,'2025-09-26 11:43:23.003885','711','Carga object (711)',1,'[{\"added\": {}}, {\"added\": {\"name\": \"remito\", \"object\": \"Remito object (846)\"}}, {\"added\": {\"name\": \"remito\", \"object\": \"Remito object (847)\"}}, {\"added\": {\"name\": \"remito\", \"object\": \"Remito object (848)\"}}]',11,5),(1524,'2025-09-29 10:54:14.433846','712','Carga object (712)',1,'[{\"added\": {}}, {\"added\": {\"name\": \"remito\", \"object\": \"Remito object (849)\"}}]',11,5),(1525,'2025-10-01 12:00:29.259023','713','Carga object (713)',1,'[{\"added\": {}}, {\"added\": {\"name\": \"remito\", \"object\": \"Remito object (850)\"}}]',11,2),(1526,'2025-10-01 12:01:38.860877','713','Carga object (713)',2,'[{\"changed\": {\"fields\": [\"Puerto\", \"SitioPuerto\"]}}]',11,2),(1527,'2025-10-01 12:03:17.439824','714','Carga object (714)',1,'[{\"added\": {}}, {\"added\": {\"name\": \"remito\", \"object\": \"Remito object (851)\"}}]',11,2),(1528,'2025-10-01 12:04:06.554368','713','Carga object (713)',2,'[]',11,2),(1529,'2025-10-01 12:24:28.292714','714','Carga object (714)',2,'[{\"changed\": {\"fields\": [\"Barco\"]}}]',11,2),(1530,'2025-10-07 11:55:42.444887','715','Carga object (715)',1,'[{\"added\": {}}, {\"added\": {\"name\": \"remito\", \"object\": \"Remito object (852)\"}}]',11,3),(1531,'2025-10-07 12:00:45.549431','716','Carga object (716)',1,'[{\"added\": {}}, {\"added\": {\"name\": \"remito\", \"object\": \"Remito object (853)\"}}]',11,3),(1532,'2025-10-07 21:01:50.325378','717','Carga object (717)',1,'[{\"added\": {}}, {\"added\": {\"name\": \"remito\", \"object\": \"Remito object (854)\"}}]',11,3),(1533,'2025-10-08 13:05:49.815269','718','Carga object (718)',1,'[{\"added\": {}}, {\"added\": {\"name\": \"remito\", \"object\": \"Remito object (855)\"}}]',11,3),(1534,'2025-10-21 12:41:10.741387','719','Carga object (719)',1,'[{\"added\": {}}, {\"added\": {\"name\": \"remito\", \"object\": \"Remito object (856)\"}}]',11,2),(1535,'2025-10-27 12:05:17.224770','720','Carga object (720)',1,'[{\"added\": {}}, {\"added\": {\"name\": \"remito\", \"object\": \"Remito object (857)\"}}]',11,2),(1536,'2025-10-27 16:12:24.284258','721','Carga object (721)',1,'[{\"added\": {}}, {\"added\": {\"name\": \"remito\", \"object\": \"Remito object (858)\"}}]',11,2),(1537,'2025-10-29 11:44:51.174439','722','Carga object (722)',1,'[{\"added\": {}}, {\"added\": {\"name\": \"remito\", \"object\": \"Remito object (859)\"}}]',11,2),(1538,'2025-10-29 11:45:11.308940','722','Carga object (722)',2,'[{\"changed\": {\"name\": \"remito\", \"object\": \"Remito object (859)\", \"fields\": [\"CantidadDeposito\"]}}]',11,2),(1539,'2025-11-01 12:49:55.591139','723','Carga object (723)',1,'[{\"added\": {}}, {\"added\": {\"name\": \"remito\", \"object\": \"Remito object (860)\"}}]',11,5),(1540,'2025-11-01 12:54:59.355839','724','Carga object (724)',1,'[{\"added\": {}}, {\"added\": {\"name\": \"remito\", \"object\": \"Remito object (861)\"}}]',11,5),(1541,'2025-11-03 12:34:15.283348','725','Carga object (725)',1,'[{\"added\": {}}, {\"added\": {\"name\": \"remito\", \"object\": \"Remito object (862)\"}}]',11,2),(1542,'2025-11-03 23:44:04.975213','726','Carga object (726)',1,'[{\"added\": {}}, {\"added\": {\"name\": \"remito\", \"object\": \"Remito object (863)\"}}]',11,3),(1543,'2025-11-04 12:19:20.886675','727','Carga object (727)',1,'[{\"added\": {}}, {\"added\": {\"name\": \"remito\", \"object\": \"Remito object (864)\"}}]',11,3),(1544,'2025-11-07 11:42:05.755954','123','RemitoVarios object (123)',2,'[{\"changed\": {\"fields\": [\"Fecha\"]}}]',17,5),(1545,'2025-11-11 15:46:49.111481','728','Carga object (728)',1,'[{\"added\": {}}, {\"added\": {\"name\": \"remito\", \"object\": \"Remito object (865)\"}}]',11,3),(1546,'2025-11-11 15:48:21.089790','728','Carga object (728)',2,'[{\"changed\": {\"fields\": [\"Barco\", \"SitioPuerto\", \"NroRancho\", \"OrdenCompra\"]}}, {\"changed\": {\"name\": \"remito\", \"object\": \"Remito object (865)\", \"fields\": [\"Remolque\"]}}]',11,3),(1547,'2025-11-11 15:49:45.209444','728','Carga object (728)',2,'[{\"changed\": {\"fields\": [\"LetraRancho\", \"HoraInicio\"]}}, {\"changed\": {\"name\": \"remito\", \"object\": \"Remito object (865)\", \"fields\": [\"Chofer\"]}}]',11,3),(1548,'2025-11-11 15:50:08.906703','728','Carga object (728)',3,'',11,3),(1549,'2025-11-11 15:51:57.243959','729','Carga object (729)',1,'[{\"added\": {}}, {\"added\": {\"name\": \"remito\", \"object\": \"Remito object (866)\"}}]',11,3),(1550,'2025-11-11 15:57:43.134410','729','Carga object (729)',3,'',11,3),(1551,'2025-11-11 20:26:27.863626','730','Carga object (730)',1,'[{\"added\": {}}, {\"added\": {\"name\": \"remito\", \"object\": \"Remito object (867)\"}}]',11,5),(1552,'2025-11-11 20:28:50.964060','730','Carga object (730)',2,'[{\"changed\": {\"fields\": [\"Puerto\", \"SitioPuerto\"]}}, {\"changed\": {\"name\": \"remito\", \"object\": \"Remito object (867)\", \"fields\": [\"Remolque\"]}}]',11,5),(1553,'2025-11-11 20:29:50.723734','731','Carga object (731)',1,'[{\"added\": {}}, {\"added\": {\"name\": \"remito\", \"object\": \"Remito object (868)\"}}, {\"added\": {\"name\": \"remito\", \"object\": \"Remito object (869)\"}}]',11,3),(1554,'2025-11-11 20:30:21.805374','730','Carga object (730)',3,'',11,5),(1555,'2025-11-11 20:31:23.030262','65','AB 026 NW',1,'[{\"added\": {}}]',10,3),(1556,'2025-11-11 20:32:44.996970','731','Carga object (731)',2,'[{\"changed\": {\"name\": \"remito\", \"object\": \"Remito object (869)\", \"fields\": [\"Empresa\", \"Transporte\", \"Camion\"]}}]',11,3),(1557,'2025-11-11 20:38:14.217404','731','Carga object (731)',2,'[{\"changed\": {\"name\": \"remito\", \"object\": \"Remito object (868)\", \"fields\": [\"Numero\"]}}, {\"changed\": {\"name\": \"remito\", \"object\": \"Remito object (869)\", \"fields\": [\"Numero\"]}}]',11,3),(1558,'2025-11-11 20:42:04.336753','732','Carga object (732)',1,'[{\"added\": {}}, {\"added\": {\"name\": \"remito\", \"object\": \"Remito object (870)\"}}, {\"added\": {\"name\": \"remito\", \"object\": \"Remito object (871)\"}}]',11,3),(1559,'2025-11-11 20:42:52.009876','29','FERNANDO VILLANI',1,'[{\"added\": {}}]',12,3),(1560,'2025-11-11 20:43:56.036932','732','Carga object (732)',2,'[{\"changed\": {\"name\": \"remito\", \"object\": \"Remito object (871)\", \"fields\": [\"Chofer\"]}}]',11,3),(1561,'2025-11-11 20:55:22.139910','732','Carga object (732)',2,'[{\"changed\": {\"fields\": [\"HoraInicio\"]}}, {\"changed\": {\"name\": \"remito\", \"object\": \"Remito object (870)\", \"fields\": [\"Camion\", \"Remolque\"]}}]',11,1),(1562,'2025-11-13 12:57:25.986529','733','Carga object (733)',1,'[{\"added\": {}}, {\"added\": {\"name\": \"remito\", \"object\": \"Remito object (872)\"}}]',11,3),(1563,'2025-11-13 14:59:48.446236','179','LOBO',1,'[{\"added\": {}}]',9,3),(1564,'2025-11-13 15:15:27.145628','734','Carga object (734)',1,'[{\"added\": {}}, {\"added\": {\"name\": \"remito\", \"object\": \"Remito object (873)\"}}]',11,3),(1565,'2025-11-13 15:16:18.653433','735','Carga object (735)',1,'[{\"added\": {}}, {\"added\": {\"name\": \"remito\", \"object\": \"Remito object (874)\"}}]',11,3),(1566,'2025-11-14 13:57:43.998550','734','Carga object (734)',2,'[{\"changed\": {\"fields\": [\"FechaInicio\", \"HoraInicio\"]}}]',11,2),(1567,'2025-11-19 20:03:19.740175','736','Carga object (736)',1,'[{\"added\": {}}, {\"added\": {\"name\": \"remito\", \"object\": \"Remito object (875)\"}}]',11,3),(1568,'2025-11-20 12:33:56.321607','737','Carga object (737)',1,'[{\"added\": {}}, {\"added\": {\"name\": \"remito\", \"object\": \"Remito object (876)\"}}]',11,3),(1569,'2025-11-20 16:11:23.871575','738','Carga object (738)',1,'[{\"added\": {}}, {\"added\": {\"name\": \"remito\", \"object\": \"Remito object (877)\"}}]',11,2),(1570,'2025-11-20 20:21:36.426765','739','Carga object (739)',1,'[{\"added\": {}}, {\"added\": {\"name\": \"remito\", \"object\": \"Remito object (878)\"}}]',11,3),(1571,'2025-11-21 20:21:29.685911','740','Carga object (740)',1,'[{\"added\": {}}, {\"added\": {\"name\": \"remito\", \"object\": \"Remito object (879)\"}}]',11,5),(1572,'2025-11-23 14:30:30.643046','741','Carga object (741)',1,'[{\"added\": {}}, {\"added\": {\"name\": \"remito\", \"object\": \"Remito object (880)\"}}]',11,5),(1573,'2025-11-23 14:31:52.948492','741','Carga object (741)',2,'[{\"changed\": {\"fields\": [\"Densidad\"]}}]',11,5),(1574,'2025-11-23 18:15:35.237097','742','Carga object (742)',1,'[{\"added\": {}}, {\"added\": {\"name\": \"remito\", \"object\": \"Remito object (881)\"}}]',11,5),(1575,'2025-11-25 13:46:35.945284','737','Carga object (737)',2,'[{\"changed\": {\"fields\": [\"Densidad\", \"Temperatura\"]}}]',11,2),(1576,'2025-11-25 15:10:14.264865','743','Carga object (743)',1,'[{\"added\": {}}, {\"added\": {\"name\": \"remito\", \"object\": \"Remito object (882)\"}}]',11,2),(1577,'2025-11-25 20:04:12.558983','180','SOTAVENTO',1,'[{\"added\": {}}]',9,3),(1578,'2025-11-25 20:09:02.328895','744','Carga object (744)',1,'[{\"added\": {}}, {\"added\": {\"name\": \"remito\", \"object\": \"Remito object (883)\"}}]',11,3),(1579,'2025-11-25 20:15:56.466778','745','Carga object (745)',1,'[{\"added\": {}}, {\"added\": {\"name\": \"remito\", \"object\": \"Remito object (884)\"}}]',11,3),(1580,'2025-11-25 20:20:12.716939','744','Carga object (744)',2,'[{\"changed\": {\"fields\": [\"HoraInicio\"]}}]',11,3),(1581,'2025-11-26 13:53:40.778392','108','BARLOVENTO',2,'[{\"changed\": {\"fields\": [\"Armadora\"]}}]',9,3),(1582,'2025-11-26 15:56:00.609411','746','Carga object (746)',1,'[{\"added\": {}}, {\"added\": {\"name\": \"remito\", \"object\": \"Remito object (885)\"}}]',11,2),(1583,'2025-11-26 16:01:02.051360','747','Carga object (747)',1,'[{\"added\": {}}, {\"added\": {\"name\": \"remito\", \"object\": \"Remito object (886)\"}}]',11,2),(1584,'2025-11-29 13:03:45.037139','124','RemitoVarios object (124)',1,'[{\"added\": {}}]',17,3),(1585,'2025-11-29 13:09:27.233702','748','Carga object (748)',1,'[{\"added\": {}}, {\"added\": {\"name\": \"remito\", \"object\": \"Remito object (887)\"}}]',11,3),(1586,'2025-11-29 13:14:28.094546','749','Carga object (749)',1,'[{\"added\": {}}, {\"added\": {\"name\": \"remito\", \"object\": \"Remito object (888)\"}}]',11,3),(1587,'2025-11-29 13:21:58.661106','750','Carga object (750)',1,'[{\"added\": {}}, {\"added\": {\"name\": \"remito\", \"object\": \"Remito object (889)\"}}]',11,3),(1588,'2025-11-30 13:10:17.802957','751','Carga object (751)',1,'[{\"added\": {}}, {\"added\": {\"name\": \"remito\", \"object\": \"Remito object (890)\"}}]',11,5),(1589,'2025-11-30 13:21:59.831582','752','Carga object (752)',1,'[{\"added\": {}}, {\"added\": {\"name\": \"remito\", \"object\": \"Remito object (891)\"}}]',11,5),(1590,'2025-11-30 13:36:51.962780','748','Carga object (748)',2,'[{\"changed\": {\"name\": \"remito\", \"object\": \"Remito object (887)\", \"fields\": [\"Chofer\", \"Camion\", \"Remolque\"]}}]',11,5),(1591,'2025-11-30 20:05:42.648357','753','Carga object (753)',1,'[{\"added\": {}}, {\"added\": {\"name\": \"remito\", \"object\": \"Remito object (892)\"}}]',11,5),(1592,'2025-12-01 14:39:56.930115','754','Carga object (754)',1,'[{\"added\": {}}, {\"added\": {\"name\": \"remito\", \"object\": \"Remito object (893)\"}}]',11,3),(1593,'2025-12-02 15:35:47.686665','755','Carga object (755)',1,'[{\"added\": {}}, {\"added\": {\"name\": \"remito\", \"object\": \"Remito object (894)\"}}]',11,3),(1594,'2025-12-03 14:02:16.000853','756','Carga object (756)',1,'[{\"added\": {}}, {\"added\": {\"name\": \"remito\", \"object\": \"Remito object (895)\"}}]',11,2),(1595,'2025-12-03 14:09:49.964806','125','RemitoVarios object (125)',1,'[{\"added\": {}}]',17,2),(1596,'2025-12-03 15:10:43.423015','126','RemitoVarios object (126)',1,'[{\"added\": {}}]',17,2),(1597,'2025-12-03 20:25:06.021587','757','Carga object (757)',1,'[{\"added\": {}}, {\"added\": {\"name\": \"remito\", \"object\": \"Remito object (896)\"}}]',11,3),(1598,'2025-12-03 20:53:28.655050','756','Carga object (756)',2,'[{\"changed\": {\"fields\": [\"HoraInicio\"]}}, {\"changed\": {\"name\": \"remito\", \"object\": \"Remito object (895)\", \"fields\": [\"Numero\", \"Remolque\"]}}]',11,3),(1599,'2025-12-03 20:55:13.582571','756','Carga object (756)',2,'[{\"changed\": {\"name\": \"remito\", \"object\": \"Remito object (895)\", \"fields\": [\"Numero\"]}}]',11,3),(1600,'2025-12-04 13:50:13.032252','758','Carga object (758)',1,'[{\"added\": {}}, {\"added\": {\"name\": \"remito\", \"object\": \"Remito object (897)\"}}]',11,3),(1601,'2025-12-04 14:33:38.862303','759','Carga object (759)',1,'[{\"added\": {}}, {\"added\": {\"name\": \"remito\", \"object\": \"Remito object (898)\"}}]',11,3),(1602,'2025-12-04 15:45:17.778802','759','Carga object (759)',2,'[{\"changed\": {\"fields\": [\"FechaInicio\", \"HoraInicio\"]}}]',11,2),(1603,'2025-12-04 16:00:50.082888','124','RemitoVarios object (124)',2,'[{\"changed\": {\"fields\": [\"Chofer\", \"Remolque\", \"Camion\", \"Fecha\"]}}]',17,2),(1604,'2025-12-04 20:07:53.249819','760','Carga object (760)',1,'[{\"added\": {}}, {\"added\": {\"name\": \"remito\", \"object\": \"Remito object (899)\"}}]',11,3),(1605,'2025-12-05 13:20:49.285599','761','Carga object (761)',1,'[{\"added\": {}}, {\"added\": {\"name\": \"remito\", \"object\": \"Remito object (900)\"}}]',11,2),(1606,'2025-12-05 13:23:20.688203','761','Carga object (761)',2,'[{\"changed\": {\"name\": \"remito\", \"object\": \"Remito object (900)\", \"fields\": [\"CantidadBarco\"]}}]',11,2),(1607,'2025-12-05 14:04:15.249044','5','TCC',1,'[{\"added\": {}}]',19,2),(1608,'2025-12-05 14:09:33.538993','5','TCC',2,'[{\"changed\": {\"fields\": [\"Cuit\"]}}]',19,2),(1609,'2025-12-05 14:09:41.930883','4','MAR',2,'[]',19,2),(1610,'2025-12-05 14:11:24.144434','127','RemitoVarios object (127)',1,'[{\"added\": {}}]',17,2),(1611,'2025-12-05 15:20:09.732921','762','Carga object (762)',1,'[{\"added\": {}}, {\"added\": {\"name\": \"remito\", \"object\": \"Remito object (901)\"}}]',11,2),(1612,'2025-12-05 20:10:27.856011','763','Carga object (763)',1,'[{\"added\": {}}, {\"added\": {\"name\": \"remito\", \"object\": \"Remito object (902)\"}}]',11,5),(1613,'2025-12-09 13:08:58.305073','128','RemitoVarios object (128)',1,'[{\"added\": {}}]',17,3),(1614,'2025-12-09 14:53:58.915675','764','Carga object (764)',1,'[{\"added\": {}}, {\"added\": {\"name\": \"remito\", \"object\": \"Remito object (903)\"}}]',11,3),(1615,'2025-12-09 14:57:05.928467','765','Carga object (765)',1,'[{\"added\": {}}, {\"added\": {\"name\": \"remito\", \"object\": \"Remito object (904)\"}}]',11,3),(1616,'2025-12-09 15:02:41.260673','766','Carga object (766)',1,'[{\"added\": {}}, {\"added\": {\"name\": \"remito\", \"object\": \"Remito object (905)\"}}]',11,3),(1617,'2025-12-09 15:10:05.567424','765','Carga object (765)',2,'[{\"changed\": {\"name\": \"remito\", \"object\": \"Remito object (904)\", \"fields\": [\"Chofer\", \"Camion\", \"Remolque\"]}}]',11,3),(1618,'2025-12-09 15:12:08.852705','767','Carga object (767)',1,'[{\"added\": {}}, {\"added\": {\"name\": \"remito\", \"object\": \"Remito object (906)\"}}]',11,3),(1619,'2025-12-09 19:34:43.394758','768','Carga object (768)',1,'[{\"added\": {}}, {\"added\": {\"name\": \"remito\", \"object\": \"Remito object (907)\"}}]',11,3),(1620,'2025-12-09 19:46:01.161040','768','Carga object (768)',2,'[{\"changed\": {\"name\": \"remito\", \"object\": \"Remito object (907)\", \"fields\": [\"Chofer\", \"Camion\", \"Remolque\"]}}]',11,3),(1621,'2025-12-10 14:24:00.172888','129','RemitoVarios object (129)',1,'[{\"added\": {}}]',17,2),(1622,'2025-12-10 20:27:28.579042','764','Carga object (764)',2,'[{\"changed\": {\"fields\": [\"FechaInicio\", \"HoraInicio\"]}}]',11,3),(1623,'2025-12-11 14:17:21.416319','769','Carga object (769)',1,'[{\"added\": {}}, {\"added\": {\"name\": \"remito\", \"object\": \"Remito object (908)\"}}]',11,2),(1624,'2025-12-11 14:19:01.136394','769','Carga object (769)',2,'[{\"changed\": {\"name\": \"remito\", \"object\": \"Remito object (908)\", \"fields\": [\"Camion\"]}}]',11,2),(1625,'2025-12-11 14:41:47.177678','770','Carga object (770)',1,'[{\"added\": {}}, {\"added\": {\"name\": \"remito\", \"object\": \"Remito object (909)\"}}]',11,2),(1626,'2025-12-12 14:47:10.464319','771','Carga object (771)',1,'[{\"added\": {}}, {\"added\": {\"name\": \"remito\", \"object\": \"Remito object (910)\"}}]',11,3),(1627,'2025-12-12 14:50:00.318737','772','Carga object (772)',1,'[{\"added\": {}}, {\"added\": {\"name\": \"remito\", \"object\": \"Remito object (911)\"}}]',11,3),(1628,'2025-12-12 14:55:36.792558','130','RemitoVarios object (130)',1,'[{\"added\": {}}]',17,2),(1629,'2025-12-12 15:23:15.770863','773','Carga object (773)',1,'[{\"added\": {}}, {\"added\": {\"name\": \"remito\", \"object\": \"Remito object (912)\"}}]',11,2),(1630,'2025-12-13 12:54:53.172364','774','Carga object (774)',1,'[{\"added\": {}}, {\"added\": {\"name\": \"remito\", \"object\": \"Remito object (913)\"}}]',11,5);
/*!40000 ALTER TABLE `django_admin_log` ENABLE KEYS */;
UNLOCK TABLES;

--
-- Table structure for table `django_content_type`
--

DROP TABLE IF EXISTS `django_content_type`;
/*!40101 SET @saved_cs_client     = @@character_set_client */;
/*!50503 SET character_set_client = utf8mb4 */;
CREATE TABLE `django_content_type` (
  `id` int NOT NULL AUTO_INCREMENT,
  `app_label` varchar(100) NOT NULL,
  `model` varchar(100) NOT NULL,
  PRIMARY KEY (`id`),
  UNIQUE KEY `django_content_type_app_label_model_76bd3d3b_uniq` (`app_label`,`model`)
) ENGINE=InnoDB AUTO_INCREMENT=25 DEFAULT CHARSET=utf8mb4 COLLATE=utf8mb4_0900_ai_ci;
/*!40101 SET character_set_client = @saved_cs_client */;

--
-- Dumping data for table `django_content_type`
--

LOCK TABLES `django_content_type` WRITE;
/*!40000 ALTER TABLE `django_content_type` DISABLE KEYS */;
INSERT INTO `django_content_type` VALUES (1,'admin','logentry'),(7,'appOJR','agenciamaritima'),(8,'appOJR','armadora'),(22,'appOJR','armadorapuerto'),(9,'appOJR','barco'),(10,'appOJR','camion'),(11,'appOJR','carga'),(12,'appOJR','chofer'),(20,'appOJR','cliente'),(13,'appOJR','combustible'),(14,'appOJR','configuracion'),(21,'appOJR','contactoagencia'),(23,'appOJR','producto'),(15,'appOJR','puerto'),(24,'appOJR','rancho'),(18,'appOJR','remito'),(17,'appOJR','remitovarios'),(16,'appOJR','remolque'),(19,'appOJR','transporte'),(3,'auth','group'),(2,'auth','permission'),(4,'auth','user'),(5,'contenttypes','contenttype'),(6,'sessions','session');
/*!40000 ALTER TABLE `django_content_type` ENABLE KEYS */;
UNLOCK TABLES;

--
-- Table structure for table `django_migrations`
--

DROP TABLE IF EXISTS `django_migrations`;
/*!40101 SET @saved_cs_client     = @@character_set_client */;
/*!50503 SET character_set_client = utf8mb4 */;
CREATE TABLE `django_migrations` (
  `id` bigint NOT NULL AUTO_INCREMENT,
  `app` varchar(255) NOT NULL,
  `name` varchar(255) NOT NULL,
  `applied` datetime(6) NOT NULL,
  PRIMARY KEY (`id`)
) ENGINE=InnoDB AUTO_INCREMENT=52 DEFAULT CHARSET=utf8mb4 COLLATE=utf8mb4_0900_ai_ci;
/*!40101 SET character_set_client = @saved_cs_client */;

--
-- Dumping data for table `django_migrations`
--

LOCK TABLES `django_migrations` WRITE;
/*!40000 ALTER TABLE `django_migrations` DISABLE KEYS */;
INSERT INTO `django_migrations` VALUES (1,'contenttypes','0001_initial','2024-04-15 23:17:51.284670'),(2,'auth','0001_initial','2024-04-15 23:17:52.163460'),(3,'admin','0001_initial','2024-04-15 23:17:52.358448'),(4,'admin','0002_logentry_remove_auto_add','2024-04-15 23:17:52.371223'),(5,'admin','0003_logentry_add_action_flag_choices','2024-04-15 23:17:52.379833'),(6,'appOJR','0001_initial','2024-04-15 23:17:53.603412'),(7,'contenttypes','0002_remove_content_type_name','2024-04-15 23:17:53.730798'),(8,'auth','0002_alter_permission_name_max_length','2024-04-15 23:17:53.821765'),(9,'auth','0003_alter_user_email_max_length','2024-04-15 23:17:53.861853'),(10,'auth','0004_alter_user_username_opts','2024-04-15 23:17:53.879851'),(11,'auth','0005_alter_user_last_login_null','2024-04-15 23:17:54.012315'),(12,'auth','0006_require_contenttypes_0002','2024-04-15 23:17:54.016254'),(13,'auth','0007_alter_validators_add_error_messages','2024-04-15 23:17:54.029447'),(14,'auth','0008_alter_user_username_max_length','2024-04-15 23:17:54.170851'),(15,'auth','0009_alter_user_last_name_max_length','2024-04-15 23:17:54.284376'),(16,'auth','0010_alter_group_name_max_length','2024-04-15 23:17:54.334910'),(17,'auth','0011_update_proxy_permissions','2024-04-15 23:17:54.393397'),(18,'auth','0012_alter_user_first_name_max_length','2024-04-15 23:17:54.554382'),(19,'sessions','0001_initial','2024-04-15 23:17:54.622228'),(20,'appOJR','0002_puerto_codigoaduana','2024-04-16 13:38:00.728223'),(21,'appOJR','0003_remito_exentorancho_remito_letrarancho_and_more','2024-04-16 13:50:34.225108'),(22,'appOJR','0004_remove_remito_exentorancho_remove_remito_letrarancho_and_more','2024-04-16 21:36:18.355123'),(23,'appOJR','0005_remitovarios_producto_alter_remito_transporte_and_more','2024-04-23 22:38:12.010429'),(24,'appOJR','0006_transporte_camion_transporte','2024-04-25 22:12:16.455463'),(25,'appOJR','0007_transporte_remove_camion_transporte','2024-04-25 22:14:43.666260'),(26,'appOJR','0008_transporte_camion_transporte','2024-04-25 22:29:10.996492'),(27,'appOJR','0009_camion_transporte','2024-04-25 22:33:55.388685'),(28,'appOJR','0010_alter_carga_nrorancho','2024-04-30 20:43:32.088061'),(29,'appOJR','0011_carga_ordencompra','2024-05-06 15:52:18.641605'),(30,'appOJR','0012_configuracion_impresoraremitos','2024-05-07 21:03:01.210361'),(31,'appOJR','0013_cliente_remitovarios_observacion_and_more','2024-05-10 21:35:54.998060'),(32,'appOJR','0014_alter_remito_transporte','2024-05-10 21:35:55.011783'),(33,'appOJR','0015_alter_remitovarios_destinatario_contactoagencia','2024-05-10 21:52:49.148927'),(34,'appOJR','0016_alter_remito_cantidadbarco_and_more','2024-05-21 21:09:54.300212'),(35,'appOJR','0017_remolque_transporte_alter_remitovarios_cantidad_and_more','2024-05-21 21:09:54.641543'),(36,'appOJR','0018_alter_remito_transporte_and_more','2024-05-28 21:38:36.430195'),(37,'appOJR','0019_remitovarios_empresa','2024-05-28 21:38:36.603149'),(38,'appOJR','0020_alter_remito_transporte','2024-05-30 21:57:05.306808'),(39,'appOJR','0021_armadora_puerto_alter_remitovarios_destinatario','2024-05-30 21:57:05.650266'),(40,'appOJR','0022_remove_armadora_puerto_alter_remito_transporte_and_more','2024-05-30 22:24:29.927318'),(41,'appOJR','0023_armadorapuerto_agenciamaritima_and_more','2024-05-30 22:40:12.146754'),(42,'appOJR','0024_camion_habilitadoafip_transporte_cuit_and_more','2024-06-03 23:13:53.302914'),(43,'appOJR','0025_remito_empresa_alter_remito_transporte_and_more','2024-06-11 21:41:22.444224'),(44,'appOJR','0026_alter_carga_ordencompra_alter_remito_empresa_and_more','2024-07-10 22:09:54.267688'),(45,'appOJR','0027_alter_carga_ordencompra_alter_remito_empresa_and_more','2024-07-10 22:09:54.279351'),(46,'appOJR','0028_alter_remito_empresa_alter_remito_transporte_and_more','2024-11-29 17:13:23.014988'),(47,'appOJR','0029_producto_remitovarios_rancho_alter_remito_empresa_and_more','2025-05-06 21:50:44.161118'),(48,'appOJR','0030_producto_alter_remito_empresa_and_more','2025-05-06 21:50:44.878798'),(49,'appOJR','0031_producto_rancho_emailenviado_remitovarios_rancho_and_more','2025-05-19 21:52:19.584030'),(50,'appOJR','0032_rancho_origenmercaderia_alter_rancho_emailenviado','2025-08-04 21:35:28.512515'),(51,'appOJR','0033_remove_carga_fechahorainicio_carga_fechainicio_and_more','2025-08-18 22:06:22.150559');
/*!40000 ALTER TABLE `django_migrations` ENABLE KEYS */;
UNLOCK TABLES;

--
-- Table structure for table `django_session`
--

DROP TABLE IF EXISTS `django_session`;
/*!40101 SET @saved_cs_client     = @@character_set_client */;
/*!50503 SET character_set_client = utf8mb4 */;
CREATE TABLE `django_session` (
  `session_key` varchar(40) NOT NULL,
  `session_data` longtext NOT NULL,
  `expire_date` datetime(6) NOT NULL,
  PRIMARY KEY (`session_key`),
  KEY `django_session_expire_date_a5c62663` (`expire_date`)
) ENGINE=InnoDB DEFAULT CHARSET=utf8mb4 COLLATE=utf8mb4_0900_ai_ci;
/*!40101 SET character_set_client = @saved_cs_client */;

--
-- Dumping data for table `django_session`
--

LOCK TABLES `django_session` WRITE;
/*!40000 ALTER TABLE `django_session` DISABLE KEYS */;
INSERT INTO `django_session` VALUES ('022djbycj3juixkvmyk7plsnmxrriqmx','.eJxVjDsOwjAQBe_iGllO5E9MSc8ZrN31Lg4gW4qTCnF3iJQC2jcz76USbGtJW-clzVmd1ahOvxsCPbjuIN-h3pqmVtdlRr0r-qBdX1vm5-Vw_w4K9PKtyRANmVmMC95NgsDWCAU7WopeACZmii6iFQyDkGWLDE6EjASDXr0_IhI5ug:1swkQd:M0yMIfBgfiARLnd5SowH4TjyEkaHKrDmkpssbK-njU4','2024-10-18 15:41:15.679359'),('02btfzh00habooh5vhs19yaeb9l96z4h','.eJxVjEEOwiAQRe_C2pBSKBSX7nsGMgMzUjWQlHZlvLtt0oVu_3vvv0WAbc1ha7SEOYmr0OLyuyHEJ5UDpAeUe5WxlnWZUR6KPGmTU030up3u30GGlvc6OvREUbsRKHmDzISslbesGWOnlCZE2zmKqmfDQ79zSKMDY9VgjRefLymGOS4:1vG4Bf:xN1MB2nBtMsfveJK40-h_dYn94bNun4qSGwkkfMbkTE','2025-11-17 23:42:11.043035'),('08zeifb13lg7n1xmo0jshjeymctpoxuu','.eJxVjDsOwjAQBe_iGllO5E9MSc8ZrN31Lg4gW4qTCnF3iJQC2jcz76USbGtJW-clzVmd1ahOvxsCPbjuIN-h3pqmVtdlRr0r-qBdX1vm5-Vw_w4K9PKtyRANmVmMC95NgsDWCAU7WopeACZmii6iFQyDkGWLDE6EjASDXr0_IhI5ug:1t4gFo:fZ6ppE3NxhHMZiUpelbABmiEqTJbVaEazgpzI4GctLA','2024-11-09 12:50:52.810240'),('0at5huy9xcmoovra6nqhi6e1h7x63msy','.eJxVjDsOwjAQBe_iGllO5E9MSc8ZrN31Lg4gW4qTCnF3iJQC2jcz76USbGtJW-clzVmd1ahOvxsCPbjuIN-h3pqmVtdlRr0r-qBdX1vm5-Vw_w4K9PKtyRANmVmMC95NgsDWCAU7WopeACZmii6iFQyDkGWLDE6EjASDXr0_IhI5ug:1t7z1x:12Iw5d9P8-Kg3l18AJ-Hx4jesmOpT3ptyAWcf1u-JW0','2024-11-18 15:30:13.520615'),('0beet4ambhx9bsg8ij5yiz83r6be60p8','.eJxVjDsOwjAQBe_iGllO5E9MSc8ZrN31Lg4gW4qTCnF3iJQC2jcz76USbGtJW-clzVmd1ahOvxsCPbjuIN-h3pqmVtdlRr0r-qBdX1vm5-Vw_w4K9PKtyRANmVmMC95NgsDWCAU7WopeACZmii6iFQyDkGWLDE6EjASDXr0_IhI5ug:1ueYSv:YVVUKvDF3Ivcds14DH1lAfBboWdA4BHnOjULylloyuA','2025-08-06 12:20:57.680881'),('0bidgr1ncpwkittvggyvsngty9qq1voy','.eJxVjDkOwjAUBe_iGlm2FS-hpOcM1t-MA8iWslSIu0OkFNC-mXkvlWFba94WmfPE6qy8Ov1uCPSQtgO-Q7t1Tb2t84R6V_RBF33tLM_L4f4dVFjqt0aKAgHS4KKUMCIOzpQA0QEBj5a8FJ8AClsyAzNRcqOwNc4aLISg3h8c1Dmc:1tC4uE:W_Zl6uUJUW6OSQXePA5oDfJbaRZHPCYJTvadvO25AgM','2024-11-29 22:35:10.656920'),('0dxa4byudrg354jvk91mm3sg6arwtcw3','.eJxVjEEOwiAQRe_C2pBSKBSX7nsGMgMzUjWQlHZlvLtt0oVu_3vvv0WAbc1ha7SEOYmr0OLyuyHEJ5UDpAeUe5WxlnWZUR6KPGmTU030up3u30GGlvc6OvREUbsRKHmDzISslbesGWOnlCZE2zmKqmfDQ79zSKMDY9VgjRefLymGOS4:1tXhco:KpoYBMQpfNX1nbZKF7LosxtmUe9OWi_2TGlqcrtiSRQ','2025-01-28 14:10:34.723540'),('0mr2ihtews9hk0zf27mpzqx87lm48pav','.eJxVjDsOwjAQBe_iGllO5E9MSc8ZrN31Lg4gW4qTCnF3iJQC2jcz76USbGtJW-clzVmd1ahOvxsCPbjuIN-h3pqmVtdlRr0r-qBdX1vm5-Vw_w4K9PKtyRANmVmMC95NgsDWCAU7WopeACZmii6iFQyDkGWLDE6EjASDXr0_IhI5ug:1tskZa:Slny_UA0Kcpd6hTxG9CAU2ZWHrsvLfAL4TdJatA8CJw','2025-03-27 15:34:14.873792'),('1b7ezn51eqzb0qo97e3sec5uzzy2zsji','.eJxVjDsOwjAQBe_iGllO5E9MSc8ZrN31Lg4gW4qTCnF3iJQC2jcz76USbGtJW-clzVmd1ahOvxsCPbjuIN-h3pqmVtdlRr0r-qBdX1vm5-Vw_w4K9PKtyRANmVmMC95NgsDWCAU7WopeACZmii6iFQyDkGWLDE6EjASDXr0_IhI5ug:1ujHr3:AwlNb17fM12GZetrvPuLERiN_1WETF46Hz_sHEVYM80','2025-08-19 13:37:25.907073'),('1bdg2jqh91i8gm291zngcjdqer8s38jx','.eJxVjMsOwiAQRf-FtSEDnfJw6d5vIFNgpGogKe3K-O_apAvd3nPOfYlA21rC1vMS5iTOAsXpd5soPnLdQbpTvTUZW12XeZK7Ig_a5bWl_Lwc7t9BoV6-tbXGT-wZtdVKaXBM5IAYR2dUhOwRwOfoNAwugvVp4OiMRUbreUQQ7w_AtjbO:1sbRpE:HvOY2riVtmqzwaRD3K48ranll067cmWWkkjZ86PXU_A','2024-08-20 21:34:36.895020'),('1blrgk2he33vxvawkrd0tmn6fq3fhnt5','.eJxVjDsOwjAQBe_iGllO5E9MSc8ZrN31Lg4gW4qTCnF3iJQC2jcz76USbGtJW-clzVmd1ahOvxsCPbjuIN-h3pqmVtdlRr0r-qBdX1vm5-Vw_w4K9PKtyRANmVmMC95NgsDWCAU7WopeACZmii6iFQyDkGWLDE6EjASDXr0_IhI5ug:1sy9Rt:B0vMY3SXtyhllOfrn1c0XkwxDL1e6f5vwqRH84M1sPM','2024-10-22 12:36:21.240314'),('22m2gqigi4d3ecg8vmxzqjztjq33wuco','.eJxVjDsOwjAQBe_iGllO5E9MSc8ZrN31Lg4gW4qTCnF3iJQC2jcz76USbGtJW-clzVmd1ahOvxsCPbjuIN-h3pqmVtdlRr0r-qBdX1vm5-Vw_w4K9PKtyRANmVmMC95NgsDWCAU7WopeACZmii6iFQyDkGWLDE6EjASDXr0_IhI5ug:1v6WTQ:74Q2JAgXKLTZjq-YfU9INFpMoBAPr3BvJE28S_ax8p8','2025-10-22 15:53:04.728051'),('23o8iycieph2043xotxj8jj5ejn9z8vq','.eJxVjDsOwjAQBe_iGllO5E9MSc8ZrN31Lg4gW4qTCnF3iJQC2jcz76USbGtJW-clzVmd1ahOvxsCPbjuIN-h3pqmVtdlRr0r-qBdX1vm5-Vw_w4K9PKtyRANmVmMC95NgsDWCAU7WopeACZmii6iFQyDkGWLDE6EjASDXr0_IhI5ug:1t7DTe:sSbqQeay4UcF6NTcMpMSWBlgAiFINz9zPzMJWRZnQJI','2024-11-16 12:43:38.959609'),('24t68qwall94yhk307hdazb2v7wufjjl','.eJxVjDkOwjAUBe_iGlm2FS-hpOcM1t-MA8iWslSIu0OkFNC-mXkvlWFba94WmfPE6qy8Ov1uCPSQtgO-Q7t1Tb2t84R6V_RBF33tLM_L4f4dVFjqt0aKAgHS4KKUMCIOzpQA0QEBj5a8FJ8AClsyAzNRcqOwNc4aLISg3h8c1Dmc:1tRX3F:20yx951x41F34PjnowypF9AahM-80u5cdXcBlkRXARs','2025-01-11 13:40:21.796955'),('2fvl37acy1x5pblj20y8zirj1ggrvhf0','.eJxVjDsOwjAQBe_iGllO5E9MSc8ZrN31Lg4gW4qTCnF3iJQC2jcz76USbGtJW-clzVmd1ahOvxsCPbjuIN-h3pqmVtdlRr0r-qBdX1vm5-Vw_w4K9PKtyRANmVmMC95NgsDWCAU7WopeACZmii6iFQyDkGWLDE6EjASDXr0_IhI5ug:1s40I0:LGVWS-kyM1zf9CeQTvBD75Iurh9P7wac33-MsuklUCc','2024-05-20 15:30:04.695777'),('2lr3njg1r23hldyi0hjnmbxwss6825ri','.eJxVjDsOwjAQBe_iGllO5E9MSc8ZrN31Lg4gW4qTCnF3iJQC2jcz76USbGtJW-clzVmd1ahOvxsCPbjuIN-h3pqmVtdlRr0r-qBdX1vm5-Vw_w4K9PKtyRANmVmMC95NgsDWCAU7WopeACZmii6iFQyDkGWLDE6EjASDXr0_IhI5ug:1uUQrS:0ByHjoZ5XEgv81IAtSudFh5uthnS60d43mqjuHZBCSo','2025-07-09 14:12:26.243664'),('2tkwpv92tyk59cxx1qwmomavk54to11a','.eJxVjDsOwjAQBe_iGllO5E9MSc8ZrN31Lg4gW4qTCnF3iJQC2jcz76USbGtJW-clzVmd1ahOvxsCPbjuIN-h3pqmVtdlRr0r-qBdX1vm5-Vw_w4K9PKtyRANmVmMC95NgsDWCAU7WopeACZmii6iFQyDkGWLDE6EjASDXr0_IhI5ug:1slpFA:D9JF4zaxQ4lyuA5uMLz3i9em3ytfPXJEw2kYQr6DQdI','2024-09-18 12:36:16.269935'),('2tn293ugtv7rjqiilx9fqfhit5b2yvjk','.eJxVjMsOwiAQRf-FtSEDnfJw6d5vIFNgpGogKe3K-O_apAvd3nPOfYlA21rC1vMS5iTOAsXpd5soPnLdQbpTvTUZW12XeZK7Ig_a5bWl_Lwc7t9BoV6-tbXGT-wZtdVKaXBM5IAYR2dUhOwRwOfoNAwugvVp4OiMRUbreUQQ7w_AtjbO:1tTRsd:1qD85yZd3cpS-oHLCCNcvXj0cWOrOf9Me6Anlwi-Cfg','2025-01-16 20:33:19.979985'),('2zv59q3sil5u3nv7sd9ss6x1jn9xp6r5','.eJxVjDkOwjAUBe_iGlm2FS-hpOcM1t-MA8iWslSIu0OkFNC-mXkvlWFba94WmfPE6qy8Ov1uCPSQtgO-Q7t1Tb2t84R6V_RBF33tLM_L4f4dVFjqt0aKAgHS4KKUMCIOzpQA0QEBj5a8FJ8AClsyAzNRcqOwNc4aLISg3h8c1Dmc:1v0LYz:B0ItpttrYDDfzyakMdwRElE-Dgnkfvk7Cmd51FWusF8','2025-10-05 15:01:17.433120'),('34v268rsu9f8uazs5ale3l8unxd4zdmh','.eJxVjDsOwjAQBe_iGllO5E9MSc8ZrN31Lg4gW4qTCnF3iJQC2jcz76USbGtJW-clzVmd1ahOvxsCPbjuIN-h3pqmVtdlRr0r-qBdX1vm5-Vw_w4K9PKtyRANmVmMC95NgsDWCAU7WopeACZmii6iFQyDkGWLDE6EjASDXr0_IhI5ug:1uXMAO:1K-BsuhJRB6Ut5OPAt8l5IEPoHVqP-4wM73K6WYOOl4','2025-07-17 15:48:04.333991'),('34yaofbj4kkxy2jjco5vrpa7uvdn2h98','.eJxVjDsOwjAQBe_iGllO5E9MSc8ZrN31Lg4gW4qTCnF3iJQC2jcz76USbGtJW-clzVmd1ahOvxsCPbjuIN-h3pqmVtdlRr0r-qBdX1vm5-Vw_w4K9PKtyRANmVmMC95NgsDWCAU7WopeACZmii6iFQyDkGWLDE6EjASDXr0_IhI5ug:1ujdvi:2iy-WHZ2QospoY7_3-dmsPH3yohH6fckyOietxnjoGs','2025-08-20 13:11:42.380274'),('3gao2uweyn394t0wzbqgp3k7bhpwb9hq','.eJxVjDsOwjAQRO_iGlnrP6Gk5wzWrtfGAeRIcVIh7k4ipYBqpHlv5i0irkuNa89zHFlchBKn344wPXPbAT-w3SeZprbMI8ldkQft8jZxfl0P9--gYq_b-mzRuYyZkjFhC4dYFDHAkLQjXcD6BJk1J-OsAx8KGQY_GO1VIAji8wUGNjgR:1tH4a9:ZVjId-mIwiyR-MTFNG0EqkuBXFYIxN5Nss2GVgS2_Xw','2024-12-13 17:15:05.124370'),('3sxvh0wzmksbinixjsyxp0azleu6ls1n','.eJxVjDsOwjAQBe_iGllO5E9MSc8ZrN31Lg4gW4qTCnF3iJQC2jcz76USbGtJW-clzVmd1ahOvxsCPbjuIN-h3pqmVtdlRr0r-qBdX1vm5-Vw_w4K9PKtyRANmVmMC95NgsDWCAU7WopeACZmii6iFQyDkGWLDE6EjASDXr0_IhI5ug:1uU4w8:sa5Oet-uGshs9neKat6a5v547fBNtwCLrjwiJCk54Kw','2025-07-08 14:47:48.732187'),('3wavj2ff2oqqjuk59rq5ax6atl2wo9y1','.eJxVjDsOwjAQBe_iGllO5E9MSc8ZrN31Lg4gW4qTCnF3iJQC2jcz76USbGtJW-clzVmd1ahOvxsCPbjuIN-h3pqmVtdlRr0r-qBdX1vm5-Vw_w4K9PKtyRANmVmMC95NgsDWCAU7WopeACZmii6iFQyDkGWLDE6EjASDXr0_IhI5ug:1tl7h2:1zht6msSUINZL676-j7IXsw2Z3mSD55etTQvA0iOHQ4','2025-03-06 14:38:24.450179'),('3ycia9xixn6i8gwbtj050k8aaeag9olr','.eJxVjDsOwjAQBe_iGllO5E9MSc8ZrN31Lg4gW4qTCnF3iJQC2jcz76USbGtJW-clzVmd1ahOvxsCPbjuIN-h3pqmVtdlRr0r-qBdX1vm5-Vw_w4K9PKtyRANmVmMC95NgsDWCAU7WopeACZmii6iFQyDkGWLDE6EjASDXr0_IhI5ug:1uA9dk:9Z99CIevLZwPfYYddA-r96xa6yDjcWNb2E_l05kpWyQ','2025-05-14 15:46:28.815399'),('41w7l3cykr3q8g98wn6yoqtrqdt6rtlj','.eJxVjDkOwjAUBe_iGlm2FS-hpOcM1t-MA8iWslSIu0OkFNC-mXkvlWFba94WmfPE6qy8Ov1uCPSQtgO-Q7t1Tb2t84R6V_RBF33tLM_L4f4dVFjqt0aKAgHS4KKUMCIOzpQA0QEBj5a8FJ8AClsyAzNRcqOwNc4aLISg3h8c1Dmc:1uC3Pg:IGcbODF5brvKRdyi-COxGQX3aoCmQuTyNCW4Sb7N97k','2025-05-19 21:31:48.475105'),('46jcp900y5dwranv4sztxaggfl7ladeu','.eJxVjMsOwiAQRf-FtSEDnfJw6d5vIFNgpGogKe3K-O_apAvd3nPOfYlA21rC1vMS5iTOAsXpd5soPnLdQbpTvTUZW12XeZK7Ig_a5bWl_Lwc7t9BoV6-tbXGT-wZtdVKaXBM5IAYR2dUhOwRwOfoNAwugvVp4OiMRUbreUQQ7w_AtjbO:1u2FXq:jechp--tr106VhA-zxTmgbsgzAyGJBjHLx1xW13OQVQ','2025-04-22 20:27:42.798064'),('48imijvpgl4dclmzz62ui1kn2710y1up','.eJxVjDkOwjAUBe_iGlm2FS-hpOcM1t-MA8iWslSIu0OkFNC-mXkvlWFba94WmfPE6qy8Ov1uCPSQtgO-Q7t1Tb2t84R6V_RBF33tLM_L4f4dVFjqt0aKAgHS4KKUMCIOzpQA0QEBj5a8FJ8AClsyAzNRcqOwNc4aLISg3h8c1Dmc:1rxZe5:H07kcHMRv86LSbTpMyy3_c98nxdKxDZJ0v-BhajmJBo','2024-05-02 21:50:17.184891'),('49z5w03r8bsd9wiq7hk6tqk4dbqnwey0','.eJxVjDsOwjAQRO_iGlnrP6Gk5wzWrtfGAeRIcVIh7k4ipYBqpHlv5i0irkuNa89zHFlchBKn344wPXPbAT-w3SeZprbMI8ldkQft8jZxfl0P9--gYq_b-mzRuYyZkjFhC4dYFDHAkLQjXcD6BJk1J-OsAx8KGQY_GO1VIAji8wUGNjgR:1uz0iC:87uMswMCh6Qg79sJ7E56G5snT7qi-j_ho7yzKgKetPY','2025-10-01 22:33:16.633835'),('4bsfzngl775qcdb9kq1hf3pzr1wa59ak','.eJxVjDsOwjAQBe_iGllO5E9MSc8ZrN31Lg4gW4qTCnF3iJQC2jcz76USbGtJW-clzVmd1ahOvxsCPbjuIN-h3pqmVtdlRr0r-qBdX1vm5-Vw_w4K9PKtyRANmVmMC95NgsDWCAU7WopeACZmii6iFQyDkGWLDE6EjASDXr0_IhI5ug:1sYS4d:gnVyItDBcWviLi9lqdp-XEEMmvzxz9PWaqvs3SnexOA','2024-08-12 15:14:07.307450'),('4i78d9hdgu61kdzioyif294hha0rq95y','.eJxVjEEOwiAQRe_C2pBSKBSX7nsGMgMzUjWQlHZlvLtt0oVu_3vvv0WAbc1ha7SEOYmr0OLyuyHEJ5UDpAeUe5WxlnWZUR6KPGmTU030up3u30GGlvc6OvREUbsRKHmDzISslbesGWOnlCZE2zmKqmfDQ79zSKMDY9VgjRefLymGOS4:1tdUZZ:QnmQRJ5n6vOJ7e6YXnSG7t_mldrkmqzVMqXyEPCcipc','2025-02-13 13:27:09.930602'),('4mnucxc9x0lhphpvzbes9kvedz53chm7','.eJxVjDsOwjAQBe_iGllO5E9MSc8ZrN31Lg4gW4qTCnF3iJQC2jcz76USbGtJW-clzVmd1ahOvxsCPbjuIN-h3pqmVtdlRr0r-qBdX1vm5-Vw_w4K9PKtyRANmVmMC95NgsDWCAU7WopeACZmii6iFQyDkGWLDE6EjASDXr0_IhI5ug:1s40iB:6rFCefwd58SpjmGY19K6suR8S8vBm7w63bmO_VKMaKA','2024-05-20 15:57:07.451783'),('4ny4bqyzt22nj2fqwbutalm671m7p31r','.eJxVjDsOwjAQBe_iGllO5E9MSc8ZrN31Lg4gW4qTCnF3iJQC2jcz76USbGtJW-clzVmd1ahOvxsCPbjuIN-h3pqmVtdlRr0r-qBdX1vm5-Vw_w4K9PKtyRANmVmMC95NgsDWCAU7WopeACZmii6iFQyDkGWLDE6EjASDXr0_IhI5ug:1umtZj:P0db5Dx8jbPLMvDgrfEh4xZ4JwFwKHn7i0vXA5cV88c','2025-08-29 12:30:27.733880'),('4rk4u21zxpkp2jmeqe1zw85bnigufnbg','.eJxVjDsOwjAQBe_iGllO5E9MSc8ZrN31Lg4gW4qTCnF3iJQC2jcz76USbGtJW-clzVmd1ahOvxsCPbjuIN-h3pqmVtdlRr0r-qBdX1vm5-Vw_w4K9PKtyRANmVmMC95NgsDWCAU7WopeACZmii6iFQyDkGWLDE6EjASDXr0_IhI5ug:1uWEII:z2QZpmhNaQnpmY43jasF3CAQZNQxPAvR-0WsgMKv2sY','2025-07-14 13:11:34.043384'),('4rxb0hg75dbsneqydcr1704tpkdtwxlg','.eJxVjDkOwjAUBe_iGlm2FS-hpOcM1t-MA8iWslSIu0OkFNC-mXkvlWFba94WmfPE6qy8Ov1uCPSQtgO-Q7t1Tb2t84R6V_RBF33tLM_L4f4dVFjqt0aKAgHS4KKUMCIOzpQA0QEBj5a8FJ8AClsyAzNRcqOwNc4aLISg3h8c1Dmc:1tjo1O:68o5tPCPvj8ghs5aL9Z5VXBDqL3L_gWLRzEKCa-7GLI','2025-03-02 23:25:58.787219'),('4s45s0w9f2qonijihlnjvgjea5n71td1','.eJxVjDkOwjAUBe_iGlm2FS-hpOcM1t-MA8iWslSIu0OkFNC-mXkvlWFba94WmfPE6qy8Ov1uCPSQtgO-Q7t1Tb2t84R6V_RBF33tLM_L4f4dVFjqt0aKAgHS4KKUMCIOzpQA0QEBj5a8FJ8AClsyAzNRcqOwNc4aLISg3h8c1Dmc:1sVIXo:XDV2_e3I-qpd1A0QSZc3U7UX1DuSYG5OB3sdNBF6drk','2024-08-03 22:27:12.523854'),('4xglus03wxd6rmttkqtevfegu2nd0o9t','.eJxVjDsOwjAQBe_iGllO5E9MSc8ZrN31Lg4gW4qTCnF3iJQC2jcz76USbGtJW-clzVmd1ahOvxsCPbjuIN-h3pqmVtdlRr0r-qBdX1vm5-Vw_w4K9PKtyRANmVmMC95NgsDWCAU7WopeACZmii6iFQyDkGWLDE6EjASDXr0_IhI5ug:1t3G0m:t56KV_iuD8edPgQcufalrs3I7M1qhf3aUKwUBV9OQx0','2024-11-05 14:37:28.304539'),('4yhh6wm67wmomrk668zut7a1je55hp7q','.eJxVjDsOwjAQBe_iGllO5E9MSc8ZrN31Lg4gW4qTCnF3iJQC2jcz76USbGtJW-clzVmd1ahOvxsCPbjuIN-h3pqmVtdlRr0r-qBdX1vm5-Vw_w4K9PKtyRANmVmMC95NgsDWCAU7WopeACZmii6iFQyDkGWLDE6EjASDXr0_IhI5ug:1sec9r:W94ryijbs6RCEOeVCuQo0ayRlfWcuRFOtCKpG8yv9LI','2024-08-29 15:12:59.367218'),('4zijh2n9nlbdwzuq0x9v1g589f8g5axf','.eJxVjDsOwjAQBe_iGllO5E9MSc8ZrN31Lg4gW4qTCnF3iJQC2jcz76USbGtJW-clzVmd1ahOvxsCPbjuIN-h3pqmVtdlRr0r-qBdX1vm5-Vw_w4K9PKtyRANmVmMC95NgsDWCAU7WopeACZmii6iFQyDkGWLDE6EjASDXr0_IhI5ug:1t8gOi:2udmhZJxhY7DkwhMio3iK-DaGRQPj_58YfX_uUrxqLw','2024-11-20 13:48:36.084696'),('5096qnyg7outf4nyyamtsbiin4m0hfhv','.eJxVjDsOwjAQBe_iGllO5E9MSc8ZrN31Lg4gW4qTCnF3iJQC2jcz76USbGtJW-clzVmd1ahOvxsCPbjuIN-h3pqmVtdlRr0r-qBdX1vm5-Vw_w4K9PKtyRANmVmMC95NgsDWCAU7WopeACZmii6iFQyDkGWLDE6EjASDXr0_IhI5ug:1tlsTL:_YB_itG1e5frDH0DUQhRws5MTS-R84QWWdM5epD_5n4','2025-03-08 16:35:23.046543'),('50kgt5ry7smysyht1k7uetp752wvyyf0','.eJxVjDsOwjAQBe_iGllO5E9MSc8ZrN31Lg4gW4qTCnF3iJQC2jcz76USbGtJW-clzVmd1ahOvxsCPbjuIN-h3pqmVtdlRr0r-qBdX1vm5-Vw_w4K9PKtyRANmVmMC95NgsDWCAU7WopeACZmii6iFQyDkGWLDE6EjASDXr0_IhI5ug:1u3cg6:98U2Lo4sEhanAxCfl0sL0QK5UF7-6S98VOBEHL6givQ','2025-04-26 15:21:54.632328'),('5211lehw4nyaochdhxlz03xp5buzz2j4','.eJxVjDsOwjAQBe_iGllO5E9MSc8ZrN31Lg4gW4qTCnF3iJQC2jcz76USbGtJW-clzVmd1ahOvxsCPbjuIN-h3pqmVtdlRr0r-qBdX1vm5-Vw_w4K9PKtyRANmVmMC95NgsDWCAU7WopeACZmii6iFQyDkGWLDE6EjASDXr0_IhI5ug:1vQnPV:m3I0kSqMRcrRg0Z-Gm0BLO88qUfxlJTFbwWUNbULDBw','2025-12-17 14:00:49.646769'),('5b3509t76u7llqzyy9177sdd1j4cmv50','.eJxVjEEOwiAQRe_C2pBSKBSX7nsGMgMzUjWQlHZlvLtt0oVu_3vvv0WAbc1ha7SEOYmr0OLyuyHEJ5UDpAeUe5WxlnWZUR6KPGmTU030up3u30GGlvc6OvREUbsRKHmDzISslbesGWOnlCZE2zmKqmfDQ79zSKMDY9VgjRefLymGOS4:1uO033:gTSE9GuDGvAEmyLvc1n74ixnpc6bh0Zqox19xQ-Jnq4','2025-06-21 20:21:49.805594'),('5jc60a94hg052h2uljssiacmk71waibv','.eJxVjDkOwjAUBe_iGlm2FS-hpOcM1t-MA8iWslSIu0OkFNC-mXkvlWFba94WmfPE6qy8Ov1uCPSQtgO-Q7t1Tb2t84R6V_RBF33tLM_L4f4dVFjqt0aKAgHS4KKUMCIOzpQA0QEBj5a8FJ8AClsyAzNRcqOwNc4aLISg3h8c1Dmc:1uJen1:f0vAdW5w_mi1ZElb0ctVCi6MoqBZQFjHKFTvAUsFef4','2025-06-09 20:51:19.163231'),('5khfx5g27msy6xovs7dhrq6smu16wz77','.eJxVjDsOwjAQBe_iGllO5E9MSc8ZrN31Lg4gW4qTCnF3iJQC2jcz76USbGtJW-clzVmd1ahOvxsCPbjuIN-h3pqmVtdlRr0r-qBdX1vm5-Vw_w4K9PKtyRANmVmMC95NgsDWCAU7WopeACZmii6iFQyDkGWLDE6EjASDXr0_IhI5ug:1ux26y:elS1-EF9pN2c0L9Eqym81NGGiPWn4F2YfEC-dY1WRW8','2025-09-26 11:38:40.158432'),('5lh7eaygfop0xqikywvmomhjlllivn7l','.eJxVjDsOwjAQBe_iGllO5E9MSc8ZrN31Lg4gW4qTCnF3iJQC2jcz76USbGtJW-clzVmd1ahOvxsCPbjuIN-h3pqmVtdlRr0r-qBdX1vm5-Vw_w4K9PKtyRANmVmMC95NgsDWCAU7WopeACZmii6iFQyDkGWLDE6EjASDXr0_IhI5ug:1to3NN:uh0UoRxz6n49T5-D12j2LYMpL7FQjCSWWzO1xGKHxKk','2025-03-14 16:38:13.357736'),('5rvrp8m7x3fbrcd395v3b93kswxzx3dp','.eJxVjDsOwjAQBe_iGllO5E9MSc8ZrN31Lg4gW4qTCnF3iJQC2jcz76USbGtJW-clzVmd1ahOvxsCPbjuIN-h3pqmVtdlRr0r-qBdX1vm5-Vw_w4K9PKtyRANmVmMC95NgsDWCAU7WopeACZmii6iFQyDkGWLDE6EjASDXr0_IhI5ug:1uqVn0:gTPHYMgr1r5pptQSqhviVD72nzGoOeyYjMib1Zu2y2A','2025-09-08 11:55:06.461223'),('5tf6nybkzlrwre3y40yl942zr1jmh7ae','.eJxVjEEOwiAQRe_C2pBSKBSX7nsGMgMzUjWQlHZlvLtt0oVu_3vvv0WAbc1ha7SEOYmr0OLyuyHEJ5UDpAeUe5WxlnWZUR6KPGmTU030up3u30GGlvc6OvREUbsRKHmDzISslbesGWOnlCZE2zmKqmfDQ79zSKMDY9VgjRefLymGOS4:1tDMpL:juXgjTQ-oyeFY6nTw66YUxzg1wyGEg4i2MHwIXtkF2w','2024-12-03 11:55:27.601955'),('6075tga7ra815obxorkkokf5lw427zb0','.eJxVjDsOwjAQBe_iGllO5E9MSc8ZrN31Lg4gW4qTCnF3iJQC2jcz76USbGtJW-clzVmd1ahOvxsCPbjuIN-h3pqmVtdlRr0r-qBdX1vm5-Vw_w4K9PKtyRANmVmMC95NgsDWCAU7WopeACZmii6iFQyDkGWLDE6EjASDXr0_IhI5ug:1txndK:bOY6CaM-lGYADIuKsbcymwNhqvgFN2mPhaXkNdFm22E','2025-04-10 13:50:58.625231'),('63dolozsdezppewuv2n60ke3alq3sjkk','.eJxVjEEOwiAQRe_C2pBSKBSX7nsGMgMzUjWQlHZlvLtt0oVu_3vvv0WAbc1ha7SEOYmr0OLyuyHEJ5UDpAeUe5WxlnWZUR6KPGmTU030up3u30GGlvc6OvREUbsRKHmDzISslbesGWOnlCZE2zmKqmfDQ79zSKMDY9VgjRefLymGOS4:1uoqme:mgbOlCfHvYHXuileVUh06WOWoPEp3fZ4t6tsphtUZ7E','2025-09-03 21:55:52.946927'),('64xgptd1avo1zhxq7vlcby6k59vqlhk1','.eJxVjDsOwjAQBe_iGllO5E9MSc8ZrN31Lg4gW4qTCnF3iJQC2jcz76USbGtJW-clzVmd1ahOvxsCPbjuIN-h3pqmVtdlRr0r-qBdX1vm5-Vw_w4K9PKtyRANmVmMC95NgsDWCAU7WopeACZmii6iFQyDkGWLDE6EjASDXr0_IhI5ug:1tTMN8:SsHwj2tluSJM7sbaci46lpL3ZBUxEZsplMBxRrnAsnc','2025-01-16 14:40:26.757019'),('6ha24iwsrpg1gj8r68sbizrg1qsc9xl9','.eJxVjDsOwjAQBe_iGllO5E9MSc8ZrN31Lg4gW4qTCnF3iJQC2jcz76USbGtJW-clzVmd1ahOvxsCPbjuIN-h3pqmVtdlRr0r-qBdX1vm5-Vw_w4K9PKtyRANmVmMC95NgsDWCAU7WopeACZmii6iFQyDkGWLDE6EjASDXr0_IhI5ug:1t4Iqp:Hg8flJ_8rIaDYNTkRgB7ATORSfv1rNFG_XOk_tnKjnA','2024-11-08 11:51:31.493467'),('6uhbh92e1q39s5cnilp1oiyq2zxw0k3p','.eJxVjDsOwjAQBe_iGllO5E9MSc8ZrN31Lg4gW4qTCnF3iJQC2jcz76USbGtJW-clzVmd1ahOvxsCPbjuIN-h3pqmVtdlRr0r-qBdX1vm5-Vw_w4K9PKtyRANmVmMC95NgsDWCAU7WopeACZmii6iFQyDkGWLDE6EjASDXr0_IhI5ug:1tmbW0:wQCtZjgf5CzcAxF5AVLRSioY31mNEvbzwZ7Xr0ciPQo','2025-03-10 16:41:08.813214'),('6x2c1fzz2db6gkbyvby3rgba6l5px5ni','.eJxVjDsOwjAQBe_iGllO5E9MSc8ZrN31Lg4gW4qTCnF3iJQC2jcz76USbGtJW-clzVmd1ahOvxsCPbjuIN-h3pqmVtdlRr0r-qBdX1vm5-Vw_w4K9PKtyRANmVmMC95NgsDWCAU7WopeACZmii6iFQyDkGWLDE6EjASDXr0_IhI5ug:1tMS02:ksQFCk9yWBhu_9HVSUGp3QCibBMes2m-Gu8oWay4x6M','2024-12-28 13:16:02.016236'),('77bh0ekpsn9rb0h0d8v98lknl7z1jmqp','.eJxVjDsOwjAQBe_iGllO5E9MSc8ZrN31Lg4gW4qTCnF3iJQC2jcz76USbGtJW-clzVmd1ahOvxsCPbjuIN-h3pqmVtdlRr0r-qBdX1vm5-Vw_w4K9PKtyRANmVmMC95NgsDWCAU7WopeACZmii6iFQyDkGWLDE6EjASDXr0_IhI5ug:1u3Gxo:qtmIpE8LnJ_9jKL5nAvHqZ3yxv4MxxYHCWU54YTNdSo','2025-04-25 16:10:44.146406'),('78g8hzex39pg16lyey2i3gwwqzh8aylc','.eJxVjDsOwjAQBe_iGllO5E9MSc8ZrN31Lg4gW4qTCnF3iJQC2jcz76USbGtJW-clzVmd1ahOvxsCPbjuIN-h3pqmVtdlRr0r-qBdX1vm5-Vw_w4K9PKtyRANmVmMC95NgsDWCAU7WopeACZmii6iFQyDkGWLDE6EjASDXr0_IhI5ug:1st4LQ:rM3ZfE0hsfU8yJa2mncm09i13gWqTuJjrXyIDmw3xlk','2024-10-08 12:08:40.407006'),('7953dh0peat2wdmu8g940dxvanyhh4mt','.eJxVjDsOwjAQBe_iGllO5E9MSc8ZrN31Lg4gW4qTCnF3iJQC2jcz76USbGtJW-clzVmd1ahOvxsCPbjuIN-h3pqmVtdlRr0r-qBdX1vm5-Vw_w4K9PKtyRANmVmMC95NgsDWCAU7WopeACZmii6iFQyDkGWLDE6EjASDXr0_IhI5ug:1urb1h:lhNBedB4ZaH26CXhKxBU4-wgchiU0ZwihkBKvkSfyrM','2025-09-11 11:42:45.586201'),('7c3jjc1tcmb7yo8hcuhzsxcmh26o2q09','.eJxVjDsOwjAQBe_iGllO5E9MSc8ZrN31Lg4gW4qTCnF3iJQC2jcz76USbGtJW-clzVmd1ahOvxsCPbjuIN-h3pqmVtdlRr0r-qBdX1vm5-Vw_w4K9PKtyRANmVmMC95NgsDWCAU7WopeACZmii6iFQyDkGWLDE6EjASDXr0_IhI5ug:1sZUCy:TC8Q9RhO_h4kbsxuBvM4jmT60-nD2DrMQ5Gqmax7eYg','2024-08-15 11:43:00.892125'),('7febupvygeo6v1fmwxcw6l121lzfg1zg','.eJxVjDsOwjAQBe_iGllO5E9MSc8ZrN31Lg4gW4qTCnF3iJQC2jcz76USbGtJW-clzVmd1ahOvxsCPbjuIN-h3pqmVtdlRr0r-qBdX1vm5-Vw_w4K9PKtyRANmVmMC95NgsDWCAU7WopeACZmii6iFQyDkGWLDE6EjASDXr0_IhI5ug:1sUQTU:V8FUglpLIFtg4nVyVJcooMk-DGy2da58LtnikRbjsTQ','2024-08-01 12:43:08.653287'),('7hvxr80w2k0n6labezofeqxk621ryug9','.eJxVjMsOwiAQRf-FtSEDnfJw6d5vIFNgpGogKe3K-O_apAvd3nPOfYlA21rC1vMS5iTOAsXpd5soPnLdQbpTvTUZW12XeZK7Ig_a5bWl_Lwc7t9BoV6-tbXGT-wZtdVKaXBM5IAYR2dUhOwRwOfoNAwugvVp4OiMRUbreUQQ7w_AtjbO:1ssq1w:Vcg4tq9DJrMHrREoYWijhTrIhad4c1zxZ5F7VTP6Fg4','2024-10-07 20:51:36.061893'),('80m5o7xzq1p7p4kztv8nw3tjbhgutfd3','.eJxVjDsOwjAQBe_iGllO5E9MSc8ZrN31Lg4gW4qTCnF3iJQC2jcz76USbGtJW-clzVmd1ahOvxsCPbjuIN-h3pqmVtdlRr0r-qBdX1vm5-Vw_w4K9PKtyRANmVmMC95NgsDWCAU7WopeACZmii6iFQyDkGWLDE6EjASDXr0_IhI5ug:1tAStf:1ipG0tPCIeOEg0u2iiGHON4XC3tY1vGGoiREebo2Jws','2024-11-25 11:47:55.903610'),('8iun1xcwvtzukom66mlpwfdr9ixcs7xg','.eJxVjEEOwiAQRe_C2pBSKBSX7nsGMgMzUjWQlHZlvLtt0oVu_3vvv0WAbc1ha7SEOYmr0OLyuyHEJ5UDpAeUe5WxlnWZUR6KPGmTU030up3u30GGlvc6OvREUbsRKHmDzISslbesGWOnlCZE2zmKqmfDQ79zSKMDY9VgjRefLymGOS4:1uu93q:7h1ir_5859dLk4SHKRSUqUEgu646IRljU2XKVCEsjkY','2025-09-18 12:27:30.667120'),('8p387qdvyn1wvl26p2jrvb0g3b4bhq51','.eJxVjDkOwjAUBe_iGlm2FS-hpOcM1t-MA8iWslSIu0OkFNC-mXkvlWFba94WmfPE6qy8Ov1uCPSQtgO-Q7t1Tb2t84R6V_RBF33tLM_L4f4dVFjqt0aKAgHS4KKUMCIOzpQA0QEBj5a8FJ8AClsyAzNRcqOwNc4aLISg3h8c1Dmc:1sqI9r:BRGcZnexVlvsaIpxF9kmstJVVRHn_Vl8cewFG7XuUZM','2024-09-30 20:17:15.765842'),('8xphqyqflhyvob3zdk6b2cgasmf8khz5','.eJxVjDkOwjAUBe_iGlm2FS-hpOcM1t-MA8iWslSIu0OkFNC-mXkvlWFba94WmfPE6qy8Ov1uCPSQtgO-Q7t1Tb2t84R6V_RBF33tLM_L4f4dVFjqt0aKAgHS4KKUMCIOzpQA0QEBj5a8FJ8AClsyAzNRcqOwNc4aLISg3h8c1Dmc:1texWQ:DJbU3zipTl94Yxi_fk_zVO8rz6jpEyEiiAcY_FivHT0','2025-02-17 14:33:58.515049'),('92lpnh0fabctd71upl14jy1zw6ja0p3s','.eJxVjDsOwjAQBe_iGllO5E9MSc8ZrN31Lg4gW4qTCnF3iJQC2jcz76USbGtJW-clzVmd1ahOvxsCPbjuIN-h3pqmVtdlRr0r-qBdX1vm5-Vw_w4K9PKtyRANmVmMC95NgsDWCAU7WopeACZmii6iFQyDkGWLDE6EjASDXr0_IhI5ug:1sUoNO:r3u22E9x0ZSzjgL5eWB8dIbmlKXCrJrgxJJm-wckkFw','2024-08-02 14:14:26.436904'),('92v0kzwg4jkd9nlqplh0r65493rkzsil','.eJxVjDsOwjAQBe_iGllO5E9MSc8ZrN31Lg4gW4qTCnF3iJQC2jcz76USbGtJW-clzVmd1ahOvxsCPbjuIN-h3pqmVtdlRr0r-qBdX1vm5-Vw_w4K9PKtyRANmVmMC95NgsDWCAU7WopeACZmii6iFQyDkGWLDE6EjASDXr0_IhI5ug:1tGIIc:5hsoSVkvB8qQqULtzjMh4GX156koTd1AvXbCZW4QScc','2024-12-11 13:41:46.313582'),('99la5noiezfikymtbt4z587dz5mrqzsq','.eJxVjDsOwjAQRO_iGlnrP6Gk5wzWrtfGAeRIcVIh7k4ipYBqpHlv5i0irkuNa89zHFlchBKn344wPXPbAT-w3SeZprbMI8ldkQft8jZxfl0P9--gYq_b-mzRuYyZkjFhC4dYFDHAkLQjXcD6BJk1J-OsAx8KGQY_GO1VIAji8wUGNjgR:1s07eT:hPzJPR8Qsm3ugz2AlRiUo2xHvj_Zh6EAmsmZ5ScrreQ','2024-05-09 22:33:13.660601'),('9a9rn3gzckmcb9h0cpv2qdxk139d7axh','.eJxVjDkOwjAUBe_iGlm2FS-hpOcM1t-MA8iWslSIu0OkFNC-mXkvlWFba94WmfPE6qy8Ov1uCPSQtgO-Q7t1Tb2t84R6V_RBF33tLM_L4f4dVFjqt0aKAgHS4KKUMCIOzpQA0QEBj5a8FJ8AClsyAzNRcqOwNc4aLISg3h8c1Dmc:1t4fzW:ILvgtlt7wpRKXN-8NeN6tMq4Az8v_5nGrNVWJOcueS0','2024-11-09 12:34:02.016649'),('9dn620vc491ys6ytpr7t5tw6034arqbx','.eJxVjDsOwjAQBe_iGllO5E9MSc8ZrN31Lg4gW4qTCnF3iJQC2jcz76USbGtJW-clzVmd1ahOvxsCPbjuIN-h3pqmVtdlRr0r-qBdX1vm5-Vw_w4K9PKtyRANmVmMC95NgsDWCAU7WopeACZmii6iFQyDkGWLDE6EjASDXr0_IhI5ug:1u8L0u:S6gR-GWALKsJsYukpvdzEHkKzu3tC8NEnKwqZS0Yur8','2025-05-09 15:30:52.906324'),('9jbgh2njkxgk62ba4b0l5b696j6ylzu7','.eJxVjDsOwjAQBe_iGllO5E9MSc8ZrN31Lg4gW4qTCnF3iJQC2jcz76USbGtJW-clzVmd1ahOvxsCPbjuIN-h3pqmVtdlRr0r-qBdX1vm5-Vw_w4K9PKtyRANmVmMC95NgsDWCAU7WopeACZmii6iFQyDkGWLDE6EjASDXr0_IhI5ug:1tBwJI:gH-ZtURnLrzGOqxGa9qxpPN7gyboKR1yIzPWfu79iI4','2024-11-29 13:24:28.783895'),('9k99g6cxx0cidfzeun4dx5sws4w7mui3','.eJxVjDsOwjAQBe_iGllO5E9MSc8ZrN31Lg4gW4qTCnF3iJQC2jcz76USbGtJW-clzVmd1ahOvxsCPbjuIN-h3pqmVtdlRr0r-qBdX1vm5-Vw_w4K9PKtyRANmVmMC95NgsDWCAU7WopeACZmii6iFQyDkGWLDE6EjASDXr0_IhI5ug:1sWytk:h9h6-1hwSgqaxe40jhb8KwFbsSUHNjObPdwGzYUQX2k','2024-08-08 13:52:48.912106'),('9nrvcn1d7tzhiw0tetctw0rnev2jb7d3','.eJxVjDkOwjAUBe_iGlm2FS-hpOcM1t-MA8iWslSIu0OkFNC-mXkvlWFba94WmfPE6qy8Ov1uCPSQtgO-Q7t1Tb2t84R6V_RBF33tLM_L4f4dVFjqt0aKAgHS4KKUMCIOzpQA0QEBj5a8FJ8AClsyAzNRcqOwNc4aLISg3h8c1Dmc:1tM7uK:XsVNJahqL1-k-_YxU0OVw-ADyykFSicsr34JF8732RM','2024-12-27 15:48:48.134779'),('9pa6rfddjgtwgyhwa6m7cq1arkhu460n','.eJxVjEEOwiAQRe_C2pBSKBSX7nsGMgMzUjWQlHZlvLtt0oVu_3vvv0WAbc1ha7SEOYmr0OLyuyHEJ5UDpAeUe5WxlnWZUR6KPGmTU030up3u30GGlvc6OvREUbsRKHmDzISslbesGWOnlCZE2zmKqmfDQ79zSKMDY9VgjRefLymGOS4:1t7CTT:IzmpUJs-j5EqkWHpGeKfQLF5wWfIB8I5Kxp8qOfgWLQ','2024-11-16 11:39:23.013837'),('9tifmulwpclsz6fu0rt0occ4kvqlrhmn','.eJxVjDsOwjAQBe_iGllO5E9MSc8ZrN31Lg4gW4qTCnF3iJQC2jcz76USbGtJW-clzVmd1ahOvxsCPbjuIN-h3pqmVtdlRr0r-qBdX1vm5-Vw_w4K9PKtyRANmVmMC95NgsDWCAU7WopeACZmii6iFQyDkGWLDE6EjASDXr0_IhI5ug:1thsWu:EFn5Xx3nOor-c1yFRObXzGoug-Q6_LSvrvX2epc40Yk','2025-02-25 15:50:32.681171'),('9yne783rgod7rc75i9we35kbcsbuv1iv','.eJxVjDsOwjAQRO_iGlnrP6Gk5wzWrtfGAeRIcVIh7k4ipYBqpHlv5i0irkuNa89zHFlchBKn344wPXPbAT-w3SeZprbMI8ldkQft8jZxfl0P9--gYq_b-mzRuYyZkjFhC4dYFDHAkLQjXcD6BJk1J-OsAx8KGQY_GO1VIAji8wUGNjgR:1sHW8h:sDxxLm9s40beewVrph2hbstcjl3ly6NNzwFW0cZAW1Y','2024-06-26 22:08:19.149992'),('abjglayc1fjn30d0edx76hqxd9ggkaj7','.eJxVjDkOwjAUBe_iGlm2FS-hpOcM1t-MA8iWslSIu0OkFNC-mXkvlWFba94WmfPE6qy8Ov1uCPSQtgO-Q7t1Tb2t84R6V_RBF33tLM_L4f4dVFjqt0aKAgHS4KKUMCIOzpQA0QEBj5a8FJ8AClsyAzNRcqOwNc4aLISg3h8c1Dmc:1sFG2O:7HmoZZ3KSLM4bauuIzUbsgtLjWZq0l3EnCSf2CDSMoI','2024-06-20 16:32:28.025210'),('aeb0qj39xhfclfwtcmht4rttxo1imusa','.eJxVjDsOwjAQBe_iGllO5E9MSc8ZrN31Lg4gW4qTCnF3iJQC2jcz76USbGtJW-clzVmd1ahOvxsCPbjuIN-h3pqmVtdlRr0r-qBdX1vm5-Vw_w4K9PKtyRANmVmMC95NgsDWCAU7WopeACZmii6iFQyDkGWLDE6EjASDXr0_IhI5ug:1vNtLu:VTQK3sNO1McVGO3XNn6Yyr3mYi0jCJhPAPlRTZbVj9Y','2025-12-09 13:45:06.291948'),('agp5i59laxheg6w71ohyy3dkdoi6h27b','.eJxVjDsOwjAQBe_iGllO5E9MSc8ZrN31Lg4gW4qTCnF3iJQC2jcz76USbGtJW-clzVmd1ahOvxsCPbjuIN-h3pqmVtdlRr0r-qBdX1vm5-Vw_w4K9PKtyRANmVmMC95NgsDWCAU7WopeACZmii6iFQyDkGWLDE6EjASDXr0_IhI5ug:1srywm:gWpIZt8XYHoMJFW01l5hTwR3neH9Q8KKsTyLDXoo4tM','2024-10-05 12:10:44.374529'),('aol2sq2apaxvuisdjs9y9g3ktwa2l0so','.eJxVjDsOwjAQBe_iGllO5E9MSc8ZrN31Lg4gW4qTCnF3iJQC2jcz76USbGtJW-clzVmd1ahOvxsCPbjuIN-h3pqmVtdlRr0r-qBdX1vm5-Vw_w4K9PKtyRANmVmMC95NgsDWCAU7WopeACZmii6iFQyDkGWLDE6EjASDXr0_IhI5ug:1tEUKO:LU1IE3liPCZWSp76rBOJprpDRYOKb26ir87n65VajX8','2024-12-06 14:08:08.835898'),('apzx9w6ntg74boaalhgk9lebx51un1zb','.eJxVjDsOwjAQBe_iGllO5E9MSc8ZrN31Lg4gW4qTCnF3iJQC2jcz76USbGtJW-clzVmd1ahOvxsCPbjuIN-h3pqmVtdlRr0r-qBdX1vm5-Vw_w4K9PKtyRANmVmMC95NgsDWCAU7WopeACZmii6iFQyDkGWLDE6EjASDXr0_IhI5ug:1tGeDA:6o4CGGcTBQfD15ixj6_xpvYcND6cwVPALBMdfXwS7qM','2024-12-12 13:05:36.392937'),('aqspvjn04bhcvmmdohu3kb0g4ggxjal2','.eJxVjDsOwjAQBe_iGllO5E9MSc8ZrN31Lg4gW4qTCnF3iJQC2jcz76USbGtJW-clzVmd1ahOvxsCPbjuIN-h3pqmVtdlRr0r-qBdX1vm5-Vw_w4K9PKtyRANmVmMC95NgsDWCAU7WopeACZmii6iFQyDkGWLDE6EjASDXr0_IhI5ug:1ury2M:itQlJThXUwxLpndgUx08DvmeeyYns5KJsoRADF2ASyg','2025-09-12 12:16:58.827576'),('b5xxu5bunsamu9n5pckuqi6imjo5qxnn','.eJxVjMsOwiAQRf-FtSEDnfJw6d5vIFNgpGogKe3K-O_apAvd3nPOfYlA21rC1vMS5iTOAsXpd5soPnLdQbpTvTUZW12XeZK7Ig_a5bWl_Lwc7t9BoV6-tbXGT-wZtdVKaXBM5IAYR2dUhOwRwOfoNAwugvVp4OiMRUbreUQQ7w_AtjbO:1t8QXq:H58MFiuGe2V58Jmvo2YhIPhnrS0gDhQZbCioKZsNh-k','2024-11-19 20:52:58.843083'),('bac2uj9ms2d2vayqrazcb3cmi5z1ppxd','.eJxVjDsOwjAQBe_iGllO5E9MSc8ZrN31Lg4gW4qTCnF3iJQC2jcz76USbGtJW-clzVmd1ahOvxsCPbjuIN-h3pqmVtdlRr0r-qBdX1vm5-Vw_w4K9PKtyRANmVmMC95NgsDWCAU7WopeACZmii6iFQyDkGWLDE6EjASDXr0_IhI5ug:1uI6Gf:t3_k6ZVnTej4J4L0cgww41vhss0vkRZ0SWwUEqzayAc','2025-06-05 13:47:29.802773'),('bp0r01pmhz29aw7hiqdd6o2duf8hyw14','.eJxVjDsOwjAQBe_iGllO5E9MSc8ZrN31Lg4gW4qTCnF3iJQC2jcz76USbGtJW-clzVmd1ahOvxsCPbjuIN-h3pqmVtdlRr0r-qBdX1vm5-Vw_w4K9PKtyRANmVmMC95NgsDWCAU7WopeACZmii6iFQyDkGWLDE6EjASDXr0_IhI5ug:1vJsCj:Z6imGTjcE8mt_2_pzI0Ii9buiRyrFOAPgoZYNXk-D5I','2025-11-28 11:43:01.011014'),('bsztk4zokny4c5muscrc58xtgf9ka677','.eJxVjDsOwjAQBe_iGllO5E9MSc8ZrN31Lg4gW4qTCnF3iJQC2jcz76USbGtJW-clzVmd1ahOvxsCPbjuIN-h3pqmVtdlRr0r-qBdX1vm5-Vw_w4K9PKtyRANmVmMC95NgsDWCAU7WopeACZmii6iFQyDkGWLDE6EjASDXr0_IhI5ug:1tiy9x:53sJQ4kt8hDZmvMeQ_s6HTkeJ_ylGWi1jHd02JbOt2o','2025-02-28 16:03:21.631108'),('bvoh0xjqqmmfh08btcgzkcqudoaveofd','.eJxVjDsOwjAQBe_iGllO5E9MSc8ZrN31Lg4gW4qTCnF3iJQC2jcz76USbGtJW-clzVmd1ahOvxsCPbjuIN-h3pqmVtdlRr0r-qBdX1vm5-Vw_w4K9PKtyRANmVmMC95NgsDWCAU7WopeACZmii6iFQyDkGWLDE6EjASDXr0_IhI5ug:1vE4ZU:VcnD46QHQDoZPxb_3PDb0A0WfBBC1f5zOQR66rl9qK8','2025-11-12 11:42:32.352492'),('bxlwpuithgw9pk7x0npj2g1na0gdd80o','.eJxVjDsOwjAQBe_iGllO5E9MSc8ZrN31Lg4gW4qTCnF3iJQC2jcz76USbGtJW-clzVmd1ahOvxsCPbjuIN-h3pqmVtdlRr0r-qBdX1vm5-Vw_w4K9PKtyRANmVmMC95NgsDWCAU7WopeACZmii6iFQyDkGWLDE6EjASDXr0_IhI5ug:1vRViz:8hGhAQNLoirmlmGiTgcObIGkd16wSOnQEzmPlqCLWTM','2025-12-19 13:19:53.110128'),('bz5t1v9vayeku4biyz1jp6tcbrsnph3d','.eJxVjDsOwjAQBe_iGllO5E9MSc8ZrN31Lg4gW4qTCnF3iJQC2jcz76USbGtJW-clzVmd1ahOvxsCPbjuIN-h3pqmVtdlRr0r-qBdX1vm5-Vw_w4K9PKtyRANmVmMC95NgsDWCAU7WopeACZmii6iFQyDkGWLDE6EjASDXr0_IhI5ug:1tCOWw:GIuvPGtW9FDp4PRrj_7aCTF1SYj0TNGmpTK1us--5jY','2024-11-30 19:32:26.013111'),('c37t5g2dyyvf48rd0zd27nidkrlertah','.eJxVjDsOwjAQRO_iGlnrP6Gk5wzWrtfGAeRIcVIh7k4ipYBqpHlv5i0irkuNa89zHFlchBKn344wPXPbAT-w3SeZprbMI8ldkQft8jZxfl0P9--gYq_b-mzRuYyZkjFhC4dYFDHAkLQjXcD6BJk1J-OsAx8KGQY_GO1VIAji8wUGNjgR:1tk9Cb:-Tr_-NtLijiGmrTUnEt4RmaMYm9tX97kWZ-opwSRUXU','2025-03-03 22:02:57.963797'),('c8ebeuovgyxtfsitzc0mxpj8hom711h6','.eJxVjEEOwiAQRe_C2pBSKBSX7nsGMgMzUjWQlHZlvLtt0oVu_3vvv0WAbc1ha7SEOYmr0OLyuyHEJ5UDpAeUe5WxlnWZUR6KPGmTU030up3u30GGlvc6OvREUbsRKHmDzISslbesGWOnlCZE2zmKqmfDQ79zSKMDY9VgjRefLymGOS4:1tvFWw:jHe1dmBnYKEV5fQiROdSMAQ-shULBkpLLldxlCTuE6c','2025-04-03 13:01:50.922312'),('c96uuhfx0gfzuo92h15o8b1kg3t7psvc','.eJxVjDsOwjAQBe_iGllO5E9MSc8ZrN31Lg4gW4qTCnF3iJQC2jcz76USbGtJW-clzVmd1ahOvxsCPbjuIN-h3pqmVtdlRr0r-qBdX1vm5-Vw_w4K9PKtyRANmVmMC95NgsDWCAU7WopeACZmii6iFQyDkGWLDE6EjASDXr0_IhI5ug:1u6tck:wvMSQ7wfOinHYZMopi2_cKgQoY1HQ8jBW1XSRs-tZ4I','2025-05-05 16:03:58.659160'),('ccfas3z14zr5kjar5jegcxvihbes42f2','.eJxVjEEOwiAQRe_C2pBSKBSX7nsGMgMzUjWQlHZlvLtt0oVu_3vvv0WAbc1ha7SEOYmr0OLyuyHEJ5UDpAeUe5WxlnWZUR6KPGmTU030up3u30GGlvc6OvREUbsRKHmDzISslbesGWOnlCZE2zmKqmfDQ79zSKMDY9VgjRefLymGOS4:1sKmJW:4jNyR1DYphnadJJG6io1z80jcE3QGFeC4lKfjf0rLAk','2024-07-05 22:00:58.358436'),('cgb7sg1jvqmbnb92mva29navzhbcjgv8','.eJxVjEEOwiAQRe_C2pBSKBSX7nsGMgMzUjWQlHZlvLtt0oVu_3vvv0WAbc1ha7SEOYmr0OLyuyHEJ5UDpAeUe5WxlnWZUR6KPGmTU030up3u30GGlvc6OvREUbsRKHmDzISslbesGWOnlCZE2zmKqmfDQ79zSKMDY9VgjRefLymGOS4:1ueg5r:Zq9qeGpBQD7XsWtAbMi52rQxC948YMhpwSjgGL--woM','2025-08-06 20:29:39.703023'),('chzpw9pz140z5ls2c1dtxrhbqbfcphtm','.eJxVjDkOwjAUBe_iGlm2FS-hpOcM1t-MA8iWslSIu0OkFNC-mXkvlWFba94WmfPE6qy8Ov1uCPSQtgO-Q7t1Tb2t84R6V_RBF33tLM_L4f4dVFjqt0aKAgHS4KKUMCIOzpQA0QEBj5a8FJ8AClsyAzNRcqOwNc4aLISg3h8c1Dmc:1tsqdh:nZQ-kH-sKvm9gO2EUFZfTd7SnJT92zESTMYaxGxYC5w','2025-03-27 22:02:53.692594'),('cori1703vstj2lzlqut7sgh48dvbp70r','.eJxVjDsOwjAQBe_iGllO5E9MSc8ZrN31Lg4gW4qTCnF3iJQC2jcz76USbGtJW-clzVmd1ahOvxsCPbjuIN-h3pqmVtdlRr0r-qBdX1vm5-Vw_w4K9PKtyRANmVmMC95NgsDWCAU7WopeACZmii6iFQyDkGWLDE6EjASDXr0_IhI5ug:1tqDTa:w441-c49KjeEibGA3Ym3meZL7bESn5ahwQDlgmQ15vM','2025-03-20 15:49:34.848017'),('cot85jt2io8izh0oopyfthgmobpxrwu0','.eJxVjDsOwjAQBe_iGllO5E9MSc8ZrN31Lg4gW4qTCnF3iJQC2jcz76USbGtJW-clzVmd1ahOvxsCPbjuIN-h3pqmVtdlRr0r-qBdX1vm5-Vw_w4K9PKtyRANmVmMC95NgsDWCAU7WopeACZmii6iFQyDkGWLDE6EjASDXr0_IhI5ug:1sVsSn:f95Nrsb_AtYMB5VU2IKP6Y-YYN18Km8lfHTJHs3Auak','2024-08-05 12:48:25.735586'),('cupivalzf4kpctf09k1kj3of2hqdb9fx','.eJxVjDsOwjAQBe_iGllO5E9MSc8ZrN31Lg4gW4qTCnF3iJQC2jcz76USbGtJW-clzVmd1ahOvxsCPbjuIN-h3pqmVtdlRr0r-qBdX1vm5-Vw_w4K9PKtyRANmVmMC95NgsDWCAU7WopeACZmii6iFQyDkGWLDE6EjASDXr0_IhI5ug:1tRDP9:ALX1tOoPDfDTXJGYHgug1a3jYQvnBcqjgJwOmPP0aw8','2025-01-10 16:41:39.345279'),('cvd0h6mp74oay0zuiiltnrosiucmuw97','.eJxVjDsOwjAQRO_iGlnrP6Gk5wzWrtfGAeRIcVIh7k4ipYBqpHlv5i0irkuNa89zHFlchBKn344wPXPbAT-w3SeZprbMI8ldkQft8jZxfl0P9--gYq_b-mzRuYyZkjFhC4dYFDHAkLQjXcD6BJk1J-OsAx8KGQY_GO1VIAji8wUGNjgR:1ueLQo:El6CPmcg9Ji-Mhz27r8GdeaoUGqV513rxfdD7yzY2bE','2025-08-05 22:25:54.058040'),('cxem9tdi5wvcax7jh45mvyojsgy9mqvo','.eJxVjDkOwjAUBe_iGlm2FS-hpOcM1t-MA8iWslSIu0OkFNC-mXkvlWFba94WmfPE6qy8Ov1uCPSQtgO-Q7t1Tb2t84R6V_RBF33tLM_L4f4dVFjqt0aKAgHS4KKUMCIOzpQA0QEBj5a8FJ8AClsyAzNRcqOwNc4aLISg3h8c1Dmc:1s9uNc:HQsLpc1sRxykmDMGfqZ9RGrjIGEa5sUiWWdsMQcjuk0','2024-06-05 22:24:16.215649'),('d5selj6hud64kyxd06qn3x4llyfrmsj6','.eJxVjDsOwjAQBe_iGllO5E9MSc8ZrN31Lg4gW4qTCnF3iJQC2jcz76USbGtJW-clzVmd1ahOvxsCPbjuIN-h3pqmVtdlRr0r-qBdX1vm5-Vw_w4K9PKtyRANmVmMC95NgsDWCAU7WopeACZmii6iFQyDkGWLDE6EjASDXr0_IhI5ug:1sixlE:SQcghmu00Pt-J_6mf4ZY4B83pLhxQivMOnGT1bW7ch0','2024-09-10 15:05:32.409888'),('df86kadu018ghff51y0r46ab4atnkj0i','.eJxVjEEOwiAQRe_C2pBSKBSX7nsGMgMzUjWQlHZlvLtt0oVu_3vvv0WAbc1ha7SEOYmr0OLyuyHEJ5UDpAeUe5WxlnWZUR6KPGmTU030up3u30GGlvc6OvREUbsRKHmDzISslbesGWOnlCZE2zmKqmfDQ79zSKMDY9VgjRefLymGOS4:1sFgWk:uFNcE2Wr6NHKUtpwjiJqpkXM1rzXb6S9gzFZ_InHXfs','2024-06-21 20:49:34.825913'),('dfhnupw9we1rycb4alje8wk2g9qo8r9i','.eJxVjDkOwjAUBe_iGlm2FS-hpOcM1t-MA8iWslSIu0OkFNC-mXkvlWFba94WmfPE6qy8Ov1uCPSQtgO-Q7t1Tb2t84R6V_RBF33tLM_L4f4dVFjqt0aKAgHS4KKUMCIOzpQA0QEBj5a8FJ8AClsyAzNRcqOwNc4aLISg3h8c1Dmc:1s4SOO:YJsye4tngMOiqs4j0XD1EWRjdkvrK_YDABCtQO5cQXM','2024-05-21 21:30:32.616067'),('dkwbvdnrhlvmivcx1tg03tswq713vifl','.eJxVjDsOwjAQBe_iGllO5E9MSc8ZrN31Lg4gW4qTCnF3iJQC2jcz76USbGtJW-clzVmd1ahOvxsCPbjuIN-h3pqmVtdlRr0r-qBdX1vm5-Vw_w4K9PKtyRANmVmMC95NgsDWCAU7WopeACZmii6iFQyDkGWLDE6EjASDXr0_IhI5ug:1sBaDk:tix0SyhGNHUtsv_kbYCxYflQrsTjONdmqf_idJoBvuY','2024-06-10 13:17:00.937803'),('dlcwnlwfso4urt23ahmzd6qfzq9dpfdp','.eJxVjDsOwjAQBe_iGllO5E9MSc8ZrN31Lg4gW4qTCnF3iJQC2jcz76USbGtJW-clzVmd1ahOvxsCPbjuIN-h3pqmVtdlRr0r-qBdX1vm5-Vw_w4K9PKtyRANmVmMC95NgsDWCAU7WopeACZmii6iFQyDkGWLDE6EjASDXr0_IhI5ug:1tFwVL:F-80E9Yky_GovDP21Mdfu0RXiH2qFir8Wt0smw8t2lE','2024-12-10 14:25:27.177318'),('doy70i3s56bab93aqtmtx8lcmyflmuci','.eJxVjDsOwjAQBe_iGllO5E9MSc8ZrN31Lg4gW4qTCnF3iJQC2jcz76USbGtJW-clzVmd1ahOvxsCPbjuIN-h3pqmVtdlRr0r-qBdX1vm5-Vw_w4K9PKtyRANmVmMC95NgsDWCAU7WopeACZmii6iFQyDkGWLDE6EjASDXr0_IhI5ug:1ukNGj:XZ_1v2gtMU_1wE41pmjgO6KPILTGh3X3dM9bBkW-t7E','2025-08-22 13:36:25.569391'),('dtion7nlxjm91zu6zx17ialev6c3zwz9','.eJxVjDkOwjAUBe_iGlm2FS-hpOcM1t-MA8iWslSIu0OkFNC-mXkvlWFba94WmfPE6qy8Ov1uCPSQtgO-Q7t1Tb2t84R6V_RBF33tLM_L4f4dVFjqt0aKAgHS4KKUMCIOzpQA0QEBj5a8FJ8AClsyAzNRcqOwNc4aLISg3h8c1Dmc:1vUP7n:3FtOJUvO1mbHRApzrBEr0dT_bwG5L0Emfn6naxbqmMk','2025-12-27 12:53:27.572559'),('e13daa3cyrbg8yoev9pas9d9sykhs26j','.eJxVjEEOwiAQRe_C2pBSKBSX7nsGMgMzUjWQlHZlvLtt0oVu_3vvv0WAbc1ha7SEOYmr0OLyuyHEJ5UDpAeUe5WxlnWZUR6KPGmTU030up3u30GGlvc6OvREUbsRKHmDzISslbesGWOnlCZE2zmKqmfDQ79zSKMDY9VgjRefLymGOS4:1v6EWs:yKv1U_TXVSJnvVOudtFyuncjp-XZN75tqirppJnM1d8','2025-10-21 20:43:26.706106'),('e1az7kjq12zdalxs9rhe47se4n4ibbfb','.eJxVjEEOwiAQRe_C2pBSKBSX7nsGMgMzUjWQlHZlvLtt0oVu_3vvv0WAbc1ha7SEOYmr0OLyuyHEJ5UDpAeUe5WxlnWZUR6KPGmTU030up3u30GGlvc6OvREUbsRKHmDzISslbesGWOnlCZE2zmKqmfDQ79zSKMDY9VgjRefLymGOS4:1uZGBW:Xx9ku170XbK6gxl00obpnztFpJtpVHwNL-sdDH4GeaY','2025-07-22 21:49:06.531642'),('e2bknypk5xuu305exi1383q4gjizpajh','.eJxVjMsOwiAQRf-FtSEDnfJw6d5vIFNgpGogKe3K-O_apAvd3nPOfYlA21rC1vMS5iTOAsXpd5soPnLdQbpTvTUZW12XeZK7Ig_a5bWl_Lwc7t9BoV6-tbXGT-wZtdVKaXBM5IAYR2dUhOwRwOfoNAwugvVp4OiMRUbreUQQ7w_AtjbO:1sMbVz:ssa4CLSQr-rBalG_Z8F4OEgeRyKBSZKo5kGa-rFO2lI','2024-07-10 22:53:23.640177'),('e2relsa4pa67fa3hg1mk8ezaswq3mfat','.eJxVjDsOwjAQBe_iGllO5E9MSc8ZrN31Lg4gW4qTCnF3iJQC2jcz76USbGtJW-clzVmd1ahOvxsCPbjuIN-h3pqmVtdlRr0r-qBdX1vm5-Vw_w4K9PKtyRANmVmMC95NgsDWCAU7WopeACZmii6iFQyDkGWLDE6EjASDXr0_IhI5ug:1vBBek:uG1zBMjkx02mthFjfDcm3ZNu1d-xNURzEJf84lmu9Fs','2025-11-04 12:40:02.919617'),('e8obz8eotgaf2ksuhx0i5d4byf6iq4kk','.eJxVjEEOwiAQRe_C2pBSKBSX7nsGMgMzUjWQlHZlvLtt0oVu_3vvv0WAbc1ha7SEOYmr0OLyuyHEJ5UDpAeUe5WxlnWZUR6KPGmTU030up3u30GGlvc6OvREUbsRKHmDzISslbesGWOnlCZE2zmKqmfDQ79zSKMDY9VgjRefLymGOS4:1tR8Z7:MO7ftl7hzj4hxyVuGU1iwOw-I5wHY1Hvg4fsDWMjApc','2025-01-10 11:31:37.492808'),('eeq7wpg05exv6t97ntshio6n4cc43yoo','.eJxVjDsOwjAQBe_iGllO5E9MSc8ZrN31Lg4gW4qTCnF3iJQC2jcz76USbGtJW-clzVmd1ahOvxsCPbjuIN-h3pqmVtdlRr0r-qBdX1vm5-Vw_w4K9PKtyRANmVmMC95NgsDWCAU7WopeACZmii6iFQyDkGWLDE6EjASDXr0_IhI5ug:1snho1:vtsGLKwakhIrEY0Pwk5kq_ef4KB4gj8PxPoGLPvQ9Bc','2024-09-23 17:04:01.056583'),('ehmfz8wzgg9gnfee0y3krp84l4c1unm3','.eJxVjDsOwjAQBe_iGllO5E9MSc8ZrN31Lg4gW4qTCnF3iJQC2jcz76USbGtJW-clzVmd1ahOvxsCPbjuIN-h3pqmVtdlRr0r-qBdX1vm5-Vw_w4K9PKtyRANmVmMC95NgsDWCAU7WopeACZmii6iFQyDkGWLDE6EjASDXr0_IhI5ug:1vM7F0:N1DGnVdRVVsrVbHjnYSS3k7iB1cBcVrtj7i7oRO5QJQ','2025-12-04 16:10:38.386457'),('ej80lodpi97xig9p56i0pc2vn8zo5zq2','.eJxVjDsOwjAQBe_iGllO5E9MSc8ZrN31Lg4gW4qTCnF3iJQC2jcz76USbGtJW-clzVmd1ahOvxsCPbjuIN-h3pqmVtdlRr0r-qBdX1vm5-Vw_w4K9PKtyRANmVmMC95NgsDWCAU7WopeACZmii6iFQyDkGWLDE6EjASDXr0_IhI5ug:1tYSnQ:_F8e6nYCRKJZdTk_gsgb7C-YKgmNClyPxQVQCunzGYU','2025-01-30 16:32:40.477121'),('ept63mal7nex7eyfazjobowji1xwupb1','.eJxVjDsOwjAQBe_iGllO5E9MSc8ZrN31Lg4gW4qTCnF3iJQC2jcz76USbGtJW-clzVmd1ahOvxsCPbjuIN-h3pqmVtdlRr0r-qBdX1vm5-Vw_w4K9PKtyRANmVmMC95NgsDWCAU7WopeACZmii6iFQyDkGWLDE6EjASDXr0_IhI5ug:1smv7w:y2PL7Xf28vHICaT0F80Dl51FiNzks3nMTvqhcrQHNlw','2024-09-21 13:05:20.360269'),('eq2vr5z7oi3imtrzllht7l47ycnw4s5v','.eJxVjDsOwjAQBe_iGllO5E9MSc8ZrN31Lg4gW4qTCnF3iJQC2jcz76USbGtJW-clzVmd1ahOvxsCPbjuIN-h3pqmVtdlRr0r-qBdX1vm5-Vw_w4K9PKtyRANmVmMC95NgsDWCAU7WopeACZmii6iFQyDkGWLDE6EjASDXr0_IhI5ug:1u5PUq:UqW7ynv16z8FVEeDOgO2ylOl6Xq3Mg9CwA9AOdrvC68','2025-05-01 13:41:40.389808'),('eu4pnudvo9zw7xbrij7v7mqjniszx1n9','.eJxVjDkOwjAUBe_iGlm2FS-hpOcM1t-MA8iWslSIu0OkFNC-mXkvlWFba94WmfPE6qy8Ov1uCPSQtgO-Q7t1Tb2t84R6V_RBF33tLM_L4f4dVFjqt0aKAgHS4KKUMCIOzpQA0QEBj5a8FJ8AClsyAzNRcqOwNc4aLISg3h8c1Dmc:1tuvKD:eWifjwVUARmjH5qm_ANpYm_XoAYhKVanScM5NE3dPyA','2025-04-02 15:27:21.835272'),('f3wsd9o264r9t2k9wpr5e9k7l17vagk5','.eJxVjDsOwjAQBe_iGllO5E9MSc8ZrN31Lg4gW4qTCnF3iJQC2jcz76USbGtJW-clzVmd1ahOvxsCPbjuIN-h3pqmVtdlRr0r-qBdX1vm5-Vw_w4K9PKtyRANmVmMC95NgsDWCAU7WopeACZmii6iFQyDkGWLDE6EjASDXr0_IhI5ug:1tzDQy:LvGgFS2ax7Fe49Fxc3wWNyR2hZoFXLdZkMj3PXYfJrY','2025-04-14 11:36:04.186827'),('fgbtbgdvcsochkuzclmu1dahcba98m2k','.eJxVjDsOwjAQBe_iGllO5E9MSc8ZrN31Lg4gW4qTCnF3iJQC2jcz76USbGtJW-clzVmd1ahOvxsCPbjuIN-h3pqmVtdlRr0r-qBdX1vm5-Vw_w4K9PKtyRANmVmMC95NgsDWCAU7WopeACZmii6iFQyDkGWLDE6EjASDXr0_IhI5ug:1tKdoJ:eaTRryCtBDwE3V0YsU7fwZfCBkVjLXU0FwSttQMN3pM','2024-12-23 13:28:27.453271'),('fkgsnqbm2xivk6odqkxjrr0qzsbaqafo','.eJxVjDsOwjAQBe_iGllO5E9MSc8ZrN31Lg4gW4qTCnF3iJQC2jcz76USbGtJW-clzVmd1ahOvxsCPbjuIN-h3pqmVtdlRr0r-qBdX1vm5-Vw_w4K9PKtyRANmVmMC95NgsDWCAU7WopeACZmii6iFQyDkGWLDE6EjASDXr0_IhI5ug:1uD1US:t4zJYG5fXS0Gp4a8GM7l-vErbweL959U_Plfz41rjfA','2025-05-22 13:40:44.519381'),('fp4tha56x70xlrww1d653yyuf592lta1','.eJxVjDkOwjAUBe_iGlm2FS-hpOcM1t-MA8iWslSIu0OkFNC-mXkvlWFba94WmfPE6qy8Ov1uCPSQtgO-Q7t1Tb2t84R6V_RBF33tLM_L4f4dVFjqt0aKAgHS4KKUMCIOzpQA0QEBj5a8FJ8AClsyAzNRcqOwNc4aLISg3h8c1Dmc:1rxYkB:JBUEaaqyVwdjqnVeA9QT_bRYbib0caLN1O45QUE7N1U','2024-05-02 20:52:31.425758'),('fvjdsro2lmibwabdogf9a4sknqakyudf','.eJxVjDsOwjAQBe_iGllO5E9MSc8ZrN31Lg4gW4qTCnF3iJQC2jcz76USbGtJW-clzVmd1ahOvxsCPbjuIN-h3pqmVtdlRr0r-qBdX1vm5-Vw_w4K9PKtyRANmVmMC95NgsDWCAU7WopeACZmii6iFQyDkGWLDE6EjASDXr0_IhI5ug:1uFZIR:J2qNtp3MEozjdSFnjVlwpFmfDWiMhngE-zTFrsvkldc','2025-05-29 14:10:51.787463'),('g1c89ic8gd2if4g4ctxnambf0z09l80d','.eJxVjEEOwiAQRe_C2pBSKBSX7nsGMgMzUjWQlHZlvLtt0oVu_3vvv0WAbc1ha7SEOYmr0OLyuyHEJ5UDpAeUe5WxlnWZUR6KPGmTU030up3u30GGlvc6OvREUbsRKHmDzISslbesGWOnlCZE2zmKqmfDQ79zSKMDY9VgjRefLymGOS4:1syHCd:9LI266bhSUA7eVpMofAW1SlDqH_9DVlz8p83vdwRgm4','2024-10-22 20:53:07.655345'),('geddxucdopn6m6l9luebdg47uh2hrxs2','.eJxVjDsOwjAQBe_iGllO5E9MSc8ZrN31Lg4gW4qTCnF3iJQC2jcz76USbGtJW-clzVmd1ahOvxsCPbjuIN-h3pqmVtdlRr0r-qBdX1vm5-Vw_w4K9PKtyRANmVmMC95NgsDWCAU7WopeACZmii6iFQyDkGWLDE6EjASDXr0_IhI5ug:1toM3c:Ad14o3MlV1-D2SsPtnNdNMZKaOG_Py-WvxNkvIUumGQ','2025-03-15 12:35:04.546070'),('gh49tiq8l9bapsiboalmkgyfgtwvr6sr','.eJxVjEEOwiAQRe_C2pBSKBSX7nsGMgMzUjWQlHZlvLtt0oVu_3vvv0WAbc1ha7SEOYmr0OLyuyHEJ5UDpAeUe5WxlnWZUR6KPGmTU030up3u30GGlvc6OvREUbsRKHmDzISslbesGWOnlCZE2zmKqmfDQ79zSKMDY9VgjRefLymGOS4:1sgsET:uSoFtJC_cltDqE83M_vYyv7Oyf6fTr5W-iFGCLtvOa8','2024-09-04 20:47:05.804177'),('ghezakv3cxf8rnbfwu88utz67n9uzh7i','.eJxVjDsOwjAQBe_iGllO5E9MSc8ZrN31Lg4gW4qTCnF3iJQC2jcz76USbGtJW-clzVmd1ahOvxsCPbjuIN-h3pqmVtdlRr0r-qBdX1vm5-Vw_w4K9PKtyRANmVmMC95NgsDWCAU7WopeACZmii6iFQyDkGWLDE6EjASDXr0_IhI5ug:1tlVsz:CiWLriBdrhyhhNQ5WziYamclvX9vUTMPKfMVuJcrK4E','2025-03-07 16:28:21.553939'),('glq1gl3wrwrxxb6ra3i6gk101w8c48kh','.eJxVjEEOwiAQRe_C2pBSKBSX7nsGMgMzUjWQlHZlvLtt0oVu_3vvv0WAbc1ha7SEOYmr0OLyuyHEJ5UDpAeUe5WxlnWZUR6KPGmTU030up3u30GGlvc6OvREUbsRKHmDzISslbesGWOnlCZE2zmKqmfDQ79zSKMDY9VgjRefLymGOS4:1sWMBU:A-YhZBOXJJSRlivOCrpkXPYHsR0YEXw8Bt-l62RVDok','2024-08-06 20:32:32.604300'),('grqnm8ktmz3fyfaol8h49tccmj1bjdh9','.eJxVjDsOwjAQBe_iGllO5E9MSc8ZrN31Lg4gW4qTCnF3iJQC2jcz76USbGtJW-clzVmd1ahOvxsCPbjuIN-h3pqmVtdlRr0r-qBdX1vm5-Vw_w4K9PKtyRANmVmMC95NgsDWCAU7WopeACZmii6iFQyDkGWLDE6EjASDXr0_IhI5ug:1u0L3X:lyJO0ge7vjBwQWA5xju3yLBIWOckONJ9Fkggmp7yPWc','2025-04-17 13:56:31.863522'),('gw4zep9hqajr01ekfxi7qmlyklxiabc5','.eJxVjDsOwjAQBe_iGllO5E9MSc8ZrN31Lg4gW4qTCnF3iJQC2jcz76USbGtJW-clzVmd1ahOvxsCPbjuIN-h3pqmVtdlRr0r-qBdX1vm5-Vw_w4K9PKtyRANmVmMC95NgsDWCAU7WopeACZmii6iFQyDkGWLDE6EjASDXr0_IhI5ug:1vKzgk:mbYnQdMYKYxbvzZEm8mFVkNKGp2qeoZARdLusBfqcnQ','2025-12-01 13:54:38.160315'),('gws294me489ihyyk0x1rr31xemygv5l7','.eJxVjDsOwjAQBe_iGllO5E9MSc8ZrN31Lg4gW4qTCnF3iJQC2jcz76USbGtJW-clzVmd1ahOvxsCPbjuIN-h3pqmVtdlRr0r-qBdX1vm5-Vw_w4K9PKtyRANmVmMC95NgsDWCAU7WopeACZmii6iFQyDkGWLDE6EjASDXr0_IhI5ug:1uckbk:aQtudeBOq0s2IUDplAM3MqZNBcL2cQLhl8GF76exdOE','2025-08-01 12:54:36.321269'),('gysfj88bkwqajhygsq9ogy72xkn0kwtf','.eJxVjDsOwjAQBe_iGllO5E9MSc8ZrN31Lg4gW4qTCnF3iJQC2jcz76USbGtJW-clzVmd1ahOvxsCPbjuIN-h3pqmVtdlRr0r-qBdX1vm5-Vw_w4K9PKtyRANmVmMC95NgsDWCAU7WopeACZmii6iFQyDkGWLDE6EjASDXr0_IhI5ug:1t2syO:5mlbeqhWf5Nt5LCkBGdSUtnRBgAWS14mQXFXMmEuENo','2024-11-04 14:01:28.990633'),('gzuqspo7kiiksrcl58kkuqtbrv56k0qc','.eJxVjDsOwjAQBe_iGllO5E9MSc8ZrN31Lg4gW4qTCnF3iJQC2jcz76USbGtJW-clzVmd1ahOvxsCPbjuIN-h3pqmVtdlRr0r-qBdX1vm5-Vw_w4K9PKtyRANmVmMC95NgsDWCAU7WopeACZmii6iFQyDkGWLDE6EjASDXr0_IhI5ug:1tXhJl:RlAXixRDqNH6WJ1GQ-6BO7PGshSc2xR6oAkF5xNbbI0','2025-01-28 13:50:53.109876'),('hb7xz842mezhc5uqlbjucf920ne4mtp2','.eJxVjDsOwjAQBe_iGllO5E9MSc8ZrN31Lg4gW4qTCnF3iJQC2jcz76USbGtJW-clzVmd1ahOvxsCPbjuIN-h3pqmVtdlRr0r-qBdX1vm5-Vw_w4K9PKtyRANmVmMC95NgsDWCAU7WopeACZmii6iFQyDkGWLDE6EjASDXr0_IhI5ug:1tOfvY:cyUA3AKIqGaadHYeyxASTK2--1QPchaoBfVtAuIKrno','2025-01-03 16:32:36.300820'),('hlpx8kimwn0n9mhbsjizl5wbxpktr0ky','.eJxVjDkOwjAUBe_iGlm2FS-hpOcM1t-MA8iWslSIu0OkFNC-mXkvlWFba94WmfPE6qy8Ov1uCPSQtgO-Q7t1Tb2t84R6V_RBF33tLM_L4f4dVFjqt0aKAgHS4KKUMCIOzpQA0QEBj5a8FJ8AClsyAzNRcqOwNc4aLISg3h8c1Dmc:1uiBQ0:U3cGj-ho1L2hmD_PFzHKSBwmO1bZbqJXdFXOpjEjO5Y','2025-08-16 12:32:56.936015'),('hrtd0wdizlj8c71h3paaiyi6yet9gdgm','.eJxVjMsOwiAQRf-FtSEDnfJw6d5vIFNgpGogKe3K-O_apAvd3nPOfYlA21rC1vMS5iTOAsXpd5soPnLdQbpTvTUZW12XeZK7Ig_a5bWl_Lwc7t9BoV6-tbXGT-wZtdVKaXBM5IAYR2dUhOwRwOfoNAwugvVp4OiMRUbreUQQ7w_AtjbO:1s5Aw0:OeakoTESwxHsv8HUDA94bIm_ZVd9kmE2tm5M1FowHas','2024-05-23 21:04:12.730162'),('hvrnmkmvflkr9bu12iaa5ua1glh09qw7','.eJxVjDsOwjAQBe_iGllO5E9MSc8ZrN31Lg4gW4qTCnF3iJQC2jcz76USbGtJW-clzVmd1ahOvxsCPbjuIN-h3pqmVtdlRr0r-qBdX1vm5-Vw_w4K9PKtyRANmVmMC95NgsDWCAU7WopeACZmii6iFQyDkGWLDE6EjASDXr0_IhI5ug:1u7apc:LOCDCcfkSiKzxFYuefy75WCGkAWaxMoo6l-KmzUaO5I','2025-05-07 14:12:08.310241'),('i24yrmkvjtxzkosjqumsz9cfabpuesdm','.eJxVjDsOwjAQBe_iGllO5E9MSc8ZrN31Lg4gW4qTCnF3iJQC2jcz76USbGtJW-clzVmd1ahOvxsCPbjuIN-h3pqmVtdlRr0r-qBdX1vm5-Vw_w4K9PKtyRANmVmMC95NgsDWCAU7WopeACZmii6iFQyDkGWLDE6EjASDXr0_IhI5ug:1sex5S:c6BOJT-WH1kNclcD7wtqAB4tITsu8R2PQt7vzSYJnmc','2024-08-30 13:33:50.770154'),('i4s1sh2gazz2fap4085d5giwaf6rnu3r','.eJxVjDkOwjAUBe_iGlm2FS-hpOcM1t-MA8iWslSIu0OkFNC-mXkvlWFba94WmfPE6qy8Ov1uCPSQtgO-Q7t1Tb2t84R6V_RBF33tLM_L4f4dVFjqt0aKAgHS4KKUMCIOzpQA0QEBj5a8FJ8AClsyAzNRcqOwNc4aLISg3h8c1Dmc:1sM6nH:hkm2ZLjH54UhYnROxRcDer5Tzhzspgesu_bq0Zf6NGM','2024-07-09 14:05:11.869306'),('ie7kkeoqxvhbx4i7d0ll0ng678aw7xgj','.eJxVjDkOwjAUBe_iGlm2FS-hpOcM1t-MA8iWslSIu0OkFNC-mXkvlWFba94WmfPE6qy8Ov1uCPSQtgO-Q7t1Tb2t84R6V_RBF33tLM_L4f4dVFjqt0aKAgHS4KKUMCIOzpQA0QEBj5a8FJ8AClsyAzNRcqOwNc4aLISg3h8c1Dmc:1uuscb:SutlmhaJH3KkLTEt3zoNWCabobGHTJwa5-aLf46jE5A','2025-09-20 13:06:25.458836'),('imh9xdmhvv54hbp5ilh14vcsczrfoe4j','.eJxVjDkOwjAUBe_iGlm2FS-hpOcM1t-MA8iWslSIu0OkFNC-mXkvlWFba94WmfPE6qy8Ov1uCPSQtgO-Q7t1Tb2t84R6V_RBF33tLM_L4f4dVFjqt0aKAgHS4KKUMCIOzpQA0QEBj5a8FJ8AClsyAzNRcqOwNc4aLISg3h8c1Dmc:1vIuuH:7w0EIVNM2JDm0nKl-nTpX1j6apzrUU8SFfRrF3N8CbA','2025-11-25 20:24:01.705013'),('iy26ou1aa7e98fucfewl324b0lb3fm5j','.eJxVjEEOwiAQRe_C2pBSKBSX7nsGMgMzUjWQlHZlvLtt0oVu_3vvv0WAbc1ha7SEOYmr0OLyuyHEJ5UDpAeUe5WxlnWZUR6KPGmTU030up3u30GGlvc6OvREUbsRKHmDzISslbesGWOnlCZE2zmKqmfDQ79zSKMDY9VgjRefLymGOS4:1vLoN4:T9ZvSH7r8ZxCEfabl_LMAXU_5OKzMT0e8x3vNOpz2VI','2025-12-03 20:01:42.292273'),('j1468ia6vhrzikboweoyc3gug4p5qqhv','.eJxVjDsOwjAQBe_iGllO5E9MSc8ZrN31Lg4gW4qTCnF3iJQC2jcz76USbGtJW-clzVmd1ahOvxsCPbjuIN-h3pqmVtdlRr0r-qBdX1vm5-Vw_w4K9PKtyRANmVmMC95NgsDWCAU7WopeACZmii6iFQyDkGWLDE6EjASDXr0_IhI5ug:1vDLt5:x0qmARB5WInkx6uub2GOhlcxUEN-3CecmfCL7-Kso-s','2025-11-10 11:59:47.651520'),('j2o50hn0sqdva2tkc7ls8un6l8q701c6','.eJxVjDsOwjAQBe_iGllO5E9MSc8ZrN31Lg4gW4qTCnF3iJQC2jcz76USbGtJW-clzVmd1ahOvxsCPbjuIN-h3pqmVtdlRr0r-qBdX1vm5-Vw_w4K9PKtyRANmVmMC95NgsDWCAU7WopeACZmii6iFQyDkGWLDE6EjASDXr0_IhI5ug:1sdsUO:9RamZcRSq3VGVaJjBXTl9Ra_GHmDfaik7XVsmgoy3pY','2024-08-27 14:27:08.199626'),('j4tvfs97drt6k006kjgw0ptxbhqq0ylv','.eJxVjDsOwjAQBe_iGllO5E9MSc8ZrN31Lg4gW4qTCnF3iJQC2jcz76USbGtJW-clzVmd1ahOvxsCPbjuIN-h3pqmVtdlRr0r-qBdX1vm5-Vw_w4K9PKtyRANmVmMC95NgsDWCAU7WopeACZmii6iFQyDkGWLDE6EjASDXr0_IhI5ug:1sGgVu:je9loG59RtEmPv2w2dZ-CvVUB20937jouiZ-nTglDlg','2024-06-24 15:00:50.560756'),('j8kke03171j6c12vdiojjisxjw35j1kx','.eJxVjDsOwjAQBe_iGllO5E9MSc8ZrN31Lg4gW4qTCnF3iJQC2jcz76USbGtJW-clzVmd1ahOvxsCPbjuIN-h3pqmVtdlRr0r-qBdX1vm5-Vw_w4K9PKtyRANmVmMC95NgsDWCAU7WopeACZmii6iFQyDkGWLDE6EjASDXr0_IhI5ug:1uP186:m-zyGeYe1MSbxosDsbeIi7fSkAepKGgnL-x-OxYEujY','2025-06-24 15:43:14.696776'),('jbrnf4kdoeq7annbgw5x3do2a88hqfl3','.eJxVjDsOwjAQBe_iGllO5E9MSc8ZrN31Lg4gW4qTCnF3iJQC2jcz76USbGtJW-clzVmd1ahOvxsCPbjuIN-h3pqmVtdlRr0r-qBdX1vm5-Vw_w4K9PKtyRANmVmMC95NgsDWCAU7WopeACZmii6iFQyDkGWLDE6EjASDXr0_IhI5ug:1sazeF:sQch4zbg6IQmoBVH7SAdvov-22uRhL-f50tJX65YuFg','2024-08-19 15:29:23.671933'),('je8w0fkc88rtet2r85wrh8uq0nbo3ixk','.eJxVjDsOwjAQBe_iGllO5E9MSc8ZrN31Lg4gW4qTCnF3iJQC2jcz76USbGtJW-clzVmd1ahOvxsCPbjuIN-h3pqmVtdlRr0r-qBdX1vm5-Vw_w4K9PKtyRANmVmMC95NgsDWCAU7WopeACZmii6iFQyDkGWLDE6EjASDXr0_IhI5ug:1unywd:wvLUy3hw0MjcBn9te15x2Se5qWv0a7ffytHtLeWQKlw','2025-09-01 12:26:35.263807'),('jikv0tu33o4xddvy7y5umqcwzg8yixje','.eJxVjDkOwjAUBe_iGlm2FS-hpOcM1t-MA8iWslSIu0OkFNC-mXkvlWFba94WmfPE6qy8Ov1uCPSQtgO-Q7t1Tb2t84R6V_RBF33tLM_L4f4dVFjqt0aKAgHS4KKUMCIOzpQA0QEBj5a8FJ8AClsyAzNRcqOwNc4aLISg3h8c1Dmc:1sfnnu:i5lrnU66mqY1OR8i8c8MsM94XdjW91oqnuhwox7sG5I','2024-09-01 21:51:14.021608'),('jofu85tnioag9edxz82g453hr35wqy4s','.eJxVjDsOwjAQBe_iGllO5E9MSc8ZrN31Lg4gW4qTCnF3iJQC2jcz76USbGtJW-clzVmd1ahOvxsCPbjuIN-h3pqmVtdlRr0r-qBdX1vm5-Vw_w4K9PKtyRANmVmMC95NgsDWCAU7WopeACZmii6iFQyDkGWLDE6EjASDXr0_IhI5ug:1tBb2D:96i-x15tPN4vHPKGOpCe9zLMC1uHeh97OlYX7xIKFiU','2024-11-28 14:41:25.995271'),('jr5oozi8vcfjtf0lmaqgrdml66wkbicl','.eJxVjDsOwjAQBe_iGllO5E9MSc8ZrN31Lg4gW4qTCnF3iJQC2jcz76USbGtJW-clzVmd1ahOvxsCPbjuIN-h3pqmVtdlRr0r-qBdX1vm5-Vw_w4K9PKtyRANmVmMC95NgsDWCAU7WopeACZmii6iFQyDkGWLDE6EjASDXr0_IhI5ug:1urGZ7:MBLypPK6QpzN-0tw1kk0AJMJJhgV11kms5kLfz-FjTk','2025-09-10 13:51:53.986428'),('jsc2l3ridancqqhxox749m42kqdjtv4d','.eJxVjDsOwjAQBe_iGllO5E9MSc8ZrN31Lg4gW4qTCnF3iJQC2jcz76USbGtJW-clzVmd1ahOvxsCPbjuIN-h3pqmVtdlRr0r-qBdX1vm5-Vw_w4K9PKtyRANmVmMC95NgsDWCAU7WopeACZmii6iFQyDkGWLDE6EjASDXr0_IhI5ug:1svxnV:VZx-LlvqwVkPXGKHKXUP1kPECDhkdtnUGObf_-o9ar0','2024-10-16 11:45:37.138332'),('ju12o9qy5y11vz31kwk6w1tmdmslnka3','.eJxVjMsOwiAQRf-FtSEDnfJw6d5vIFNgpGogKe3K-O_apAvd3nPOfYlA21rC1vMS5iTOAsXpd5soPnLdQbpTvTUZW12XeZK7Ig_a5bWl_Lwc7t9BoV6-tbXGT-wZtdVKaXBM5IAYR2dUhOwRwOfoNAwugvVp4OiMRUbreUQQ7w_AtjbO:1sbS5Z:sA4_9Sb2OVoTLfEIx5jUvMgwHZN46EfKqYBhdvw9Djk','2024-08-20 21:51:29.627562'),('k4cp7wna1e9x8vtc6aks6qw8q0g0e0dv','.eJxVjEEOwiAQRe_C2pBSKBSX7nsGMgMzUjWQlHZlvLtt0oVu_3vvv0WAbc1ha7SEOYmr0OLyuyHEJ5UDpAeUe5WxlnWZUR6KPGmTU030up3u30GGlvc6OvREUbsRKHmDzISslbesGWOnlCZE2zmKqmfDQ79zSKMDY9VgjRefLymGOS4:1s7hyW:1NomVU_csb_T9U-cKuW6sy2AdmZr8In7VMlz2FsoWeU','2024-05-30 20:45:16.008277'),('k7eaqixbg7wnndjtn2os8ec1uho043of','.eJxVjDsOwjAQBe_iGllO5E9MSc8ZrN31Lg4gW4qTCnF3iJQC2jcz76USbGtJW-clzVmd1ahOvxsCPbjuIN-h3pqmVtdlRr0r-qBdX1vm5-Vw_w4K9PKtyRANmVmMC95NgsDWCAU7WopeACZmii6iFQyDkGWLDE6EjASDXr0_IhI5ug:1u7Cf8:ig6OjZzcHuPkEwQTyey9yeJHaICyaJ4bW9zHkfe4c-E','2025-05-06 12:23:42.599744'),('ka4mr6fi788hf8qfia18wodbldk5399f','.eJxVjDsOwjAQBe_iGllO5E9MSc8ZrN31Lg4gW4qTCnF3iJQC2jcz76USbGtJW-clzVmd1ahOvxsCPbjuIN-h3pqmVtdlRr0r-qBdX1vm5-Vw_w4K9PKtyRANmVmMC95NgsDWCAU7WopeACZmii6iFQyDkGWLDE6EjASDXr0_IhI5ug:1stQhB:nJdKLD3PZcFtj8uR17PjeJtr_gdwkof4Jc4QUHtuGPk','2024-10-09 12:00:37.622901'),('kbdg5qxbamlrn28nnlojhmc59i8eortg','.eJxVjDkOwjAUBe_iGlm2FS-hpOcM1t-MA8iWslSIu0OkFNC-mXkvlWFba94WmfPE6qy8Ov1uCPSQtgO-Q7t1Tb2t84R6V_RBF33tLM_L4f4dVFjqt0aKAgHS4KKUMCIOzpQA0QEBj5a8FJ8AClsyAzNRcqOwNc4aLISg3h8c1Dmc:1s9PVs:lZ0-WbxBaWvb3oeGUPp5kI49LvffyzG_wB-DHNbkvPM','2024-06-04 13:26:44.729545'),('kd8270jtz0hkbi9kg4ojtydxuev3o7bc','.eJxVjMsOwiAQRf-FtSEDnfJw6d5vIFNgpGogKe3K-O_apAvd3nPOfYlA21rC1vMS5iTOAsXpd5soPnLdQbpTvTUZW12XeZK7Ig_a5bWl_Lwc7t9BoV6-tbXGT-wZtdVKaXBM5IAYR2dUhOwRwOfoNAwugvVp4OiMRUbreUQQ7w_AtjbO:1vIvFL:hRVDhmfvgVrEVR-wbH2x1LstnRNs9NiONwAUsFDYo5Y','2025-11-25 20:45:47.566793'),('kek3t5wr93fktv1vtdg87u77tv2xvllj','.eJxVjDsOwjAQBe_iGllO5E9MSc8ZrN31Lg4gW4qTCnF3iJQC2jcz76USbGtJW-clzVmd1ahOvxsCPbjuIN-h3pqmVtdlRr0r-qBdX1vm5-Vw_w4K9PKtyRANmVmMC95NgsDWCAU7WopeACZmii6iFQyDkGWLDE6EjASDXr0_IhI5ug:1tOGAo:Earj-e0L33djxvUAjrPFeEZVCNP4Q0xuBc6WJRV--TM','2025-01-02 13:02:38.529853'),('kmmsghem79lrtrg6gxd1ld263m99kj33','.eJxVjDkOwjAUBe_iGlm2FS-hpOcM1t-MA8iWslSIu0OkFNC-mXkvlWFba94WmfPE6qy8Ov1uCPSQtgO-Q7t1Tb2t84R6V_RBF33tLM_L4f4dVFjqt0aKAgHS4KKUMCIOzpQA0QEBj5a8FJ8AClsyAzNRcqOwNc4aLISg3h8c1Dmc:1vOHTR:bVldmxMbCNXiq8zPR6KVfe6qRN4Q8FKrTjlIeXSOVTg','2025-12-10 15:30:29.208051'),('kzmzqr082izs7cqh55jgm6bdeof7zpcg','.eJxVjDsOwjAQBe_iGllO5E9MSc8ZrN31Lg4gW4qTCnF3iJQC2jcz76USbGtJW-clzVmd1ahOvxsCPbjuIN-h3pqmVtdlRr0r-qBdX1vm5-Vw_w4K9PKtyRANmVmMC95NgsDWCAU7WopeACZmii6iFQyDkGWLDE6EjASDXr0_IhI5ug:1udpXx:5jKlHXiMUl6dOCct6HuZavkvDBIEZsqyxGWUAVzJEi4','2025-08-04 12:23:09.737145'),('l4pmp6louv1buz8dkrqortvfrqkz0yy6','.eJxVjDsOwjAQBe_iGllO5E9MSc8ZrN31Lg4gW4qTCnF3iJQC2jcz76USbGtJW-clzVmd1ahOvxsCPbjuIN-h3pqmVtdlRr0r-qBdX1vm5-Vw_w4K9PKtyRANmVmMC95NgsDWCAU7WopeACZmii6iFQyDkGWLDE6EjASDXr0_IhI5ug:1t5oRL:ugAEb-YcU13WX-Umrv0SJRyJPuSJxfLKdrhmoJc61z0','2024-11-12 15:47:27.375584'),('l617blugoc7ouf6tm2bhx2u3q3f4rh6a','.eJxVjDsOwjAQBe_iGllO5E9MSc8ZrN31Lg4gW4qTCnF3iJQC2jcz76USbGtJW-clzVmd1ahOvxsCPbjuIN-h3pqmVtdlRr0r-qBdX1vm5-Vw_w4K9PKtyRANmVmMC95NgsDWCAU7WopeACZmii6iFQyDkGWLDE6EjASDXr0_IhI5ug:1s406n:ZD_Eq5Wlyol71QXJF25S7GGnVmhsXgfXV3G2hIIcQFA','2024-05-20 15:18:29.418279'),('lbi9uyc3t83ifpz5fkxvvpj0cuhk0kwy','.eJxVjEEOwiAQRe_C2pBSKBSX7nsGMgMzUjWQlHZlvLtt0oVu_3vvv0WAbc1ha7SEOYmr0OLyuyHEJ5UDpAeUe5WxlnWZUR6KPGmTU030up3u30GGlvc6OvREUbsRKHmDzISslbesGWOnlCZE2zmKqmfDQ79zSKMDY9VgjRefLymGOS4:1tiawd:OYjLVsmlX9ZbfyRg-boEUhjXW0sCuzwFreS_SqV25zI','2025-02-27 15:16:03.139824'),('ldtt3c7jsqw5a8oln5d1rdojnlnbtxtn','.eJxVjDkOwjAUBe_iGlm2FS-hpOcM1t-MA8iWslSIu0OkFNC-mXkvlWFba94WmfPE6qy8Ov1uCPSQtgO-Q7t1Tb2t84R6V_RBF33tLM_L4f4dVFjqt0aKAgHS4KKUMCIOzpQA0QEBj5a8FJ8AClsyAzNRcqOwNc4aLISg3h8c1Dmc:1uVWUY:jul-CGXjsmoX8KPTk7gdd38ocVG6stQs7hcSogAGLN4','2025-07-12 14:25:18.417351'),('letkg06iqwaxblzbdcpclygqrnu4fujc','.eJxVjDsOwjAQBe_iGllO5E9MSc8ZrN31Lg4gW4qTCnF3iJQC2jcz76USbGtJW-clzVmd1ahOvxsCPbjuIN-h3pqmVtdlRr0r-qBdX1vm5-Vw_w4K9PKtyRANmVmMC95NgsDWCAU7WopeACZmii6iFQyDkGWLDE6EjASDXr0_IhI5ug:1vTL4m:2jkr6pz0wNEfr6OnjN9UBfvJMubFo4qeifTID3VtSTc','2025-12-24 14:21:56.513097'),('lf4ze2kvhilokcs47z4zags2zzexjh0g','.eJxVjEEOwiAQRe_C2pBSKBSX7nsGMgMzUjWQlHZlvLtt0oVu_3vvv0WAbc1ha7SEOYmr0OLyuyHEJ5UDpAeUe5WxlnWZUR6KPGmTU030up3u30GGlvc6OvREUbsRKHmDzISslbesGWOnlCZE2zmKqmfDQ79zSKMDY9VgjRefLymGOS4:1u7aWd:qKJPzJsSTFAoTSZZgDAlj6P18YA6Q8Co5Fu2MtRf1rE','2025-05-07 13:52:31.996811'),('lgq02gfoloyfuo8u73u65dvr2now026d','.eJxVjDsOwjAQBe_iGllO5E9MSc8ZrN31Lg4gW4qTCnF3iJQC2jcz76USbGtJW-clzVmd1ahOvxsCPbjuIN-h3pqmVtdlRr0r-qBdX1vm5-Vw_w4K9PKtyRANmVmMC95NgsDWCAU7WopeACZmii6iFQyDkGWLDE6EjASDXr0_IhI5ug:1scRRB:bBtUrkWwllmHP3qX5e6aFoWIRPTQwEU6t6R4gqu6mn8','2024-08-23 15:21:53.291047'),('lk40mx08y6y4cfwpjn2xp24altahd9ye','.eJxVjDsOwjAQRO_iGlnrP6Gk5wzWrtfGAeRIcVIh7k4ipYBqpHlv5i0irkuNa89zHFlchBKn344wPXPbAT-w3SeZprbMI8ldkQft8jZxfl0P9--gYq_b-mzRuYyZkjFhC4dYFDHAkLQjXcD6BJk1J-OsAx8KGQY_GO1VIAji8wUGNjgR:1u4RIF:9cZHc8RPuHRcWBWgX_T_9vsAWrWe8ntotKoXfKJuyZc','2025-04-28 21:24:39.641031'),('lo0m6o4opsgdjcirghw5eqepku7apul6','.eJxVjDsOwjAQBe_iGllO5E9MSc8ZrN31Lg4gW4qTCnF3iJQC2jcz76USbGtJW-clzVmd1ahOvxsCPbjuIN-h3pqmVtdlRr0r-qBdX1vm5-Vw_w4K9PKtyRANmVmMC95NgsDWCAU7WopeACZmii6iFQyDkGWLDE6EjASDXr0_IhI5ug:1tmJ3W:nrZ1vRuTnvJ_WVhg8DsaDcPfYyRugmeu3wJFWoGIEvQ','2025-03-09 20:58:30.524815'),('lq2b3fw0e9sxgui2mltq1u8prak8ltgl','.eJxVjDsOwjAQBe_iGllO5E9MSc8ZrN31Lg4gW4qTCnF3iJQC2jcz76USbGtJW-clzVmd1ahOvxsCPbjuIN-h3pqmVtdlRr0r-qBdX1vm5-Vw_w4K9PKtyRANmVmMC95NgsDWCAU7WopeACZmii6iFQyDkGWLDE6EjASDXr0_IhI5ug:1tRX2w:0os4crJNUoPQ3ddfRj0WsNIhJcX-UGjwLVdoG7Q2ME4','2025-01-11 13:40:02.227386'),('lqqkrh3gi5kqx3nugzkful2umfd1mezp','.eJxVjEEOwiAQRe_C2pBSKBSX7nsGMgMzUjWQlHZlvLtt0oVu_3vvv0WAbc1ha7SEOYmr0OLyuyHEJ5UDpAeUe5WxlnWZUR6KPGmTU030up3u30GGlvc6OvREUbsRKHmDzISslbesGWOnlCZE2zmKqmfDQ79zSKMDY9VgjRefLymGOS4:1uD87z:LVIeC-Sqrkri3QIO205TVvnT1UOJwTdejIOEbDp0Fq8','2025-05-22 20:45:59.973979'),('lsedvc9ddb3ncgnmh8rhuyfhclq6xq9w','.eJxVjDsOwjAQRO_iGlnrP6Gk5wzWrtfGAeRIcVIh7k4ipYBqpHlv5i0irkuNa89zHFlchBKn344wPXPbAT-w3SeZprbMI8ldkQft8jZxfl0P9--gYq_b-mzRuYyZkjFhC4dYFDHAkLQjXcD6BJk1J-OsAx8KGQY_GO1VIAji8wUGNjgR:1uUWbB:-qvUT__XdzUpr4v0zFP7gZ1bjQkugXrbAPt0j21Nw-Y','2025-07-09 20:20:01.621112'),('lt57193yrtu9zbn5uf86cjbopy443ry7','.eJxVjDsOwjAQBe_iGllO5E9MSc8ZrN31Lg4gW4qTCnF3iJQC2jcz76USbGtJW-clzVmd1ahOvxsCPbjuIN-h3pqmVtdlRr0r-qBdX1vm5-Vw_w4K9PKtyRANmVmMC95NgsDWCAU7WopeACZmii6iFQyDkGWLDE6EjASDXr0_IhI5ug:1sTh5P:_OcvcfEabYdLdUhDNO54gJGIYiKuRKoprdob7s70-18','2024-07-30 12:15:15.247119'),('lwrksxhqqzxr1oijaf9340zflfp3t92o','.eJxVjDkOwjAUBe_iGlm2FS-hpOcM1t-MA8iWslSIu0OkFNC-mXkvlWFba94WmfPE6qy8Ov1uCPSQtgO-Q7t1Tb2t84R6V_RBF33tLM_L4f4dVFjqt0aKAgHS4KKUMCIOzpQA0QEBj5a8FJ8AClsyAzNRcqOwNc4aLISg3h8c1Dmc:1u5lGd:6jJ55xPFzv1OYq5OR8-nX2Yz1BfjGuJ9ouaZqCAMaQk','2025-05-02 12:56:27.818114'),('lyvq0d530sv83ntlb8vm75l1ol4u8ceu','.eJxVjMsOwiAQRf-FtSEDnfJw6d5vIFNgpGogKe3K-O_apAvd3nPOfYlA21rC1vMS5iTOAsXpd5soPnLdQbpTvTUZW12XeZK7Ig_a5bWl_Lwc7t9BoV6-tbXGT-wZtdVKaXBM5IAYR2dUhOwRwOfoNAwugvVp4OiMRUbreUQQ7w_AtjbO:1shbn0:18qEfFDYELyt33gBJah1K0DsDZHxwxSqhgOAu92l2zs','2024-09-06 21:25:46.213761'),('m4rq873elk5izzg3gqch2qv9iz2lgrjh','.eJxVjDsOwjAQBe_iGllO5E9MSc8ZrN31Lg4gW4qTCnF3iJQC2jcz76USbGtJW-clzVmd1ahOvxsCPbjuIN-h3pqmVtdlRr0r-qBdX1vm5-Vw_w4K9PKtyRANmVmMC95NgsDWCAU7WopeACZmii6iFQyDkGWLDE6EjASDXr0_IhI5ug:1vOHrF:kEKNrfXoPxc9X6DEbj3di9CdTKM8B9VT0yrVYH23UeY','2025-12-10 15:55:05.362109'),('m86yrq4n1ay9o40kszhyjcjvrv4hyngb','.eJxVjEEOwiAQRe_C2pBSKBSX7nsGMgMzUjWQlHZlvLtt0oVu_3vvv0WAbc1ha7SEOYmr0OLyuyHEJ5UDpAeUe5WxlnWZUR6KPGmTU030up3u30GGlvc6OvREUbsRKHmDzISslbesGWOnlCZE2zmKqmfDQ79zSKMDY9VgjRefLymGOS4:1sQvxE:QV45o7D4d9OoxK2BMIZ17u5Gl9rfyAf6LNI3Me7v_eI','2024-07-22 21:31:24.829701'),('mc7ulp724gx8ik0a1s7z05swggddw6q4','.eJxVjDkOwjAUBe_iGlm2FS-hpOcM1t-MA8iWslSIu0OkFNC-mXkvlWFba94WmfPE6qy8Ov1uCPSQtgO-Q7t1Tb2t84R6V_RBF33tLM_L4f4dVFjqt0aKAgHS4KKUMCIOzpQA0QEBj5a8FJ8AClsyAzNRcqOwNc4aLISg3h8c1Dmc:1u5tM5:ybTl2WVl6H5qulz9KZnYFJPr9d4ZTeE_Is6IIf4NSJE','2025-05-02 21:34:37.554845'),('mdfdwjoelrl4lx10ip5owrc1jvks1ql9','.eJxVjDsOwjAQBe_iGllO5E9MSc8ZrN31Lg4gW4qTCnF3iJQC2jcz76USbGtJW-clzVmd1ahOvxsCPbjuIN-h3pqmVtdlRr0r-qBdX1vm5-Vw_w4K9PKtyRANmVmMC95NgsDWCAU7WopeACZmii6iFQyDkGWLDE6EjASDXr0_IhI5ug:1sXgxG:O5icyPrT5s6YloIodgzbX3MFkD1Dw7zsQYSriIOhk0Q','2024-08-10 12:55:22.470515'),('mg6zssqw5m0yvmu0ggafj3d4ipu18gv5','.eJxVjEEOwiAQRe_C2pBSKBSX7nsGMgMzUjWQlHZlvLtt0oVu_3vvv0WAbc1ha7SEOYmr0OLyuyHEJ5UDpAeUe5WxlnWZUR6KPGmTU030up3u30GGlvc6OvREUbsRKHmDzISslbesGWOnlCZE2zmKqmfDQ79zSKMDY9VgjRefLymGOS4:1uO034:doGpaqk1uT-SebilXXRq7vmmnKIhzz6D72XGoKQ-4jE','2025-06-21 20:21:50.274568'),('mjuj6tlhwfby94a8rj4vrr3h6694m9k5','.eJxVjDsOwjAQBe_iGllO5E9MSc8ZrN31Lg4gW4qTCnF3iJQC2jcz76USbGtJW-clzVmd1ahOvxsCPbjuIN-h3pqmVtdlRr0r-qBdX1vm5-Vw_w4K9PKtyRANmVmMC95NgsDWCAU7WopeACZmii6iFQyDkGWLDE6EjASDXr0_IhI5ug:1vLifa:GBaxDkh0oqXaSO8pd3Woh4Trk9CbHzggXza07VS35zw','2025-12-03 13:56:26.889722'),('mt6zhvu9mijhixsxoifcyt6no35vxq0u','.eJxVjDkOwjAUBe_iGlm2FS-hpOcM1t-MA8iWslSIu0OkFNC-mXkvlWFba94WmfPE6qy8Ov1uCPSQtgO-Q7t1Tb2t84R6V_RBF33tLM_L4f4dVFjqt0aKAgHS4KKUMCIOzpQA0QEBj5a8FJ8AClsyAzNRcqOwNc4aLISg3h8c1Dmc:1uneYn:k1FpDTF1iuNOgScIgiMaiXB0qjVG2FmwbMxh28yVGXc','2025-08-31 14:40:37.849315'),('mwipiixy6na13a9czoxz5x70r9sghks9','.eJxVjDkOwjAUBe_iGlm2FS-hpOcM1t-MA8iWslSIu0OkFNC-mXkvlWFba94WmfPE6qy8Ov1uCPSQtgO-Q7t1Tb2t84R6V_RBF33tLM_L4f4dVFjqt0aKAgHS4KKUMCIOzpQA0QEBj5a8FJ8AClsyAzNRcqOwNc4aLISg3h8c1Dmc:1uJCra:iahk3mTH_pfvrzHl7Ohyh_Az0V3-4ABEVzgs8_6Ftfg','2025-06-08 15:02:10.534491'),('n4bzj0eer35tckaddriodged66hj87xu','.eJxVjDsOwjAQBe_iGllO5E9MSc8ZrN31Lg4gW4qTCnF3iJQC2jcz76USbGtJW-clzVmd1ahOvxsCPbjuIN-h3pqmVtdlRr0r-qBdX1vm5-Vw_w4K9PKtyRANmVmMC95NgsDWCAU7WopeACZmii6iFQyDkGWLDE6EjASDXr0_IhI5ug:1smZjC:xgrHP2ak3GekCYZJFI4G-kghVcIo4NI4_ryiub7QbSg','2024-09-20 14:14:22.860422'),('ndh5bqv1px4hspdl5xen1dzhwcw7s5ui','.eJxVjDkOwjAUBe_iGlm2FS-hpOcM1t-MA8iWslSIu0OkFNC-mXkvlWFba94WmfPE6qy8Ov1uCPSQtgO-Q7t1Tb2t84R6V_RBF33tLM_L4f4dVFjqt0aKAgHS4KKUMCIOzpQA0QEBj5a8FJ8AClsyAzNRcqOwNc4aLISg3h8c1Dmc:1ujlPJ:IHXIvrctM6jVOVtRFsUDo_eMuRgLwRJBRdP3Mo_bJkE','2025-08-20 21:10:45.315078'),('ngvr2k0un7mtfm214om0fvq0lw1hcdfx','.eJxVjDsOwjAQBe_iGllO5E9MSc8ZrN31Lg4gW4qTCnF3iJQC2jcz76USbGtJW-clzVmd1ahOvxsCPbjuIN-h3pqmVtdlRr0r-qBdX1vm5-Vw_w4K9PKtyRANmVmMC95NgsDWCAU7WopeACZmii6iFQyDkGWLDE6EjASDXr0_IhI5ug:1u9joY:5rFk-zOCcHoJO9Z5ALYrgVkcc8rMeWiID7wXnCjrJNk','2025-05-13 12:11:54.631476'),('nid5fqgfvui6v7wsdxtzynambifxhvpt','.eJxVjDsOwjAQBe_iGllO5E9MSc8ZrN31Lg4gW4qTCnF3iJQC2jcz76USbGtJW-clzVmd1ahOvxsCPbjuIN-h3pqmVtdlRr0r-qBdX1vm5-Vw_w4K9PKtyRANmVmMC95NgsDWCAU7WopeACZmii6iFQyDkGWLDE6EjASDXr0_IhI5ug:1so1tl:q3WQZ2sWKvg2GU1b2vlrvBWyVo1EQ6hbZoHuaaGBzyU','2024-09-24 14:31:17.262576'),('nrags9yufu25gr6x7djg2op0g2ukp6lm','.eJxVjDsOwjAQBe_iGllO5E9MSc8ZrN31Lg4gW4qTCnF3iJQC2jcz76USbGtJW-clzVmd1ahOvxsCPbjuIN-h3pqmVtdlRr0r-qBdX1vm5-Vw_w4K9PKtyRANmVmMC95NgsDWCAU7WopeACZmii6iFQyDkGWLDE6EjASDXr0_IhI5ug:1tCIPe:2j2VPcRkdV0SWRrs3HPOaExlODMt87Q6CiHFuX-R5ak','2024-11-30 13:00:30.585481'),('nwv0rv4r57abtxkoqi12tdvdj25frkpd','.eJxVjDsOwjAQBe_iGllO5E9MSc8ZrN31Lg4gW4qTCnF3iJQC2jcz76USbGtJW-clzVmd1ahOvxsCPbjuIN-h3pqmVtdlRr0r-qBdX1vm5-Vw_w4K9PKtyRANmVmMC95NgsDWCAU7WopeACZmii6iFQyDkGWLDE6EjASDXr0_IhI5ug:1uw11m:K8ydsEhsc_CsldhDcYk5PWxZa_SQ0vsjGx6_kyuL5mk','2025-09-23 16:17:06.316346'),('nzz2y7hk4jepi0sne1r6izlqbvvfmxgz','.eJxVjEEOwiAQRe_C2pBSKBSX7nsGMgMzUjWQlHZlvLtt0oVu_3vvv0WAbc1ha7SEOYmr0OLyuyHEJ5UDpAeUe5WxlnWZUR6KPGmTU030up3u30GGlvc6OvREUbsRKHmDzISslbesGWOnlCZE2zmKqmfDQ79zSKMDY9VgjRefLymGOS4:1uTiIn:_sFmBNNrM16rBHTqQfXftdOzwWDuqsUpeToAQoRX7CM','2025-07-07 14:37:41.198586'),('o1i16jh9yjvenq4pt1lhhg2e6pxg4t5t','.eJxVjDsOwjAQBe_iGllO5E9MSc8ZrN31Lg4gW4qTCnF3iJQC2jcz76USbGtJW-clzVmd1ahOvxsCPbjuIN-h3pqmVtdlRr0r-qBdX1vm5-Vw_w4K9PKtyRANmVmMC95NgsDWCAU7WopeACZmii6iFQyDkGWLDE6EjASDXr0_IhI5ug:1srIkV:R51Tdvu-qld3rxRHkZfih83XaNUEex7TNtqPLHThivk','2024-10-03 15:07:15.049476'),('o8gwx9ft20fo0zv3aysa2kllibo6tzqj','.eJxVjDsOwjAQBe_iGllO5E9MSc8ZrN31Lg4gW4qTCnF3iJQC2jcz76USbGtJW-clzVmd1ahOvxsCPbjuIN-h3pqmVtdlRr0r-qBdX1vm5-Vw_w4K9PKtyRANmVmMC95NgsDWCAU7WopeACZmii6iFQyDkGWLDE6EjASDXr0_IhI5ug:1uexJ4:Jvqw07WhsezeKmPP6bXKl0dq9hrAlREGkd2R4Fgs0C4','2025-08-07 14:52:26.976044'),('om51knaonvkqb334uylv2uw6bguir9ds','.eJxVjDsOwjAQBe_iGllO5E9MSc8ZrN31Lg4gW4qTCnF3iJQC2jcz76USbGtJW-clzVmd1ahOvxsCPbjuIN-h3pqmVtdlRr0r-qBdX1vm5-Vw_w4K9PKtyRANmVmMC95NgsDWCAU7WopeACZmii6iFQyDkGWLDE6EjASDXr0_IhI5ug:1vU4Oj:Kl25WlOhCU5Zhju8DP5e5oS2ZesDLYOx11F9QtVa_7c','2025-12-26 14:45:33.491864'),('oqy9yd1ovg64nku6r1k3hhtwkxdaspoi','.eJxVjDkOwjAUBe_iGlm2FS-hpOcM1t-MA8iWslSIu0OkFNC-mXkvlWFba94WmfPE6qy8Ov1uCPSQtgO-Q7t1Tb2t84R6V_RBF33tLM_L4f4dVFjqt0aKAgHS4KKUMCIOzpQA0QEBj5a8FJ8AClsyAzNRcqOwNc4aLISg3h8c1Dmc:1tZGTy:hnGTfsKRDTsSqIDm5UP9uL8CuBaW3yodyBuO7VhF_Fc','2025-02-01 21:35:54.158332'),('os611gtwtqwtocbjtnl62x3j7vpqa2ua','.eJxVjDsOwjAQBe_iGllO5E9MSc8ZrN31Lg4gW4qTCnF3iJQC2jcz76USbGtJW-clzVmd1ahOvxsCPbjuIN-h3pqmVtdlRr0r-qBdX1vm5-Vw_w4K9PKtyRANmVmMC95NgsDWCAU7WopeACZmii6iFQyDkGWLDE6EjASDXr0_IhI5ug:1sLlIT:oEczdqhKdu1dqbAuThQI1Ihj860V6UVZAu01rcXkgMU','2024-07-08 15:07:57.854062'),('p0almeaz08gi616t719w48ctrtj2vzz7','.eJxVjDsOwjAQBe_iGllO5E9MSc8ZrN31Lg4gW4qTCnF3iJQC2jcz76USbGtJW-clzVmd1ahOvxsCPbjuIN-h3pqmVtdlRr0r-qBdX1vm5-Vw_w4K9PKtyRANmVmMC95NgsDWCAU7WopeACZmii6iFQyDkGWLDE6EjASDXr0_IhI5ug:1sYmmd:Z0F2CtG5gp1XvnbOKdujM8YGIdZunDwSjuBYUE4HITg','2024-08-13 13:20:55.964937'),('p6en8zgon5s2f6qm2a0lc4k0t9t9n8om','.eJxVjDsOwjAQBe_iGllO5E9MSc8ZrN31Lg4gW4qTCnF3iJQC2jcz76USbGtJW-clzVmd1ahOvxsCPbjuIN-h3pqmVtdlRr0r-qBdX1vm5-Vw_w4K9PKtyRANmVmMC95NgsDWCAU7WopeACZmii6iFQyDkGWLDE6EjASDXr0_IhI5ug:1tkkE2:qNehm9r81QGYaLVKYELWxYpP3dU8o46cTVmwCcY9T7k','2025-03-05 13:34:54.990054'),('pf2hja14yo9x2zmo0q5dtgov98p1bu38','.eJxVjDsOwjAQBe_iGllO5E9MSc8ZrN31Lg4gW4qTCnF3iJQC2jcz76USbGtJW-clzVmd1ahOvxsCPbjuIN-h3pqmVtdlRr0r-qBdX1vm5-Vw_w4K9PKtyRANmVmMC95NgsDWCAU7WopeACZmii6iFQyDkGWLDE6EjASDXr0_IhI5ug:1tIV5n:sxsZRDq9JnCxMGU4_iqb19rLmD6aIAcNU64rV3PqkUc','2024-12-17 15:45:39.539089'),('ppyvdy4bytj3zxpo3zpsu227ble3xdfn','.eJxVjDsOwjAQBe_iGllO5E9MSc8ZrN31Lg4gW4qTCnF3iJQC2jcz76USbGtJW-clzVmd1ahOvxsCPbjuIN-h3pqmVtdlRr0r-qBdX1vm5-Vw_w4K9PKtyRANmVmMC95NgsDWCAU7WopeACZmii6iFQyDkGWLDE6EjASDXr0_IhI5ug:1s5YDD:Rn2xxY8qAm85VJdMqILsWVuRgPjMPa8WmKqzw056kNE','2024-05-24 21:55:31.692055'),('pvhjs5fuc0rwj3gsi8c1nkhjjq96h8oa','.eJxVjDsOwjAQBe_iGllO5E9MSc8ZrN31Lg4gW4qTCnF3iJQC2jcz76USbGtJW-clzVmd1ahOvxsCPbjuIN-h3pqmVtdlRr0r-qBdX1vm5-Vw_w4K9PKtyRANmVmMC95NgsDWCAU7WopeACZmii6iFQyDkGWLDE6EjASDXr0_IhI5ug:1spSRz:Vt2uIvqIpQw1YpdQ9VrGaS4yE4Bapa0l9icDm7YAsFI','2024-09-28 13:04:31.666702'),('pytenm8itv1cdg7rdacp04dgztfllrvp','.eJxVjDsOwjAQRO_iGlnrP6Gk5wzWrtfGAeRIcVIh7k4ipYBqpHlv5i0irkuNa89zHFlchBKn344wPXPbAT-w3SeZprbMI8ldkQft8jZxfl0P9--gYq_b-mzRuYyZkjFhC4dYFDHAkLQjXcD6BJk1J-OsAx8KGQY_GO1VIAji8wUGNjgR:1tVxTn:YaBZRXGuS-TtnrkJB7MemMEN47UKV5EcRxGysKBv5gQ','2025-01-23 18:42:03.582748'),('q3kp3np2ophd7phsxr2ehn1lfo0304qo','.eJxVjEEOwiAQRe_C2pBSKBSX7nsGMgMzUjWQlHZlvLtt0oVu_3vvv0WAbc1ha7SEOYmr0OLyuyHEJ5UDpAeUe5WxlnWZUR6KPGmTU030up3u30GGlvc6OvREUbsRKHmDzISslbesGWOnlCZE2zmKqmfDQ79zSKMDY9VgjRefLymGOS4:1vQtM1:_HuJMEeK6if-p_r3C47JfKtXKJJw0F7PJPL3wV2WC_g','2025-12-17 20:21:37.621512'),('q8la1e49rnas7iyziyin5kjheyidcen0','.eJxVjDsOwjAQRO_iGlnrP6Gk5wzWrtfGAeRIcVIh7k4ipYBqpHlv5i0irkuNa89zHFlchBKn344wPXPbAT-w3SeZprbMI8ldkQft8jZxfl0P9--gYq_b-mzRuYyZkjFhC4dYFDHAkLQjXcD6BJk1J-OsAx8KGQY_GO1VIAji8wUGNjgR:1uppLP:TstcY55kNQa_EqB3YtYna5X_JHqGjsXnmv5LD0W_3ZM','2025-09-06 14:35:47.355140'),('qcad11cr2l3ywupinkrduey35ojjy76e','.eJxVjDsOwjAQBe_iGllO5E9MSc8ZrN31Lg4gW4qTCnF3iJQC2jcz76USbGtJW-clzVmd1ahOvxsCPbjuIN-h3pqmVtdlRr0r-qBdX1vm5-Vw_w4K9PKtyRANmVmMC95NgsDWCAU7WopeACZmii6iFQyDkGWLDE6EjASDXr0_IhI5ug:1tTiXy:sc7HS415kFfuANFCeGSkX_wkFnvGQq_8bkdCTjy6zBg','2025-01-17 14:21:06.258518'),('qecpkx4wosph9z2zhck6aj58nzr9vuko','.eJxVjMsOwiAQRf-FtSEDnfJw6d5vIFNgpGogKe3K-O_apAvd3nPOfYlA21rC1vMS5iTOAsXpd5soPnLdQbpTvTUZW12XeZK7Ig_a5bWl_Lwc7t9BoV6-tbXGT-wZtdVKaXBM5IAYR2dUhOwRwOfoNAwugvVp4OiMRUbreUQQ7w_AtjbO:1sAFOt:_MfKTe_yI6W_MdKTovN1peQJTgBp9iS_3DbYsjwxtrk','2024-06-06 20:50:59.926859'),('qeewyssz1dsyq7cvs6j5iyfiopdmlt5f','.eJxVjDsOwjAQBe_iGllO5E9MSc8ZrN31Lg4gW4qTCnF3iJQC2jcz76USbGtJW-clzVmd1ahOvxsCPbjuIN-h3pqmVtdlRr0r-qBdX1vm5-Vw_w4K9PKtyRANmVmMC95NgsDWCAU7WopeACZmii6iFQyDkGWLDE6EjASDXr0_IhI5ug:1tO2Sy:xUDB_TG3NUyoxxsQbjqU0lwZM5d0pzd5kBp0MIxSnvs','2025-01-01 22:24:28.467089'),('qg3tiqn0lzdhu69mye4t5a97vvhhd99g','.eJxVjDsOwjAQBe_iGllO5E9MSc8ZrN31Lg4gW4qTCnF3iJQC2jcz76USbGtJW-clzVmd1ahOvxsCPbjuIN-h3pqmVtdlRr0r-qBdX1vm5-Vw_w4K9PKtyRANmVmMC95NgsDWCAU7WopeACZmii6iFQyDkGWLDE6EjASDXr0_IhI5ug:1uUnM0:unZKKMPJcIYiyUe509TgO9LwKxyq86uhJ9e8125o7PA','2025-07-10 14:13:28.615590'),('qil9boxoi0gz9snwe4s5c447e2197t92','.eJxVjDsOwjAQBe_iGllO5E9MSc8ZrN31Lg4gW4qTCnF3iJQC2jcz76USbGtJW-clzVmd1ahOvxsCPbjuIN-h3pqmVtdlRr0r-qBdX1vm5-Vw_w4K9PKtyRANmVmMC95NgsDWCAU7WopeACZmii6iFQyDkGWLDE6EjASDXr0_IhI5ug:1vRBVX:ttbetvcfxg22Nk2cIFSM4SeYerqiopRL-LVGfpq-ANg','2025-12-18 15:44:39.747167'),('qj3q70elnzamp8b5p575tuk1uguwmct7','.eJxVjDsOwjAQBe_iGllO5E9MSc8ZrN31Lg4gW4qTCnF3iJQC2jcz76USbGtJW-clzVmd1ahOvxsCPbjuIN-h3pqmVtdlRr0r-qBdX1vm5-Vw_w4K9PKtyRANmVmMC95NgsDWCAU7WopeACZmii6iFQyDkGWLDE6EjASDXr0_IhI5ug:1tsMir:i45hD7PQh9_oTVeu9bCs1CdNiIz9FIsk2UvRd0_381M','2025-03-26 14:06:13.120263'),('qodx3axx721ym7dhygti66baocosocgr','.eJxVjEEOwiAQRe_C2pBSKBSX7nsGMgMzUjWQlHZlvLtt0oVu_3vvv0WAbc1ha7SEOYmr0OLyuyHEJ5UDpAeUe5WxlnWZUR6KPGmTU030up3u30GGlvc6OvREUbsRKHmDzISslbesGWOnlCZE2zmKqmfDQ79zSKMDY9VgjRefLymGOS4:1sbSIM:HQbL-cEcaXcxj5BnFa6rjTAio2co82h-aFgrNUE8tPA','2024-08-20 22:04:42.879626'),('qp7zl5pp7rrjds4fq800dksmmmedp7uz','.eJxVjEEOwiAQRe_C2pBSKBSX7nsGMgMzUjWQlHZlvLtt0oVu_3vvv0WAbc1ha7SEOYmr0OLyuyHEJ5UDpAeUe5WxlnWZUR6KPGmTU030up3u30GGlvc6OvREUbsRKHmDzISslbesGWOnlCZE2zmKqmfDQ79zSKMDY9VgjRefLymGOS4:1tIp3U:iTjeqdYxl-FASLJNgZLi3GPP_doeEEdx0999ql8VQiw','2024-12-18 13:04:36.901450'),('qx4rjcoolqkirenugqa96wu1nwolymwj','.eJxVjDkOwjAUBe_iGlm2FS-hpOcM1t-MA8iWslSIu0OkFNC-mXkvlWFba94WmfPE6qy8Ov1uCPSQtgO-Q7t1Tb2t84R6V_RBF33tLM_L4f4dVFjqt0aKAgHS4KKUMCIOzpQA0QEBj5a8FJ8AClsyAzNRcqOwNc4aLISg3h8c1Dmc:1tK2v2:CghI6KIfTMlRIf8m2bkZF6eH1dktP8tZ6PdByFJa8pw','2024-12-21 22:04:56.372311'),('r3ot0kzhf40e7nud6xp5srp2lzxf9zza','.eJxVjDsOwjAQBe_iGllO5E9MSc8ZrN31Lg4gW4qTCnF3iJQC2jcz76USbGtJW-clzVmd1ahOvxsCPbjuIN-h3pqmVtdlRr0r-qBdX1vm5-Vw_w4K9PKtyRANmVmMC95NgsDWCAU7WopeACZmii6iFQyDkGWLDE6EjASDXr0_IhI5ug:1sh6Hg:vPiO-3HR45Lu5Hn1UonRzrzYK-1x07sjUCe6sKJaSp4','2024-09-05 11:47:20.369145'),('r5tmtlvxyrgh4s9apx38pa119hbfvpxo','.eJxVjEEOwiAQRe_C2pBSKBSX7nsGMgMzUjWQlHZlvLtt0oVu_3vvv0WAbc1ha7SEOYmr0OLyuyHEJ5UDpAeUe5WxlnWZUR6KPGmTU030up3u30GGlvc6OvREUbsRKHmDzISslbesGWOnlCZE2zmKqmfDQ79zSKMDY9VgjRefLymGOS4:1tpozL:MOEOHk19ui05gdd_Sv0B0ugL7gff58289OgjboQLZbI','2025-03-19 13:40:43.868811'),('r5ubw9tbqpkdpdqycztwq7orea0o90jx','.eJxVjDsOwjAQBe_iGllO5E9MSc8ZrN31Lg4gW4qTCnF3iJQC2jcz76USbGtJW-clzVmd1ahOvxsCPbjuIN-h3pqmVtdlRr0r-qBdX1vm5-Vw_w4K9PKtyRANmVmMC95NgsDWCAU7WopeACZmii6iFQyDkGWLDE6EjASDXr0_IhI5ug:1tNCqU:3urReayMcfLiOAOK6vOpGN4IJXfNNVPtabs5Uthp24c','2024-12-30 15:17:18.460824'),('rexkm560n1ncooqjfog0troflfv60owb','.eJxVjDsOwjAQBe_iGllO5E9MSc8ZrN31Lg4gW4qTCnF3iJQC2jcz76USbGtJW-clzVmd1ahOvxsCPbjuIN-h3pqmVtdlRr0r-qBdX1vm5-Vw_w4K9PKtyRANmVmMC95NgsDWCAU7WopeACZmii6iFQyDkGWLDE6EjASDXr0_IhI5ug:1t6Uqf:mIi29XIAuHYnUTEmGcit0tJbiiY-CeKdz64kDVtH4_g','2024-11-14 13:04:25.528864'),('rgz0gbxem3tz5ta0kmwb45lcbbfbzi1g','.eJxVjDsOwjAQRO_iGlnrP6Gk5wzWrtfGAeRIcVIh7k4ipYBqpHlv5i0irkuNa89zHFlchBKn344wPXPbAT-w3SeZprbMI8ldkQft8jZxfl0P9--gYq_b-mzRuYyZkjFhC4dYFDHAkLQjXcD6BJk1J-OsAx8KGQY_GO1VIAji8wUGNjgR:1rwqDJ:pTQiszwD7SGcSL-owPcfyCHLQJkvyXvD9z_vJExPHdo','2024-04-30 21:19:37.938315'),('rhxg1nq73xntsxe5iu3lb6znrbntilvg','.eJxVjEEOwiAQRe_C2pBSKBSX7nsGMgMzUjWQlHZlvLtt0oVu_3vvv0WAbc1ha7SEOYmr0OLyuyHEJ5UDpAeUe5WxlnWZUR6KPGmTU030up3u30GGlvc6OvREUbsRKHmDzISslbesGWOnlCZE2zmKqmfDQ79zSKMDY9VgjRefLymGOS4:1sFG2S:dFuF2PsUO7QVCNounsbcMH2uzNIZCD3giYjn7_wBWaY','2024-06-20 16:32:32.559736'),('ri8orgaajft7p1k7pluruxet8cnriwi0','.eJxVjDsOwjAQBe_iGllO5E9MSc8ZrN31Lg4gW4qTCnF3iJQC2jcz76USbGtJW-clzVmd1ahOvxsCPbjuIN-h3pqmVtdlRr0r-qBdX1vm5-Vw_w4K9PKtyRANmVmMC95NgsDWCAU7WopeACZmii6iFQyDkGWLDE6EjASDXr0_IhI5ug:1scmUm:tUfHE-GwKucNNT4m01dHMOmHkRljWNnlez3UGT0RCiU','2024-08-24 13:51:00.439017'),('rnycyagb0qqp0unc2nncfb5uphfwfhbd','.eJxVjMsOwiAQRf-FtSEDnfJw6d5vIFNgpGogKe3K-O_apAvd3nPOfYlA21rC1vMS5iTOAsXpd5soPnLdQbpTvTUZW12XeZK7Ig_a5bWl_Lwc7t9BoV6-tbXGT-wZtdVKaXBM5IAYR2dUhOwRwOfoNAwugvVp4OiMRUbreUQQ7w_AtjbO:1ujOj9:ht3RxfGHBylAr7pzX8LHW84Gn4EzUzvbGX-HcvgPq2Y','2025-08-19 20:57:43.992807'),('rsl1i4eyl3zvdwt1f29e5ppzlqtv9b09','.eJxVjDsOwjAQBe_iGllO5E9MSc8ZrN31Lg4gW4qTCnF3iJQC2jcz76USbGtJW-clzVmd1ahOvxsCPbjuIN-h3pqmVtdlRr0r-qBdX1vm5-Vw_w4K9PKtyRANmVmMC95NgsDWCAU7WopeACZmii6iFQyDkGWLDE6EjASDXr0_IhI5ug:1vThT6:o3dA9u04RZNFlxjm5r920PFvLeIKlTW1szNvGJ2lO6I','2025-12-25 14:16:32.389546'),('rzmh8xc65hrx81srtzhk2ndhwqk51woh','.eJxVjDsOwjAQBe_iGllO5E9MSc8ZrN31Lg4gW4qTCnF3iJQC2jcz76USbGtJW-clzVmd1ahOvxsCPbjuIN-h3pqmVtdlRr0r-qBdX1vm5-Vw_w4K9PKtyRANmVmMC95NgsDWCAU7WopeACZmii6iFQyDkGWLDE6EjASDXr0_IhI5ug:1tL1k2:L89yE6mV02TtperrhM4uk3XeOiGfn1UbVI7Ts-Pk7Xo','2024-12-24 15:01:38.514250'),('s9ts6x72x6u52m4ypndre12tklcsprtz','.eJxVjDsOwjAQBe_iGllO5E9MSc8ZrN31Lg4gW4qTCnF3iJQC2jcz76USbGtJW-clzVmd1ahOvxsCPbjuIN-h3pqmVtdlRr0r-qBdX1vm5-Vw_w4K9PKtyRANmVmMC95NgsDWCAU7WopeACZmii6iFQyDkGWLDE6EjASDXr0_IhI5ug:1ty8cQ:UAlhyC8zhFBRcFmhyF3X3H3g4JLrj3S-qi0GcwcT7wE','2025-04-11 12:15:26.908414'),('sceqs1rs8gl3pvhuhz2rzkdkku4g9htp','.eJxVjDsOwjAQBe_iGllO5E9MSc8ZrN31Lg4gW4qTCnF3iJQC2jcz76USbGtJW-clzVmd1ahOvxsCPbjuIN-h3pqmVtdlRr0r-qBdX1vm5-Vw_w4K9PKtyRANmVmMC95NgsDWCAU7WopeACZmii6iFQyDkGWLDE6EjASDXr0_IhI5ug:1uyTyK:23vhPTZm9-eBs8qxIaY6MtgHYTg4bc534gRhSLeCSxA','2025-09-30 11:35:44.371479'),('sk6onuq4wtrmruv25ktw10i6s8e3krvf','.eJxVjDsOwjAQBe_iGllO5E9MSc8ZrN31Lg4gW4qTCnF3iJQC2jcz76USbGtJW-clzVmd1ahOvxsCPbjuIN-h3pqmVtdlRr0r-qBdX1vm5-Vw_w4K9PKtyRANmVmMC95NgsDWCAU7WopeACZmii6iFQyDkGWLDE6EjASDXr0_IhI5ug:1t5RDh:HkoxIxq0q2N66rx0ubc8e-2O4d3FbawTgDdpfvuNHJ8','2024-11-11 14:59:49.289936'),('sr44qs11mwdgv2lopj98q9s9ixvstmct','.eJxVjEEOwiAQRe_C2pBSKBSX7nsGMgMzUjWQlHZlvLtt0oVu_3vvv0WAbc1ha7SEOYmr0OLyuyHEJ5UDpAeUe5WxlnWZUR6KPGmTU030up3u30GGlvc6OvREUbsRKHmDzISslbesGWOnlCZE2zmKqmfDQ79zSKMDY9VgjRefLymGOS4:1u2VnT:yQM-8DCexdAWpk7ftirAOvDRHR3-He1YvRzVVXKj3OA','2025-04-23 13:48:55.998315'),('suyavdnm6xb2mbo6mt1wmvpfzcnm2quj','.eJxVjDsOwjAQBe_iGllO5E9MSc8ZrN31Lg4gW4qTCnF3iJQC2jcz76USbGtJW-clzVmd1ahOvxsCPbjuIN-h3pqmVtdlRr0r-qBdX1vm5-Vw_w4K9PKtyRANmVmMC95NgsDWCAU7WopeACZmii6iFQyDkGWLDE6EjASDXr0_IhI5ug:1tmv1E:de4vHsTPSeQtaQ0Y9KnrEhIHcok7egQm8fDw76_U2-4','2025-03-11 13:30:40.921002'),('syp3cuq7t2tan789r703vmnlxtc5ba8u','.eJxVjDkOwjAUBe_iGlm2FS-hpOcM1t-MA8iWslSIu0OkFNC-mXkvlWFba94WmfPE6qy8Ov1uCPSQtgO-Q7t1Tb2t84R6V_RBF33tLM_L4f4dVFjqt0aKAgHS4KKUMCIOzpQA0QEBj5a8FJ8AClsyAzNRcqOwNc4aLISg3h8c1Dmc:1vFB0c:sS1NtF9ZGWPLSJ8HbgVPC_p6a9L4vpCqQCzKzXaxw0I','2025-11-15 12:47:06.866483'),('syzph63mu2s9yjqwqboxep79fmbif0kn','.eJxVjDsOwjAQBe_iGllO5E9MSc8ZrN31Lg4gW4qTCnF3iJQC2jcz76USbGtJW-clzVmd1ahOvxsCPbjuIN-h3pqmVtdlRr0r-qBdX1vm5-Vw_w4K9PKtyRANmVmMC95NgsDWCAU7WopeACZmii6iFQyDkGWLDE6EjASDXr0_IhI5ug:1ssiIZ:2PH02HCGMNF1dJboaFORMia9WZz76nKxdpZIiMxUEdk','2024-10-07 12:36:15.580588'),('t369fhd1hyvmeyhomj90d70fgwtwyer6','.eJxVjDsOwjAQBe_iGllO5E9MSc8ZrN31Lg4gW4qTCnF3iJQC2jcz76USbGtJW-clzVmd1ahOvxsCPbjuIN-h3pqmVtdlRr0r-qBdX1vm5-Vw_w4K9PKtyRANmVmMC95NgsDWCAU7WopeACZmii6iFQyDkGWLDE6EjASDXr0_IhI5ug:1sWGvb:Tj3sqmR0xf4OHFMR1SZLpA7mPxDYw29n4SW7tT3_qvY','2024-08-06 14:55:47.370657'),('t5h4l0upm9e6ms1a6gsq4tltqcqd2ek8','.eJxVjDsOwjAQBe_iGllO5E9MSc8ZrN31Lg4gW4qTCnF3iJQC2jcz76USbGtJW-clzVmd1ahOvxsCPbjuIN-h3pqmVtdlRr0r-qBdX1vm5-Vw_w4K9PKtyRANmVmMC95NgsDWCAU7WopeACZmii6iFQyDkGWLDE6EjASDXr0_IhI5ug:1tHNcN:pQXsq-q2wV5yuLG4RHpaipuV5DMKyr8jscwczrjUUaQ','2024-12-14 13:34:39.924189'),('t9errn6w0rbi007il1ku7pjzdzn6n0jh','.eJxVjDsOwjAQRO_iGlnrP6Gk5wzWrtfGAeRIcVIh7k4ipYBqpHlv5i0irkuNa89zHFlchBKn344wPXPbAT-w3SeZprbMI8ldkQft8jZxfl0P9--gYq_b-mzRuYyZkjFhC4dYFDHAkLQjXcD6BJk1J-OsAx8KGQY_GO1VIAji8wUGNjgR:1uD87Z:7ohAKwwdTHG6WZfgd1z4H7LW6_yjs__g6vWa9iXUcvQ','2025-05-22 20:45:33.758589'),('thw07ebjareujeijltua6svmv6e4tpj9','.eJxVjDkOwjAUBe_iGlm2FS-hpOcM1t-MA8iWslSIu0OkFNC-mXkvlWFba94WmfPE6qy8Ov1uCPSQtgO-Q7t1Tb2t84R6V_RBF33tLM_L4f4dVFjqt0aKAgHS4KKUMCIOzpQA0QEBj5a8FJ8AClsyAzNRcqOwNc4aLISg3h8c1Dmc:1tp7AF:cWensQAFhMbgk9a-ZFviUKn5CF4FaxzsidSacfCes78','2025-03-17 14:53:03.653226'),('tkkmk96cqbnhe41o3836fmhui7rv2tq5','.eJxVjDsOwjAQRO_iGlnrP6Gk5wzWrtfGAeRIcVIh7k4ipYBqpHlv5i0irkuNa89zHFlchBKn344wPXPbAT-w3SeZprbMI8ldkQft8jZxfl0P9--gYq_b-mzRuYyZkjFhC4dYFDHAkLQjXcD6BJk1J-OsAx8KGQY_GO1VIAji8wUGNjgR:1vIvBu:hrf_BWHGGZK831ph-JMkduQeEyLWB9YGNMTQ32PESOY','2025-11-25 20:42:14.782896'),('tx56wa7g3dmwvfllfi139kivx4bc95il','.eJxVjEEOwiAQRe_C2pBSKBSX7nsGMgMzUjWQlHZlvLtt0oVu_3vvv0WAbc1ha7SEOYmr0OLyuyHEJ5UDpAeUe5WxlnWZUR6KPGmTU030up3u30GGlvc6OvREUbsRKHmDzISslbesGWOnlCZE2zmKqmfDQ79zSKMDY9VgjRefLymGOS4:1v66E8:FW82GqGc_elzxuT-INyH87En-F97TcbIeHDvT5XDTDc','2025-10-21 11:51:32.718455'),('u4jix6t11w9ucskcvn7wbc2zij95jvqn','.eJxVjDsOwjAQBe_iGllO5E9MSc8ZrN31Lg4gW4qTCnF3iJQC2jcz76USbGtJW-clzVmd1ahOvxsCPbjuIN-h3pqmVtdlRr0r-qBdX1vm5-Vw_w4K9PKtyRANmVmMC95NgsDWCAU7WopeACZmii6iFQyDkGWLDE6EjASDXr0_IhI5ug:1thV5X:AXe-P7r7CE9XCV16V0o2DU_aCmYrH1W8ZYR2-4Aj-yM','2025-02-24 14:48:43.476892'),('ubjhitbcm9lqe4r9f3f8lppoknij1p3s','.eJxVjDsOwjAQBe_iGllO5E9MSc8ZrN31Lg4gW4qTCnF3iJQC2jcz76USbGtJW-clzVmd1ahOvxsCPbjuIN-h3pqmVtdlRr0r-qBdX1vm5-Vw_w4K9PKtyRANmVmMC95NgsDWCAU7WopeACZmii6iFQyDkGWLDE6EjASDXr0_IhI5ug:1uM5u1:Ct_zPd3MIyhIiJUqMH269zgztayBypjzNIMtAhAEwNI','2025-06-16 14:12:37.467777'),('v507wbbf6koc5lvqka5c3gnpeirh6l0m','.eJxVjEEOwiAQRe_C2pBSKBSX7nsGMgMzUjWQlHZlvLtt0oVu_3vvv0WAbc1ha7SEOYmr0OLyuyHEJ5UDpAeUe5WxlnWZUR6KPGmTU030up3u30GGlvc6OvREUbsRKHmDzISslbesGWOnlCZE2zmKqmfDQ79zSKMDY9VgjRefLymGOS4:1uzEVc:3LPWrTboWrEXLAKFiujcL4nFPDhpEdfGb_PNAkt7xho','2025-10-02 13:17:12.054033'),('vka4x3llaiexs2uqp8xjrg6aehwfnymn','.eJxVjDsOwjAQBe_iGllO5E9MSc8ZrN31Lg4gW4qTCnF3iJQC2jcz76USbGtJW-clzVmd1ahOvxsCPbjuIN-h3pqmVtdlRr0r-qBdX1vm5-Vw_w4K9PKtyRANmVmMC95NgsDWCAU7WopeACZmii6iFQyDkGWLDE6EjASDXr0_IhI5ug:1usKHV:Ri6pb6Wd1JoAr96U_uTkngpcX1qZ8P9H-B7E0jF9vNU','2025-09-13 12:02:05.686246'),('vnydg1tqid0p8p125k4biuj5e6nvzde6','.eJxVjEEOwiAQRe_C2pBSKBSX7nsGMgMzUjWQlHZlvLtt0oVu_3vvv0WAbc1ha7SEOYmr0OLyuyHEJ5UDpAeUe5WxlnWZUR6KPGmTU030up3u30GGlvc6OvREUbsRKHmDzISslbesGWOnlCZE2zmKqmfDQ79zSKMDY9VgjRefLymGOS4:1smBQJ:nL402hiHx2SQc2iC52ESLz9IIRn0tyWa915GDYmWG9A','2024-09-19 12:17:15.903427'),('vt7qiemwzii5lu3r6vsdcj7eich3erzw','.eJxVjDsOwjAQBe_iGllO5E9MSc8ZrN31Lg4gW4qTCnF3iJQC2jcz76USbGtJW-clzVmd1ahOvxsCPbjuIN-h3pqmVtdlRr0r-qBdX1vm5-Vw_w4K9PKtyRANmVmMC95NgsDWCAU7WopeACZmii6iFQyDkGWLDE6EjASDXr0_IhI5ug:1vFtjL:tOSnG-icxvX05wOQ8cb6YkcK6VtvgvwWZb6gTodIaQU','2025-11-17 12:32:15.679474'),('vtzfhma70kf5qk41zxw63ggmeedy2a3g','.eJxVjDsOwjAQBe_iGllO5E9MSc8ZrN31Lg4gW4qTCnF3iJQC2jcz76USbGtJW-clzVmd1ahOvxsCPbjuIN-h3pqmVtdlRr0r-qBdX1vm5-Vw_w4K9PKtyRANmVmMC95NgsDWCAU7WopeACZmii6iFQyDkGWLDE6EjASDXr0_IhI5ug:1tH2JN:7JU-GO3pmqZFvEkRRtvUZML5a0DekWy4rKnUCEdLRVo','2024-12-13 14:49:37.367518'),('w9u7xvg6a0lvhwkff5yxddfghc89lng8','.eJxVjDsOwjAQBe_iGllO5E9MSc8ZrN31Lg4gW4qTCnF3iJQC2jcz76USbGtJW-clzVmd1ahOvxsCPbjuIN-h3pqmVtdlRr0r-qBdX1vm5-Vw_w4K9PKtyRANmVmMC95NgsDWCAU7WopeACZmii6iFQyDkGWLDE6EjASDXr0_IhI5ug:1sWcL2:lFtJVAXXmHdfYHuoCiygUWMKh0xAVeW6Z-fhtqpcaFc','2024-08-07 13:47:28.186764'),('wb2mu03vrhxffqj7r2krxtsjj99c4uyn','.eJxVjDsOwjAQBe_iGllO5E9MSc8ZrN31Lg4gW4qTCnF3iJQC2jcz76USbGtJW-clzVmd1ahOvxsCPbjuIN-h3pqmVtdlRr0r-qBdX1vm5-Vw_w4K9PKtyRANmVmMC95NgsDWCAU7WopeACZmii6iFQyDkGWLDE6EjASDXr0_IhI5ug:1uH32N:25QIK9t4rX53r-KVLk86hgaC1goSvJC9hWwuGK3kb8k','2025-06-02 16:08:23.442360'),('wc8jj27s1u1lcp904vuxav4qwg8d7yxc','.eJxVjDsOwjAQBe_iGllO5E9MSc8ZrN31Lg4gW4qTCnF3iJQC2jcz76USbGtJW-clzVmd1ahOvxsCPbjuIN-h3pqmVtdlRr0r-qBdX1vm5-Vw_w4K9PKtyRANmVmMC95NgsDWCAU7WopeACZmii6iFQyDkGWLDE6EjASDXr0_IhI5ug:1tngLJ:JshYzS39i2tZU45cg-2I8jmoxxpwN8BCKhq_jPWwtHE','2025-03-13 16:02:33.753154'),('wdnlnek6naxaobf3iszo3t3v9rgavzz3','.eJxVjDkOwjAUBe_iGlm2FS-hpOcM1t-MA8iWslSIu0OkFNC-mXkvlWFba94WmfPE6qy8Ov1uCPSQtgO-Q7t1Tb2t84R6V_RBF33tLM_L4f4dVFjqt0aKAgHS4KKUMCIOzpQA0QEBj5a8FJ8AClsyAzNRcqOwNc4aLISg3h8c1Dmc:1uzDIa:NRCLp_cQm_rfL_1pZwrq3ItDjrBcqHYHvvkMGTsSFr4','2025-10-02 11:59:40.030543'),('wvondzj7dqrlcwby0hdumviv0ofgxaiz','.eJxVjDkOwjAUBe_iGlm2FS-hpOcM1t-MA8iWslSIu0OkFNC-mXkvlWFba94WmfPE6qy8Ov1uCPSQtgO-Q7t1Tb2t84R6V_RBF33tLM_L4f4dVFjqt0aKAgHS4KKUMCIOzpQA0QEBj5a8FJ8AClsyAzNRcqOwNc4aLISg3h8c1Dmc:1sPOs8:i7tPhe4Aa_mWlQ9wYLLH_c238orG4EK7mUjHG98HYuQ','2024-07-18 15:59:48.292089'),('wwje1jcrgk090fvjy06ezqdzwcn6ehmh','.eJxVjDsOwjAQBe_iGllO5E9MSc8ZrN31Lg4gW4qTCnF3iJQC2jcz76USbGtJW-clzVmd1ahOvxsCPbjuIN-h3pqmVtdlRr0r-qBdX1vm5-Vw_w4K9PKtyRANmVmMC95NgsDWCAU7WopeACZmii6iFQyDkGWLDE6EjASDXr0_IhI5ug:1tNYSP:R0dW2R2JPjoLZf57eR6ipL-Tu4AEmKCNJ8cCDM9say4','2024-12-31 14:21:53.640253'),('wwzxtmfnlyj69470zoqxppx319v13zb6','.eJxVjEEOwiAQRe_C2pBSKBSX7nsGMgMzUjWQlHZlvLtt0oVu_3vvv0WAbc1ha7SEOYmr0OLyuyHEJ5UDpAeUe5WxlnWZUR6KPGmTU030up3u30GGlvc6OvREUbsRKHmDzISslbesGWOnlCZE2zmKqmfDQ79zSKMDY9VgjRefLymGOS4:1ujlHI:yFcF-GgkFDW-jY0CmWueznHe0JR4xM6R2a5RLPcrCYs','2025-08-20 21:02:28.686351'),('wytvp8we0xcpjwh76drxdvklskeye0hj','.eJxVjDsOwjAQBe_iGllO5E9MSc8ZrN31Lg4gW4qTCnF3iJQC2jcz76USbGtJW-clzVmd1ahOvxsCPbjuIN-h3pqmVtdlRr0r-qBdX1vm5-Vw_w4K9PKtyRANmVmMC95NgsDWCAU7WopeACZmii6iFQyDkGWLDE6EjASDXr0_IhI5ug:1seDVB:-13MYjORW4hLEk3PL0i8Z4GQWTIM2ZKYBTwKRfnD1aU','2024-08-28 12:53:21.561162'),('x1qlhd37rmi550sqj8d187pzahaf10jt','.eJxVjDsOwjAQBe_iGllO5E9MSc8ZrN31Lg4gW4qTCnF3iJQC2jcz76USbGtJW-clzVmd1ahOvxsCPbjuIN-h3pqmVtdlRr0r-qBdX1vm5-Vw_w4K9PKtyRANmVmMC95NgsDWCAU7WopeACZmii6iFQyDkGWLDE6EjASDXr0_IhI5ug:1tOOzL:OV3l1rLip1ya6chifAWb1Qy6Sib1jgeLmgOryErjcGE','2025-01-02 22:27:23.275063'),('x3gmjmb536uz7p8y7p3ghdikiztqbzs9','.eJxVjDsOwjAQBe_iGllO5E9MSc8ZrN31Lg4gW4qTCnF3iJQC2jcz76USbGtJW-clzVmd1ahOvxsCPbjuIN-h3pqmVtdlRr0r-qBdX1vm5-Vw_w4K9PKtyRANmVmMC95NgsDWCAU7WopeACZmii6iFQyDkGWLDE6EjASDXr0_IhI5ug:1sZ8AV:RSUezVIMqH1YQlfSdJeLJgw67NsOOVFQdCpTxDX26E4','2024-08-14 12:10:59.937003'),('x52hk5eduqy744vx9vo8qhhry7dsn33r','.eJxVjDsOwjAQBe_iGllO5E9MSc8ZrN31Lg4gW4qTCnF3iJQC2jcz76USbGtJW-clzVmd1ahOvxsCPbjuIN-h3pqmVtdlRr0r-qBdX1vm5-Vw_w4K9PKtyRANmVmMC95NgsDWCAU7WopeACZmii6iFQyDkGWLDE6EjASDXr0_IhI5ug:1sRtAY:pEq6cfH7DNCtYGd0W0n99of8xgXe5EMUhKKyALTUwtU','2024-07-25 12:45:06.247432'),('x78ryzvxc60l7whqcl6tzvi6ui3n02oq','.eJxVjDkOwjAUBe_iGlm2FS-hpOcM1t-MA8iWslSIu0OkFNC-mXkvlWFba94WmfPE6qy8Ov1uCPSQtgO-Q7t1Tb2t84R6V_RBF33tLM_L4f4dVFjqt0aKAgHS4KKUMCIOzpQA0QEBj5a8FJ8AClsyAzNRcqOwNc4aLISg3h8c1Dmc:1sfndM:fEI17qS_UejyL8IgmdEslWw-9dhPMy1IsIiqTRUU3vs','2024-09-01 21:40:20.292002'),('xa942e4g6fn995v77wjmydimgmfyqa04','.eJxVjDsOwjAQBe_iGllO5E9MSc8ZrN31Lg4gW4qTCnF3iJQC2jcz76USbGtJW-clzVmd1ahOvxsCPbjuIN-h3pqmVtdlRr0r-qBdX1vm5-Vw_w4K9PKtyRANmVmMC95NgsDWCAU7WopeACZmii6iFQyDkGWLDE6EjASDXr0_IhI5ug:1tkLCk:WCpXErcU4V70aNyc7-ATnEtfy7hfVSjBw4p8kLPkM0c','2025-03-04 10:51:54.232064'),('xhxm9rc8bl80thwe75xoyeommlh02ewt','.eJxVjDkOwjAUBe_iGlm2FS-hpOcM1t-MA8iWslSIu0OkFNC-mXkvlWFba94WmfPE6qy8Ov1uCPSQtgO-Q7t1Tb2t84R6V_RBF33tLM_L4f4dVFjqt0aKAgHS4KKUMCIOzpQA0QEBj5a8FJ8AClsyAzNRcqOwNc4aLISg3h8c1Dmc:1usN6O:5PUYyBsFFbSSi5wCWQU6r7IxPvnNUroCQeSFoq98N9Q','2025-09-13 15:02:48.041656'),('xifftecbfxuln4e321gzyr1jz51wx8vf','.eJxVjDsOwjAQBe_iGllO5E9MSc8ZrN31Lg4gW4qTCnF3iJQC2jcz76USbGtJW-clzVmd1ahOvxsCPbjuIN-h3pqmVtdlRr0r-qBdX1vm5-Vw_w4K9PKtyRANmVmMC95NgsDWCAU7WopeACZmii6iFQyDkGWLDE6EjASDXr0_IhI5ug:1tIrAR:v-3RNHUSA6tHFHT5jLA0CPIRF4Az3pQjwr1I4AGK1BY','2024-12-18 15:19:55.833926'),('xjkakyj0h2jb7muto7uznn9f0u7ohuep','.eJxVjDsOwjAQBe_iGllO5E9MSc8ZrN31Lg4gW4qTCnF3iJQC2jcz76USbGtJW-clzVmd1ahOvxsCPbjuIN-h3pqmVtdlRr0r-qBdX1vm5-Vw_w4K9PKtyRANmVmMC95NgsDWCAU7WopeACZmii6iFQyDkGWLDE6EjASDXr0_IhI5ug:1uZrOD:QILslAtwBfCYor2Xv7hL-zkfECdAFe-S4rw1F69HPAY','2025-07-24 13:32:41.327769'),('y9up3cgjb3zjgftw7klqo2jx4k9150je','.eJxVjDsOwjAQBe_iGllO5E9MSc8ZrN31Lg4gW4qTCnF3iJQC2jcz76USbGtJW-clzVmd1ahOvxsCPbjuIN-h3pqmVtdlRr0r-qBdX1vm5-Vw_w4K9PKtyRANmVmMC95NgsDWCAU7WopeACZmii6iFQyDkGWLDE6EjASDXr0_IhI5ug:1ulroQ:fgOGnEsvCkbPcVY00NzTNOSrn_a8DMudnZQwHzs7yUI','2025-08-26 16:25:22.474237'),('yg6fy8gebrj6f6hrs93zj8y255g7nen4','.eJxVjDsOwjAQBe_iGllO5E9MSc8ZrN31Lg4gW4qTCnF3iJQC2jcz76USbGtJW-clzVmd1ahOvxsCPbjuIN-h3pqmVtdlRr0r-qBdX1vm5-Vw_w4K9PKtyRANmVmMC95NgsDWCAU7WopeACZmii6iFQyDkGWLDE6EjASDXr0_IhI5ug:1uA7Xu:wT_mn9gYmRmS9S3t2GchC5yB0kFwElsDjhBojvZksw4','2025-05-14 13:32:18.180359'),('ypqnu6r03rga4xplfnb850c4t5x2inee','.eJxVjDsOwjAQBe_iGllO5E9MSc8ZrN31Lg4gW4qTCnF3iJQC2jcz76USbGtJW-clzVmd1ahOvxsCPbjuIN-h3pqmVtdlRr0r-qBdX1vm5-Vw_w4K9PKtyRANmVmMC95NgsDWCAU7WopeACZmii6iFQyDkGWLDE6EjASDXr0_IhI5ug:1t292o:Ju-tp3TiVMWFiMg9pTJPgIT8ok14nIKUMfPbqGHdwB8','2024-11-02 12:58:58.216883'),('ypzpx3yaiei0tuan39zgs0cbaarqvr1w','.eJxVjDsOwjAQBe_iGllO5E9MSc8ZrN31Lg4gW4qTCnF3iJQC2jcz76USbGtJW-clzVmd1ahOvxsCPbjuIN-h3pqmVtdlRr0r-qBdX1vm5-Vw_w4K9PKtyRANmVmMC95NgsDWCAU7WopeACZmii6iFQyDkGWLDE6EjASDXr0_IhI5ug:1tNtDy:ZH0nXZqr6wH21NTchHhk3iGKfUnNtTaOJ2WD0CoonYs','2025-01-01 12:32:22.595778'),('yvh5k0l9vueelph5hu0a6vnl8sx9v5ve','.eJxVjDsOwjAQBe_iGllO5E9MSc8ZrN31Lg4gW4qTCnF3iJQC2jcz76USbGtJW-clzVmd1ahOvxsCPbjuIN-h3pqmVtdlRr0r-qBdX1vm5-Vw_w4K9PKtyRANmVmMC95NgsDWCAU7WopeACZmii6iFQyDkGWLDE6EjASDXr0_IhI5ug:1uKFPd:s7uxQ4ojcUvarDuspIVCPZ-u_tj1JAA1gxS_WhWSkgI','2025-06-11 11:57:37.686380'),('ywaqxtruecvrdum2r9tfx1lq08mm9auj','.eJxVjDsOwjAQBe_iGllO5E9MSc8ZrN31Lg4gW4qTCnF3iJQC2jcz76USbGtJW-clzVmd1ahOvxsCPbjuIN-h3pqmVtdlRr0r-qBdX1vm5-Vw_w4K9PKtyRANmVmMC95NgsDWCAU7WopeACZmii6iFQyDkGWLDE6EjASDXr0_IhI5ug:1suD1j:SqQudFJIxLfxaJ1arK1Fcf7Ee4HlmCjj50ZoJ5J65Q8','2024-10-11 15:37:03.476230'),('z1ao8gvknc906bwxgq69ph4jrntdhfv2','.eJxVjDsOwjAQBe_iGllO5E9MSc8ZrN31Lg4gW4qTCnF3iJQC2jcz76USbGtJW-clzVmd1ahOvxsCPbjuIN-h3pqmVtdlRr0r-qBdX1vm5-Vw_w4K9PKtyRANmVmMC95NgsDWCAU7WopeACZmii6iFQyDkGWLDE6EjASDXr0_IhI5ug:1v3vMy:HQpC1_-4QqZFSIULYDKMmI2Y1eBwQigOkPTanODRdKs','2025-10-15 11:51:40.328775'),('z3b1w8z89kxpb9ii4x43wjn5twrsl6nn','.eJxVjDsOwjAQBe_iGllO5E9MSc8ZrN31Lg4gW4qTCnF3iJQC2jcz76USbGtJW-clzVmd1ahOvxsCPbjuIN-h3pqmVtdlRr0r-qBdX1vm5-Vw_w4K9PKtyRANmVmMC95NgsDWCAU7WopeACZmii6iFQyDkGWLDE6EjASDXr0_IhI5ug:1tU3pf:kMJbRDkpnr1sCQwRSW5rbuvod_7BjdM49qW1nsGSB9I','2025-01-18 13:04:47.864249'),('z9vt41pvzbqu4h3y3kvdygp636kfiali','.eJxVjDkOwjAUBe_iGlm2FS-hpOcM1t-MA8iWslSIu0OkFNC-mXkvlWFba94WmfPE6qy8Ov1uCPSQtgO-Q7t1Tb2t84R6V_RBF33tLM_L4f4dVFjqt0aKAgHS4KKUMCIOzpQA0QEBj5a8FJ8AClsyAzNRcqOwNc4aLISg3h8c1Dmc:1vMXcB:zEJs-mgRrp89D0Vh9yWkQHnQU81C7vG0PBdn8n50LcU','2025-12-05 20:20:19.597587'),('zdi29i04muf9d9ow370l1qy8jse0xa61','.eJxVjDsOwjAQBe_iGllO5E9MSc8ZrN31Lg4gW4qTCnF3iJQC2jcz76USbGtJW-clzVmd1ahOvxsCPbjuIN-h3pqmVtdlRr0r-qBdX1vm5-Vw_w4K9PKtyRANmVmMC95NgsDWCAU7WopeACZmii6iFQyDkGWLDE6EjASDXr0_IhI5ug:1uaCcK:RmH2pJjgj9gRJfOt8it594xkncrixjykROpAYq68mQ4','2025-07-25 12:12:40.844824'),('zf8qqz059sc9r68mwv98jh6vq5z3iifg','.eJxVjDsOwjAQBe_iGllO5E9MSc8ZrN31Lg4gW4qTCnF3iJQC2jcz76USbGtJW-clzVmd1ahOvxsCPbjuIN-h3pqmVtdlRr0r-qBdX1vm5-Vw_w4K9PKtyRANmVmMC95NgsDWCAU7WopeACZmii6iFQyDkGWLDE6EjASDXr0_IhI5ug:1uYlLv:0xp9xZdj7CEgwAkrXXm-AgJQy21DhdzIdE7sSHEwtKY','2025-07-21 12:53:47.067897'),('zmb05vhk51y5oi5e1x2hul79wsx7wp3r','.eJxVjDsOwjAQBe_iGllO5E9MSc8ZrN31Lg4gW4qTCnF3iJQC2jcz76USbGtJW-clzVmd1ahOvxsCPbjuIN-h3pqmVtdlRr0r-qBdX1vm5-Vw_w4K9PKtyRANmVmMC95NgsDWCAU7WopeACZmii6iFQyDkGWLDE6EjASDXr0_IhI5ug:1sZtQz:q9hiwQSLr8qzAFxiMM2WSCJzFe147tfW2exvnDONv2o','2024-08-16 14:39:09.333737'),('znw42t0ftynx0scfamhka0dg0ht2tz5i','.eJxVjDsOwjAQBe_iGllO5E9MSc8ZrN31Lg4gW4qTCnF3iJQC2jcz76USbGtJW-clzVmd1ahOvxsCPbjuIN-h3pqmVtdlRr0r-qBdX1vm5-Vw_w4K9PKtyRANmVmMC95NgsDWCAU7WopeACZmii6iFQyDkGWLDE6EjASDXr0_IhI5ug:1uCK12:BcES1hFuqDBX9JRRmp6tqXl7zFpWyXYyD8XNmYHE5tU','2025-05-20 15:15:28.686580'),('ztx4n787o2ek5w0ut5funhzrxj7oqzmi','.eJxVjDsOwjAQBe_iGllO5E9MSc8ZrN31Lg4gW4qTCnF3iJQC2jcz76USbGtJW-clzVmd1ahOvxsCPbjuIN-h3pqmVtdlRr0r-qBdX1vm5-Vw_w4K9PKtyRANmVmMC95NgsDWCAU7WopeACZmii6iFQyDkGWLDE6EjASDXr0_IhI5ug:1srcBN:-NaKMdp31fMooINv9LWSidf0svxuzGnWvrPB7k31aiQ','2024-10-04 11:52:17.404451');
/*!40000 ALTER TABLE `django_session` ENABLE KEYS */;
UNLOCK TABLES;

--
-- Table structure for table `Producto`
--

DROP TABLE IF EXISTS `Producto`;
/*!40101 SET @saved_cs_client     = @@character_set_client */;
/*!50503 SET character_set_client = utf8mb4 */;
CREATE TABLE `Producto` (
  `id` bigint NOT NULL AUTO_INCREMENT,
  `denominacion` varchar(100) NOT NULL,
  `fecha_alta` datetime(6) NOT NULL,
  `fecha_actualizacion` datetime(6) NOT NULL,
  PRIMARY KEY (`id`)
) ENGINE=InnoDB DEFAULT CHARSET=utf8mb4 COLLATE=utf8mb4_0900_ai_ci;
/*!40101 SET character_set_client = @saved_cs_client */;

--
-- Dumping data for table `Producto`
--

LOCK TABLES `Producto` WRITE;
/*!40000 ALTER TABLE `Producto` DISABLE KEYS */;
/*!40000 ALTER TABLE `Producto` ENABLE KEYS */;
UNLOCK TABLES;

--
-- Table structure for table `Puerto`
--

DROP TABLE IF EXISTS `Puerto`;
/*!40101 SET @saved_cs_client     = @@character_set_client */;
/*!50503 SET character_set_client = utf8mb4 */;
CREATE TABLE `Puerto` (
  `id` bigint NOT NULL AUTO_INCREMENT,
  `nombre` varchar(100) NOT NULL,
  `fecha_alta` datetime(6) NOT NULL,
  `fecha_actualizacion` datetime(6) NOT NULL,
  `codigoAduana` int DEFAULT NULL,
  PRIMARY KEY (`id`)
) ENGINE=InnoDB AUTO_INCREMENT=12 DEFAULT CHARSET=utf8mb4 COLLATE=utf8mb4_0900_ai_ci;
/*!40101 SET character_set_client = @saved_cs_client */;

--
-- Dumping data for table `Puerto`
--

LOCK TABLES `Puerto` WRITE;
/*!40000 ALTER TABLE `Puerto` DISABLE KEYS */;
INSERT INTO `Puerto` VALUES (1,'Almirante Storni','2023-07-04 22:04:07.863913','2025-08-08 13:38:16.039639',47),(2,'Rawson','2023-07-04 22:04:15.201270','2023-07-04 22:04:15.201302',NULL),(3,'Camarones','2023-07-04 22:04:24.496849','2025-02-25 16:45:46.633873',14),(4,'Mar del Plata','2024-04-30 13:50:02.676762','2024-04-30 13:50:02.676780',37),(5,'BAHIA BLANCA','2024-05-09 13:48:42.040140','2024-05-09 13:48:42.040158',3),(6,'ROSALES','2024-05-14 22:32:56.410592','2024-05-14 22:54:37.838177',3),(7,'Almirante Luis Piedra Buena','2024-06-11 20:27:55.729158','2025-08-08 13:37:47.382663',47),(8,'Comodoro Rivadavia','2025-02-25 16:15:28.474526','2025-07-22 22:42:44.272698',14),(9,'Puerto Deseado','2025-04-12 13:46:33.192007','2025-04-14 22:02:47.709610',19),(10,'Caleta Cordoba','2025-04-14 22:03:46.285539','2025-04-14 22:04:03.912616',1),(11,'Astillero Río Paraná Sur','2025-04-22 13:48:23.826416','2025-04-22 13:50:42.867248',0);
/*!40000 ALTER TABLE `Puerto` ENABLE KEYS */;
UNLOCK TABLES;

--
-- Table structure for table `Rancho`
--

DROP TABLE IF EXISTS `Rancho`;
/*!40101 SET @saved_cs_client     = @@character_set_client */;
/*!50503 SET character_set_client = utf8mb4 */;
CREATE TABLE `Rancho` (
  `id` bigint NOT NULL AUTO_INCREMENT,
  `fechaCarga` datetime(6) NOT NULL,
  `litros` int NOT NULL,
  `empresa` varchar(10) NOT NULL,
  `densidad` decimal(10,4) DEFAULT NULL,
  `azufre` int NOT NULL,
  `precio` decimal(20,2) DEFAULT NULL,
  `impuestos` decimal(20,2) DEFAULT NULL,
  `barco_id` bigint NOT NULL,
  `combustible_id` bigint NOT NULL,
  `puerto_id` bigint NOT NULL,
  `emailEnviado` tinyint(1) NOT NULL DEFAULT '0',
  `origenMercaderia` varchar(20) NOT NULL,
  PRIMARY KEY (`id`),
  KEY `Rancho_barco_id_56034d20_fk_Barco_id` (`barco_id`),
  KEY `Rancho_combustible_id_24a8b64b_fk_Combustible_id` (`combustible_id`),
  KEY `Rancho_puerto_id_669ec47e_fk_Puerto_id` (`puerto_id`),
  CONSTRAINT `Rancho_barco_id_56034d20_fk_Barco_id` FOREIGN KEY (`barco_id`) REFERENCES `Barco` (`id`),
  CONSTRAINT `Rancho_combustible_id_24a8b64b_fk_Combustible_id` FOREIGN KEY (`combustible_id`) REFERENCES `Combustible` (`id`),
  CONSTRAINT `Rancho_puerto_id_669ec47e_fk_Puerto_id` FOREIGN KEY (`puerto_id`) REFERENCES `Puerto` (`id`)
) ENGINE=InnoDB AUTO_INCREMENT=4 DEFAULT CHARSET=utf8mb4 COLLATE=utf8mb4_0900_ai_ci;
/*!40101 SET character_set_client = @saved_cs_client */;

--
-- Dumping data for table `Rancho`
--

LOCK TABLES `Rancho` WRITE;
/*!40000 ALTER TABLE `Rancho` DISABLE KEYS */;
INSERT INTO `Rancho` VALUES (2,'2025-05-08 21:00:35.000000',150000,'NAO',0.8100,299,890.00,0.00,1,1,1,1,'Neuquen');
/*!40000 ALTER TABLE `Rancho` ENABLE KEYS */;
UNLOCK TABLES;

--
-- Table structure for table `Remito`
--

DROP TABLE IF EXISTS `Remito`;
/*!40101 SET @saved_cs_client     = @@character_set_client */;
/*!50503 SET character_set_client = utf8mb4 */;
CREATE TABLE `Remito` (
  `id` bigint NOT NULL AUTO_INCREMENT,
  `transporte_id` varchar(10) NOT NULL,
  `numero` int DEFAULT NULL,
  `cantidadBarco` decimal(30,2) DEFAULT NULL,
  `cantidadDeposito` decimal(30,2) DEFAULT NULL,
  `camion_id` bigint DEFAULT NULL,
  `carga_id` bigint DEFAULT NULL,
  `chofer_id` bigint DEFAULT NULL,
  `remolque_id` bigint DEFAULT NULL,
  `empresa` varchar(10) NOT NULL,
  PRIMARY KEY (`id`),
  KEY `Remito_camion_id_748c0bfe_fk_Camion_id` (`camion_id`),
  KEY `Remito_carga_id_2d893ae0_fk_Carga_id` (`carga_id`),
  KEY `Remito_chofer_id_b6ea48d2_fk_Chofer_id` (`chofer_id`),
  KEY `Remito_remolque_id_edef4e61_fk_Remolque_id` (`remolque_id`),
  CONSTRAINT `Remito_camion_id_748c0bfe_fk_Camion_id` FOREIGN KEY (`camion_id`) REFERENCES `Camion` (`id`),
  CONSTRAINT `Remito_carga_id_2d893ae0_fk_Carga_id` FOREIGN KEY (`carga_id`) REFERENCES `Carga` (`id`),
  CONSTRAINT `Remito_chofer_id_b6ea48d2_fk_Chofer_id` FOREIGN KEY (`chofer_id`) REFERENCES `Chofer` (`id`),
  CONSTRAINT `Remito_remolque_id_edef4e61_fk_Remolque_id` FOREIGN KEY (`remolque_id`) REFERENCES `Remolque` (`id`)
) ENGINE=InnoDB AUTO_INCREMENT=914 DEFAULT CHARSET=utf8mb4 COLLATE=utf8mb4_0900_ai_ci;
/*!40101 SET character_set_client = @saved_cs_client */;

--
-- Dumping data for table `Remito`
--

LOCK TABLES `Remito` WRITE;
/*!40000 ALTER TABLE `Remito` DISABLE KEYS */;
INSERT INTO `Remito` VALUES (1,'OJR ',1,5.00,1.00,1,NULL,1,1,''),(2,'OJR ',10,2.00,1.00,2,NULL,2,2,''),(3,'OJR ',124,25.00,9.00,1,NULL,2,1,''),(5,'TRC',1,20000.00,16000.00,4,NULL,1,1,''),(6,'OJR ',1,10.00,16.00,1,NULL,1,3,''),(7,'OJR ',1,10.00,16.00,1,NULL,1,3,''),(8,'OJR ',1,1.00,1.00,4,NULL,5,3,''),(9,'OJR ',1,30.00,0.00,3,6,5,4,''),(10,'OJR ',1,35.00,0.00,2,7,5,4,''),(11,'OJR ',1,37.00,0.00,3,8,4,1,''),(12,'OJR ',1,11.00,0.00,1,8,2,2,''),(13,'OJR ',1,36.00,0.00,3,9,4,4,''),(14,'OJR ',4015,34.00,0.00,1,10,2,2,''),(15,'OJR ',4016,18.00,0.00,2,10,4,1,''),(16,'OJR ',4017,25.00,0.00,2,11,4,1,''),(17,'OJR ',4018,36.00,0.00,3,12,5,4,''),(18,'TRC',4019,36.00,0.00,25,12,6,27,''),(19,'OJR ',4020,20.00,17.00,3,13,5,4,''),(20,'OJR ',4021,24.00,0.00,2,14,4,1,''),(21,'OJR ',1,30.00,0.00,3,15,5,4,''),(22,'OJR ',4023,37.00,0.00,2,16,4,1,''),(23,'TRC',4024,36.00,0.00,21,16,7,18,''),(24,'VESPRINI',4025,37.00,0.00,15,NULL,8,12,''),(25,'TRC',4026,36.50,0.00,17,NULL,9,19,''),(26,'VESPRINI',4027,43.50,0.00,16,NULL,10,13,''),(27,'OJR ',4028,36.00,0.00,3,NULL,5,1,''),(28,'VESPRINI',1,15.50,1.00,22,NULL,3,16,''),(29,'VESPRINI',4025,37.00,0.00,15,19,8,12,''),(30,'TRC',4026,36.50,0.00,17,19,9,19,''),(31,'VESPRINI',4027,43.50,0.00,16,19,10,13,''),(32,'OJR ',4028,36.00,0.00,3,19,5,4,''),(33,'OJR ',4029,12.00,0.00,2,20,4,1,''),(34,'OJR ',4030,7.00,0.00,2,21,4,1,''),(35,'VESPRINI',4031,26.00,0.00,12,21,11,29,''),(36,'OJR ',4032,17.00,0.00,2,22,4,1,''),(37,'VESPRINI',4033,36.00,0.00,23,23,12,16,''),(38,'VESPRINI',4034,10.00,0.00,12,23,11,29,''),(39,'1',4036,34.00,0.00,1,24,3,2,''),(40,'1',4037,13.00,0.00,1,24,3,2,''),(41,'1',4038,34.00,0.00,1,25,3,2,''),(42,'1',1,1.00,1.00,1,NULL,2,1,''),(43,'1',1,1.00,1.00,1,NULL,1,19,''),(44,'1',4039,37.00,0.00,2,28,4,1,''),(45,'1',4040,13.00,0.00,1,28,2,3,''),(46,'1',1,25.00,12.00,2,29,5,1,''),(47,'3',4043,17.00,0.00,16,30,10,13,''),(48,'1',4047,12.00,0.00,1,31,2,3,''),(49,'3',4048,19.00,0.00,16,32,10,13,''),(50,'1',1,1.00,1.00,1,NULL,3,28,''),(51,'1',4049,25.00,0.00,3,NULL,5,1,''),(52,'1',1,1.00,1.00,1,NULL,8,1,''),(53,'1',1,1.00,1.00,1,NULL,5,1,''),(54,'1',4050,25.00,0.00,3,37,5,4,''),(55,'1',4051,23.00,0.00,3,38,5,4,''),(56,'1',1,14.00,0.00,1,39,2,3,''),(57,'1',4054,10.00,16.00,1,40,2,3,''),(58,'1',4057,20.00,17.00,3,41,5,4,''),(59,'1',4058,12.00,5.00,3,42,5,4,''),(60,'2',4059,36.00,0.00,25,43,6,27,''),(61,'3',4060,43.00,0.00,16,44,10,13,''),(62,'1',4061,36.00,0.00,3,45,5,4,''),(63,'1',4062,17000.00,19000.00,2,46,4,1,''),(64,'1',4062,17.00,19.00,2,47,4,1,''),(65,'1',1063,10.00,0.00,1,48,2,3,''),(66,'1',1,14.00,0.00,1,49,2,3,''),(67,'2',4064,10.00,0.00,21,50,7,18,''),(68,'2',4065,36.00,0.00,17,51,9,32,''),(69,'2',4072,6.00,0.00,25,51,6,27,''),(70,'3',4068,12.00,0.00,33,NULL,6,33,''),(71,'1',4069,18.00,0.00,3,NULL,5,4,''),(72,'2',4071,30.00,0.00,25,53,6,27,''),(73,'1',4073,5.00,0.00,3,51,5,4,''),(74,'1',1065,8.00,0.00,1,54,2,3,''),(75,'1',1066,13.00,0.00,1,55,2,3,''),(76,'3',4074,43.00,0.00,16,56,10,30,''),(77,'1',4075,13.00,0.00,3,57,5,4,''),(78,'1',4076,7.00,0.00,3,58,5,4,''),(79,'1',1067,10.00,0.00,1,59,2,3,''),(80,'1',1068,14.00,0.00,1,60,2,3,''),(81,'1',1069,16.00,0.00,1,61,2,3,''),(82,'3',4077,36.00,0.00,23,62,12,20,''),(83,'2',4078,14.00,22.00,17,62,9,19,''),(84,'2',4079,13.00,9.00,17,63,9,32,''),(85,'2',4080,36.00,0.00,25,64,6,27,''),(86,'1',4081,5.00,7.00,3,64,5,4,''),(87,'3',4082,9.00,0.00,17,64,9,19,''),(88,'1',1070,8.00,0.00,1,65,13,3,''),(89,'1',1071,5.00,0.00,1,66,13,3,''),(90,'1',1,16.00,0.00,1,67,13,1,'OJR'),(91,'3',4084,17.00,19.00,12,68,11,29,''),(92,'3',4085,19.00,0.00,12,69,11,29,''),(93,'2',4086,43.00,0.00,16,69,10,30,''),(94,'2',4087,36.00,0.00,34,70,14,34,'NAO'),(95,'3',4088,23.00,14.00,8,70,8,12,'NAO'),(96,'1',4089,12.00,0.00,3,71,5,4,'NAO'),(97,'1',1072,7.00,0.00,1,72,13,3,'OJR'),(98,'1',1073,6.00,0.00,1,73,13,3,'OJR'),(99,'1',1074,10.00,0.00,1,74,13,3,'OJR'),(100,'1',1075,8.00,0.00,1,75,13,3,'OJR'),(101,'1',1076,13.00,0.00,1,76,13,3,'OJR'),(102,'1',1077,10.00,0.00,1,77,13,3,'OJR'),(103,'1',1,10.00,0.00,1,NULL,3,1,'OJR'),(104,'1',4091,10.00,28.00,3,79,5,4,'NAO'),(105,'1',4092,13.00,15.00,3,80,5,4,'NAO'),(106,'1',1078,6.00,0.00,1,81,13,3,'OJR'),(107,'1',1079,10.00,0.00,1,82,13,3,'OJR'),(108,'1',1080,14.00,0.00,1,83,13,3,'OJR'),(109,'1',1081,6.00,0.00,3,84,5,4,'OJR'),(110,'1',1082,13.00,0.00,1,85,13,3,'OJR'),(111,'1',1083,10.00,0.00,1,86,13,3,'OJR'),(112,'1',1084,5.00,0.00,3,87,5,4,'OJR'),(113,'3',4093,14.00,22.00,23,88,12,20,'NAO'),(114,'3',4094,10.00,12.00,23,89,12,20,'NAO'),(115,'1',1085,10.00,0.00,1,90,13,3,'OJR'),(116,'2',4095,36.00,0.00,10,91,9,18,'NAO'),(117,'3',4096,9.00,27.00,12,91,11,12,'NAO'),(118,'3',1,20.00,7.00,8,92,11,7,'NAO'),(119,'1',1,10.00,28.00,3,93,5,4,'OJR'),(120,'1',4101,14.00,14.00,3,94,5,4,'NAO'),(121,'3',4102,5.00,38.00,16,95,10,13,'NAO'),(122,'3',4103,14.00,24.00,16,96,10,30,'NAO'),(123,'3',4104,24.00,0.00,16,97,10,30,'NAO'),(124,'1',4105,14.00,24.00,3,97,5,4,'NAO'),(125,'1',4106,8.00,16.00,3,98,5,4,'NAO'),(126,'3',4107,36.00,0.00,33,99,6,33,'NAO'),(127,'1',4108,10.00,6.00,3,99,5,4,'NAO'),(128,'1',4110,6.00,0.00,3,100,5,4,'NAO'),(129,'3',4131,9.00,0.00,15,101,8,12,'NAO'),(130,'3',4114,5.00,31.00,12,102,11,29,'NAO'),(131,'3',4115,8.00,23.00,12,103,11,29,'NAO'),(132,'3',4116,36.00,0.00,33,104,6,33,'NAO'),(133,'1',-1,37.00,0.00,3,NULL,5,2,'OJR'),(134,'1',4118,37.00,0.00,3,106,5,4,'OJR'),(135,'1',4119,10.00,26.00,2,107,4,1,'OJR'),(136,'1',4120,14.00,12.00,2,108,4,1,'OJR'),(137,'3',4121,37.00,0.00,8,109,8,12,'NAO'),(138,'2',4122,36.00,0.00,34,110,14,34,'NAO'),(139,'1',4123,25.00,11.00,2,111,4,1,'NAO'),(140,'1',1089,10.00,0.00,1,112,13,3,'OJR'),(141,'3',4126,8.00,28.00,12,113,11,29,'NAO'),(142,'3',4127,10.00,18.00,12,114,11,29,'NAO'),(143,'3',4128,11.00,7.00,12,115,11,29,'NAO'),(144,'2',4129,17.00,19.00,32,116,9,32,'NAO'),(145,'1',1,10.00,26.00,2,117,4,1,'OJR'),(146,'3',4131,10.00,26.00,8,118,14,8,'NAO'),(147,'2',4132,19.00,0.00,17,119,9,32,'NAO'),(148,'3',4133,7.00,0.00,12,120,11,29,'NAO'),(149,'1',4134,37.00,0.00,3,121,5,4,'OJR'),(150,'3',4135,12.00,14.00,34,121,14,34,'NAO'),(151,'1',4136,20.00,6.00,2,122,4,1,'OJR'),(152,'3',4137,14.00,0.00,34,122,14,34,'NAO'),(153,'1',4138,37.00,0.00,3,123,5,4,'NAO'),(154,'1',4139,7.00,29.00,2,123,4,1,'NAO'),(155,'1',4140,10.00,19.00,2,124,4,1,'NAO'),(156,'1',4141,7.00,12.00,2,125,4,1,'OJR'),(157,'1',4143,12.00,0.00,2,126,4,1,'NAO'),(158,'3',4144,30.00,6.00,33,127,6,33,'NAO'),(159,'1',4146,22.00,14.00,3,128,5,4,'NAO'),(160,'1',4147,13.00,23.00,2,129,4,1,'NAO'),(161,'1',4148,7.00,16.00,2,130,4,1,'NAO'),(162,'1',4152,16.00,10.00,1,131,13,3,'NAO'),(163,'1',4150,13.00,23.00,3,132,5,4,'NAO'),(164,'1',4151,12.00,11.00,3,133,5,4,'NAO'),(165,'1',4149,16.00,10.00,1,134,13,3,'NAO'),(166,'1',4153,27.00,10.00,2,135,4,1,'NAO'),(167,'1',4154,36.00,0.00,2,136,5,1,'NAO'),(168,'1',1097,12.00,14.00,1,137,13,3,'OJR'),(169,'2',4157,16.00,20.00,21,138,7,18,'NAO'),(170,'2',4158,13.00,7.00,21,139,7,18,'NAO'),(171,'2',4159,14.00,0.00,21,140,7,18,'NAO'),(172,'2',4165,25.00,4.00,36,141,11,35,'NAO'),(173,'3',4166,12.00,24.00,37,142,15,36,'NAO'),(174,'3',4167,14.00,10.00,37,143,15,36,'NAO'),(175,'1',1098,9.00,5.00,1,144,13,3,'OJR'),(176,'1',1099,12.00,0.00,1,145,13,3,'OJR'),(177,'1',4169,20.00,16.00,3,146,5,4,'NAO'),(178,'1',4170,11.00,5.00,3,147,5,4,'OJR'),(179,'3',4172,38.00,5.00,16,148,10,30,'NAO'),(180,'3',4173,5.00,0.00,16,149,10,13,'NAO'),(181,'1',4174,36.00,0.00,2,149,4,1,'NAO'),(182,'3',4175,22.00,14.00,38,150,16,37,'NAO'),(183,'2',4176,36.00,0.00,25,151,6,27,'NAO'),(184,'3',4177,14.00,0.00,38,151,16,37,'NAO'),(185,'3',4178,36.00,0.00,39,152,17,38,'NAO'),(186,'1',4179,19.00,0.00,3,152,5,4,'NAO'),(187,'1',1101,7.00,0.00,1,153,13,3,'OJR'),(188,'1',1102,7.00,0.00,1,154,13,3,'OJR'),(189,'3',4180,21.00,15.00,12,155,11,29,'NAO'),(190,'1',4182,12.00,10.00,1,156,13,2,'NAO'),(191,'1',1,36.00,0.00,1,157,5,1,'OJR'),(192,'3',4183,36.00,0.00,40,158,7,39,'NAO'),(193,'1',4184,36.00,0.00,2,158,4,1,'NAO'),(194,'1',4185,30.00,0.00,1,159,13,2,'NAO'),(195,'3',4186,12.00,24.00,38,160,16,37,'NAO'),(196,'3',4187,14.00,10.00,38,161,16,37,'NAO'),(197,'3',4188,16.00,0.00,38,162,17,37,'NAO'),(198,'3',4189,36.00,0.00,39,163,17,38,'NAO'),(199,'1',4190,14.00,23.00,3,163,5,4,'NAO'),(200,'1',4191,10.00,13.00,3,164,5,4,'NAO'),(201,'1',4192,13.00,0.00,3,165,5,4,'NAO'),(202,'2',4193,16.00,20.00,34,166,14,34,'NAO'),(203,'1',1105,10.00,0.00,1,167,13,3,'OJR'),(204,'1',1106,11.00,0.00,1,168,13,3,'OJR'),(205,'3',4195,43.00,0.00,16,169,10,30,'NAO'),(206,'1',1107,12.00,0.00,1,170,13,3,'OJR'),(207,'1',4196,36.00,0.00,2,171,4,1,'NAO'),(208,'1',1108,7.00,0.00,1,172,13,3,'OJR'),(209,'1',1,16.00,20.00,3,173,5,4,'NAO'),(210,'1',1,7.00,13.00,3,174,5,4,'NAO'),(211,'1',1,13.00,0.00,3,175,5,4,'NAO'),(212,'1',1,25.00,11.00,2,176,4,1,'NAO'),(213,'2',1,16.00,20.00,34,177,14,34,'NAO'),(214,'1',4204,10.00,26.00,2,178,4,1,'NAO'),(215,'1',4205,14.00,12.00,2,179,4,1,'NAO'),(216,'1',1,21.00,16.00,3,180,5,4,'NAO'),(217,'1',1,16.00,0.00,3,181,5,4,'NAO'),(218,'2',4208,28.00,8.00,36,182,11,35,'NAO'),(219,'1',4209,24.00,12.00,2,183,4,1,'NAO'),(220,'1',4210,12000.00,0.00,2,NULL,4,1,'OJR'),(221,'1',1109,13.00,0.00,1,185,13,3,'OJR'),(222,'1',1,32.00,0.00,3,186,5,4,'NAO'),(223,'2',1,7.00,29.00,21,187,7,18,'NAO'),(224,'2',1,22.00,7.00,21,188,7,18,'NAO'),(225,'3',1,30.00,0.00,16,189,10,13,'NAO'),(226,'3',4215,36.00,0.00,12,190,11,29,'NAO'),(227,'3',4216,18.00,18.00,25,190,6,27,'NAO'),(228,'1',4217,18.00,0.00,1,191,13,3,'NAO'),(229,'1',4218,32.00,5.00,3,191,5,4,'NAO'),(230,'1',1,7.00,29.00,2,192,4,1,'NAO'),(231,'1',1,13.00,16.00,2,193,4,1,'NAO'),(232,'1',1,16.00,0.00,2,194,4,1,'NAO'),(233,'3',1,14.00,22.00,38,195,16,37,'NAO'),(234,'3',4224,30.00,6.00,41,196,7,39,'NAO'),(235,'3',4225,25.00,12.00,15,197,8,12,'NAO'),(236,'1',4226,24.00,0.00,1,198,13,3,'NAO'),(237,'1',4228,26.00,11.00,3,199,5,4,'NAO'),(238,'1',4229,5.00,6.00,3,200,5,4,'NAO'),(239,'1',4230,37.00,0.00,2,200,4,1,'NAO'),(240,'1',1112,9.00,0.00,1,201,13,3,'OJR'),(241,'2',4232,24.00,0.00,17,NULL,9,32,'NAO'),(242,'1',4232,12.00,24.00,2,203,4,1,'NAO'),(243,'2',1,20.00,16.00,32,204,9,32,'NAO'),(244,'2',1,16.00,0.00,32,205,9,32,'NAO'),(245,'1',1,24.00,0.00,2,206,4,1,'NAO'),(246,'1',1,12.00,0.00,3,207,5,4,'OJR'),(247,'3',4238,37.00,0.00,15,208,8,12,'NAO'),(248,'1',1,13.00,23.00,2,209,4,1,'NAO'),(249,'1',1,10.00,13.00,2,210,4,1,'NAO'),(250,'1',1,13.00,0.00,2,211,4,1,'NAO'),(251,'1',1,14.00,22.00,3,212,5,4,'NAO'),(252,'1',1,22.00,0.00,3,213,5,4,'NAO'),(253,'1',1115,15.00,0.00,1,214,13,3,'OJR'),(254,'1',1,10.00,7.00,2,215,4,1,'NAO'),(255,'3',1,14.00,29.00,16,216,10,30,'NAO'),(256,'1',1,38.00,0.00,3,217,5,4,'NAO'),(257,'1',4249,36.00,0.00,3,218,5,4,'NAO'),(258,'3',4250,36.00,0.00,38,219,16,37,'NAO'),(259,'1',4251,7.00,29.00,2,219,4,1,'NAO'),(260,'1',1,12.00,17.00,2,220,4,1,'NAO'),(261,'1',4253,24.00,0.00,3,221,5,4,'NAO'),(262,'1',4254,12.00,24.00,2,222,4,1,'NAO'),(263,'1',4255,17.00,7.00,2,223,4,1,'NAO'),(264,'3',4256,36.00,7.00,16,224,10,30,'NAO'),(265,'1',1,17.00,19.00,2,225,4,1,'NAO'),(266,'1',1,7.00,12.00,2,226,4,1,'NAO'),(267,'1',1,12.00,0.00,2,227,4,1,'NAO'),(268,'1',1118,6.00,0.00,1,228,13,3,'OJR'),(269,'2',4260,14.00,12.00,34,229,14,34,'NAO'),(270,'2',4261,12.00,0.00,34,230,14,34,'NAO'),(271,'3',4262,19.00,18.00,15,231,8,12,'NAO'),(272,'3',4264,6.00,12.00,15,232,8,12,'NAO'),(273,'3',4265,12.00,0.00,15,233,8,12,'NAO'),(274,'1',4266,11.00,15.00,1,234,13,3,'NAO'),(275,'3',4267,36.00,0.00,16,235,10,30,'NAO'),(276,'1',4269,29.00,7.00,2,236,4,1,'NAO'),(277,'1',1352,6.00,0.00,1,237,13,3,'OJR'),(278,'1',1,5.00,0.00,1,NULL,13,3,'OJR'),(279,'1',4270,37.00,0.00,2,239,4,1,'NAO'),(280,'1',4271,17.00,20.00,3,240,5,4,'NAO'),(281,'1',4272,7.00,13.00,3,241,5,4,'NAO'),(282,'1',1359,12.00,5.00,1,242,13,3,'OJR'),(283,'1',4273,6.00,6.00,3,243,5,4,'NAO'),(284,'1',4274,6.00,0.00,3,244,5,4,'NAO'),(285,'3',4275,36.00,0.00,34,244,14,32,'NAO'),(286,'1',4276,12.00,24.00,2,245,4,1,'NAO'),(287,'1',4277,17.00,7.00,2,246,4,1,'NAO'),(288,'1',4278,12.00,24.00,3,247,5,4,'NAO'),(289,'1',4279,17.00,7.00,3,248,5,4,'NAO'),(290,'1',4281,30.00,0.00,3,249,5,4,'NAO'),(291,'1',1360,7.00,0.00,1,250,13,3,'OJR'),(292,'3',4284,31.00,0.00,15,251,8,12,'NAO'),(293,'3',1,43.00,0.00,16,252,10,13,'NAO'),(294,'3',1,22.00,14.00,39,252,2,38,'NAO'),(295,'3',1,14.00,0.00,16,253,10,30,'NAO'),(296,'1',1363,10.00,0.00,1,254,13,3,'OJR'),(297,'1',4289,16.00,21.00,3,255,5,4,'NAO'),(298,'2',4290,36.00,0.00,34,256,14,34,'NAO'),(299,'3',4291,36.00,0.00,23,257,9,44,'NAO'),(300,'1',1364,8.00,0.00,1,258,13,3,'OJR'),(301,'1',1365,15.00,0.00,1,259,13,3,'OJR'),(302,'1',4293,10.00,15.00,3,260,5,4,'NAO'),(303,'1',4294,15.00,0.00,3,261,5,4,'NAO'),(304,'1',4295,37.00,0.00,2,262,4,1,'NAO'),(305,'3',4296,37.00,0.00,15,263,8,12,'NAO'),(306,'3',4297,6.00,0.00,33,264,6,33,'NAO'),(307,'3',4298,18.00,0.00,33,265,6,33,'NAO'),(308,'3',4298,18.00,0.00,33,266,6,33,'NAO'),(309,'1',4299,16.00,0.00,2,267,4,1,'NAO'),(310,'1',4300,15.00,0.00,2,268,4,1,'NAO'),(311,'1',4301,17.00,0.00,3,269,5,4,'NAO'),(312,'1',1366,5.00,0.00,1,NULL,13,3,'OJR'),(313,'1',1367,16.00,0.00,1,271,13,3,'OJR'),(314,'3',14302,43.00,0.00,16,272,10,30,'NAO'),(315,'2',4303,17.00,0.00,34,273,14,34,'NAO'),(316,'3',4304,31.00,0.00,39,274,2,38,'NAO'),(317,'1',4306,7.00,19.00,2,275,3,1,'NAO'),(318,'1',4307,13.00,6.00,2,276,4,1,'NAO'),(319,'1',4308,37.00,0.00,3,276,5,4,'NAO'),(320,'1',1370,5.00,0.00,1,277,13,3,'OJR'),(321,'1',1371,6.00,0.00,1,NULL,13,3,'OJR'),(322,'1',1372,15.00,0.00,1,279,13,3,'OJR'),(323,'1',1373,7.00,0.00,1,280,13,3,'OJR'),(324,'1',1,8.00,24.00,2,281,4,1,'NAO'),(325,'3',4311,21.00,22.00,16,282,10,30,'NAO'),(326,'3',4312,22.00,0.00,16,283,10,30,'NAO'),(327,'3',4313,18.00,18.00,41,284,2,39,'NAO'),(328,'3',4314,18.00,0.00,41,285,2,39,'NAO'),(329,'1',4315,6.00,18.00,2,286,4,1,'NAO'),(330,'1',4317,13.00,5.00,2,287,4,1,'NAO'),(331,'2',4318,7.00,29.00,32,288,9,32,'NAO'),(332,'2',4319,24.00,5.00,32,289,9,32,'NAO'),(333,'1',1377,6.00,0.00,1,290,13,3,'OJR'),(334,'1',4320,7.00,0.00,2,291,4,1,'OJR'),(335,'1',4322,7.00,5.00,2,292,4,1,'OJR'),(336,'1',4323,14.00,23.00,3,293,5,4,'NAO'),(337,'3',4324,37.00,0.00,15,294,8,12,'NAO'),(338,'1',4327,14.00,16.00,3,295,5,4,'NAO'),(339,'1',4329,11.00,27.00,3,296,5,4,'NAO'),(340,'1',4330,15.00,12.00,3,297,5,4,'NAO'),(341,'1',4331,12.00,0.00,3,298,5,4,'NAO'),(342,'1',4332,19.00,7.00,2,299,4,1,'NAO'),(343,'1',1381,6.00,0.00,1,300,13,3,'OJR'),(344,'1',4334,7.00,0.00,2,301,4,1,'OJR'),(345,'1',4335,12.00,0.00,2,302,4,1,'NAO'),(346,'2',4336,13.00,23.00,17,303,9,32,'NAO'),(347,'2',1,16.00,7.00,32,304,9,32,'NAO'),(348,'2',1,7.00,0.00,17,305,9,32,'NAO'),(349,'3',1,14.00,22.00,38,306,16,37,'NAO'),(350,'3',1,10.00,12.00,38,307,16,37,'NAO'),(351,'3',1,30.00,7.00,15,308,8,12,'OJR'),(352,'2',4342,36.00,0.00,34,309,14,34,'NAO'),(353,'2',4343,14.00,22.00,21,309,7,39,'NAO'),(354,'1',1384,5.00,0.00,1,310,13,3,'OJR'),(355,'1',1385,7.00,0.00,1,311,13,3,'OJR'),(356,'2',4347,7.00,29.00,34,312,14,34,'NAO'),(357,'2',4348,13.00,16.00,34,313,14,34,'NAO'),(358,'1',4349,10.00,26.00,3,314,5,4,'NAO'),(359,'3',4353,7.00,29.00,38,315,16,37,'NAO'),(360,'3',4352,13.00,16.00,38,316,16,37,'NAO'),(361,'1',4354,36.00,0.00,3,317,5,4,'NAO'),(362,'1',4355,36.00,0.00,2,317,4,1,'NAO'),(363,'1',4357,5.00,21.00,1,318,13,3,'NAO'),(364,'1',4358,25.00,0.00,2,319,5,1,'NAO'),(365,'1',4359,20.00,0.00,2,320,4,1,'NAO'),(366,'1',4360,25.00,0.00,2,321,4,1,'NAO'),(367,'3',4361,31.00,5.00,12,322,11,29,'NAO'),(368,'3',4362,30.00,13.00,16,323,10,30,'NAO'),(369,'1',1,8.00,0.00,1,NULL,13,3,'OJR'),(370,'1',1,36.00,0.00,2,325,2,1,'NAO'),(371,'1',1,15.00,6.00,2,326,4,1,'NAO'),(372,'1',1,6.00,0.00,2,327,4,1,'NAO'),(373,'3',1,30.00,0.00,33,327,6,27,'OJR'),(374,'3',1,36.00,0.00,36,327,11,29,'OJR'),(375,'3',4369,29.00,0.00,12,328,11,29,'NAO'),(376,'1',1,36.00,0.00,3,329,5,4,'NAO'),(377,'3',4372,36.00,0.00,38,330,16,37,'NAO'),(378,'1',1,7.00,0.00,1,331,13,2,'OJR'),(379,'3',4374,36.00,0.00,12,332,11,29,'NAO'),(380,'3',1,36.00,0.00,33,333,6,33,'NAO'),(381,'1',4377,25.00,12.00,3,334,5,4,'NAO'),(382,'3',4378,42.00,0.00,16,334,10,13,'NAO'),(383,'3',4379,36.00,0.00,2,334,9,32,'NAO'),(384,'3',4380,36.00,0.00,12,334,11,29,'NAO'),(385,'3',4381,36.00,0.00,19,334,15,16,'NAO'),(386,'1',1,6000.00,0.00,1,NULL,2,3,'OJR'),(387,'1',1,6.00,0.00,1,336,2,3,'OJR'),(388,'1',1,5.00,0.00,1,337,2,3,'OJR'),(389,'1',1,36.00,0.00,2,338,4,1,'NAO'),(390,'1',1,15.00,0.00,1,339,2,3,'OJR'),(391,'1',1,2.00,0.00,1,340,2,3,'OJR'),(392,'1',1464,3.00,0.00,1,341,2,3,'OJR'),(393,'1',1466,5.00,0.00,1,342,2,3,'OJR'),(394,'1',4394,36.00,0.00,3,343,5,4,'NAO'),(395,'3',4395,36.00,0.00,19,343,15,16,'NAO'),(396,'1',4394,36.00,0.00,3,344,5,4,'NAO'),(397,'3',4395,36.00,0.00,19,344,15,16,'NAO'),(398,'2',4396,36.00,0.00,36,345,11,35,'NAO'),(399,'2',4397,36.00,0.00,25,345,6,27,'NAO'),(400,'1',4398,26.00,0.00,1,346,2,3,'NAO'),(401,'1',1,10.00,0.00,1,347,2,3,'NAO'),(402,'1',1484,5.00,0.00,1,348,2,3,'OJR'),(403,'1',1485,3.00,0.00,1,349,2,3,'OJR'),(404,'1',1,6.00,0.00,1,350,2,3,'OJR'),(405,'1',1,6.00,0.00,1,351,2,3,'OJR'),(406,'1',1,5.00,0.00,1,352,2,3,'OJR'),(407,'1',1491,6.00,10.00,1,353,2,3,'OJR'),(408,'1',1498,6.00,0.00,1,354,2,3,'OJR'),(409,'1',1499,5.00,0.00,1,355,2,3,'OJR'),(410,'1',4404,15.00,22.00,2,356,4,1,'NAO'),(411,'1',1502,8.00,0.00,1,357,2,3,'OJR'),(412,'1',1503,7.00,0.00,1,358,2,3,'OJR'),(413,'1',1,6.00,0.00,1,359,2,3,'OJR'),(414,'1',1509,6.00,0.00,1,360,2,3,'OJR'),(415,'1',1518,12.00,0.00,2,361,4,1,'OJR'),(416,'1',1519,8.00,0.00,2,362,3,1,'OJR'),(417,'1',1,6.00,0.00,1,363,3,3,'OJR'),(418,'3',1,43.00,0.00,16,364,10,30,'NAO'),(419,'1',1,6.00,0.00,1,365,3,3,'OJR'),(420,'1',1520,5000.00,0.00,1,366,2,3,'OJR'),(421,'1',4411,11.00,0.00,2,367,4,1,'NAO'),(422,'3',1,37.00,0.00,50,368,22,46,'NAO'),(423,'1',1523,6.00,0.00,1,369,2,3,'OJR'),(424,'1',1523,6.00,0.00,1,370,2,3,'OJR'),(425,'1',1524,6.00,0.00,1,371,2,3,'OJR'),(426,'3',1,43.00,0.00,16,372,10,13,'NAO'),(427,'1',1525,6.00,0.00,1,373,2,3,'OJR'),(428,'1',11526,7.00,0.00,1,374,2,3,'OJR'),(429,'1',1527,5.00,0.00,1,375,2,3,'OJR'),(430,'1',1532,3.00,0.00,1,376,2,3,'OJR'),(431,'1',1528,3.00,0.00,1,377,2,3,'OJR'),(432,'1',1,10.00,27.00,3,378,5,4,'OJR'),(433,'1',1,6.00,0.00,1,379,2,3,'OJR'),(434,'1',1,6.00,0.00,1,380,2,3,'OJR'),(435,'1',1,3.00,0.00,1,381,2,3,'OJR'),(436,'1',1,5.00,0.00,1,382,2,3,'OJR'),(437,'1',1,5.00,0.00,1,383,2,3,'OJR'),(438,'1',1536,6.00,0.00,1,384,2,3,'OJR'),(439,'1',1536,6.00,0.00,1,385,2,3,'OJR'),(440,'3',4426,37.00,0.00,16,386,10,30,'NAO'),(441,'3',4427,6.00,0.00,16,387,10,13,'NAO'),(442,'1',4428,30.00,0.00,3,387,5,4,'NAO'),(443,'1',1,3.00,0.00,1,388,2,3,'NAO'),(444,'1',1538,10.00,0.00,1,389,2,3,'OJR'),(445,'1',1,5.00,0.00,1,390,3,3,'OJR'),(446,'1',1,8.00,0.00,1,391,3,3,'OJR'),(447,'1',1,3.00,0.00,1,392,3,3,'OJR'),(448,'1',1,8.00,0.00,1,393,3,3,'OJR'),(449,'1',1,7.00,0.00,1,394,3,3,'OJR'),(450,'1',1544,5.00,0.00,1,395,2,3,'OJR'),(451,'3',4436,36.00,0.00,39,396,23,38,'NAO'),(452,'1',1546,3.00,0.00,1,397,2,3,'OJR'),(453,'1',1,5.00,0.00,53,398,2,47,'OJR'),(454,'1',1,6.00,0.00,1,399,2,3,'OJR'),(455,'1',1,5.00,0.00,1,400,2,3,'OJR'),(456,'1',1,6.00,0.00,1,401,2,3,'OJR'),(457,'1',1,6.00,0.00,1,402,2,3,'OJR'),(458,'1',1,5.00,0.00,53,403,3,47,'OJR'),(459,'1',1597,6.00,0.00,1,404,2,3,'OJR'),(460,'1',1,6.00,0.00,1,405,3,3,'OJR'),(461,'1',1,3.00,0.00,1,406,3,3,'OJR'),(462,'1',1,5.00,0.00,1,407,3,3,'OJR'),(463,'1',1754,10.00,0.00,1,408,3,3,'OJR'),(464,'1',1,6.00,0.00,53,409,3,47,'OJR'),(465,'1',1758,5.00,0.00,53,410,2,47,'OJR'),(466,'3',1,37.00,0.00,54,411,24,48,'NAO'),(467,'1',1,37.00,0.00,3,412,5,4,'NAO'),(468,'1',1,3.00,0.00,53,413,3,47,'OJR'),(469,'1',1,5.00,0.00,53,414,3,47,'OJR'),(470,'3',5402,36.00,0.00,41,415,7,49,'NAO'),(471,'3',5404,36.00,0.00,55,415,14,34,'NAO'),(472,'3',5405,36.00,0.00,12,415,11,29,'NAO'),(473,'1',1,12.00,25.00,3,415,5,4,'NAO'),(474,'1',1762,6.00,0.00,1,416,2,3,'OJR'),(475,'1',1763,7.00,1.00,1,417,2,3,'OJR'),(476,'3',5401,36.00,0.00,56,418,9,50,'NAO'),(477,'3',5407,37.00,0.00,54,418,24,48,'NAO'),(478,'3',5409,36.00,0.00,25,418,6,27,'NAO'),(479,'1',1,25.00,0.00,3,418,5,4,'NAO'),(480,'2',4462,36.00,0.00,36,419,11,35,'NAO'),(481,'2',4463,36.00,0.00,34,420,7,27,'NAO'),(482,'1',4464,37.00,0.00,2,420,4,1,'NAO'),(483,'2',4465,36.00,0.00,25,420,6,27,'NAO'),(484,'3',4467,43.00,0.00,16,420,10,30,'NAO'),(485,'1',1768,5.00,0.00,1,421,2,3,'OJR'),(486,'1',1768,5.00,0.00,1,422,2,3,'OJR'),(487,'1',1,4.00,0.00,53,423,2,47,'OJR'),(488,'1',1,5.00,0.00,53,424,2,47,'OJR'),(489,'1',1771,6.00,0.00,1,425,3,3,'OJR'),(490,'1',1,26.00,0.00,1,426,2,3,'NAO'),(491,'1',1,5.00,0.00,1,427,2,3,'OJR'),(492,'1',1,3.00,0.00,1,428,2,3,'OJR'),(493,'1',1,6.00,0.00,1,429,3,3,'OJR'),(494,'1',1,6.00,0.00,1,430,3,3,'OJR'),(495,'1',1,5.00,0.00,1,431,3,3,'OJR'),(496,'1',1,4.00,0.00,53,432,4,47,'OJR'),(497,'1',1,5.00,0.00,53,433,4,47,'OJR'),(498,'1',1,5.00,0.00,1,434,3,3,'OJR'),(499,'1',1778,6.00,0.00,1,435,3,3,'OJR'),(500,'1',1790,4.00,0.00,53,436,3,47,'OJR'),(501,'1',1791,5.00,0.00,53,437,3,47,'OJR'),(502,'1',1792,5.00,0.00,53,438,2,47,'OJR'),(503,'1',1793,6.00,0.00,1,439,2,3,'OJR'),(504,'1',1794,6.00,0.00,1,440,2,3,'OJR'),(505,'1',1795,4.00,0.00,53,441,2,47,'OJR'),(506,'1',1796,5.00,0.00,53,442,2,47,'OJR'),(507,'1',1797,5.00,0.00,53,443,2,47,'OJR'),(508,'1',1799,6.00,0.00,1,444,2,3,'OJR'),(509,'1',1800,3.00,0.00,53,445,2,47,'OJR'),(510,'1',1801,5.00,0.00,53,446,2,47,'OJR'),(511,'1',1802,6.00,0.00,1,447,2,3,'OJR'),(512,'1',1803,6.00,0.00,1,448,2,3,'OJR'),(513,'1',1804,3.00,0.00,53,449,2,47,'OJR'),(514,'1',1,10.00,0.00,1,NULL,16,19,'OJR'),(515,'1',1805,6.00,0.00,53,451,2,47,'OJR'),(516,'3',4477,43.00,0.00,16,452,10,30,'NAO'),(517,'3',4478,36.00,0.00,21,452,7,18,'NAO'),(518,'3',4479,36.00,0.00,12,452,11,29,'NAO'),(519,'1',4480,37.00,0.00,3,453,5,4,'NAO'),(520,'3',4481,37.00,0.00,15,453,8,18,'NAO'),(521,'1',4482,16.00,20.00,2,453,2,1,'NAO'),(522,'1',1806,4.00,0.00,53,454,4,47,'OJR'),(523,'1',1807,5.00,0.00,1,455,4,3,'OJR'),(524,'1',1808,6.00,0.00,1,456,4,3,'OJR'),(525,'1',4483,36.00,0.00,2,457,2,1,'NAO'),(526,'1',4484,16.00,18.00,1,457,2,2,'NAO'),(527,'3',4485,43.00,0.00,16,457,10,13,'NAO'),(528,'3',4486,36.00,0.00,21,457,7,18,'NAO'),(529,'3',4487,36.00,0.00,12,457,11,29,'NAO'),(530,'1',1809,6.00,0.00,52,458,13,47,'OJR'),(531,'1',11810,6.00,0.00,53,459,13,47,'OJR'),(532,'1',4501,37.00,0.00,3,460,5,4,'NAO'),(533,'3',4502,36.00,0.00,57,460,25,39,'NAO'),(534,'1',4503,34.00,0.00,1,460,2,2,'NAO'),(535,'3',4504,36.00,0.00,58,460,26,51,'NAO'),(536,'1',1811,8.00,0.00,53,461,13,47,'OJR'),(537,'1',4505,36.00,0.00,2,462,4,1,'NAO'),(538,'3',4506,36.00,0.00,25,462,6,27,'NAO'),(539,'3',4507,37.00,0.00,17,462,2,46,'NAO'),(540,'1',4508,26.00,0.00,3,462,5,4,'NAO'),(541,'1',1812,5.00,0.00,53,463,2,47,'OJR'),(542,'3',4512,37.00,0.00,59,464,24,48,'NAO'),(543,'3',4513,36.00,0.00,21,464,7,18,'NAO'),(544,'3',4514,43.00,0.00,16,464,10,13,'NAO'),(545,'1',1813,5.00,0.00,53,465,13,47,'OJR'),(546,'1',1814,5.00,0.00,53,466,13,47,'OJR'),(547,'1',4515,37.00,0.00,2,467,2,1,'NAO'),(548,'3',4516,37.00,0.00,15,467,8,12,'NAO'),(549,'1',4517,34.00,0.00,1,468,2,2,'NAO'),(550,'1',4518,36.00,0.00,3,468,5,4,'NAO'),(551,'1',1816,5.00,0.00,53,469,2,47,'OJR'),(552,'1',1,9.00,0.00,1,470,2,2,'OJR'),(553,'1',1,9.00,0.00,53,471,3,47,'OJR'),(554,'1',1,6.00,0.00,53,472,3,47,'OJR'),(555,'1',1,5.00,7.00,53,473,2,47,'OJR'),(556,'1',1,7.00,0.00,53,474,2,47,'OJR'),(557,'1',1823,6.00,0.00,53,475,2,47,'OJR'),(558,'1',1824,5.00,0.00,53,476,2,47,'OJR'),(559,'1',1,5.00,0.00,53,477,3,47,'OJR'),(560,'1',1826,6.00,0.00,53,478,3,47,'OJR'),(561,'1',1827,7.00,0.00,53,479,3,47,'OJR'),(562,'1',1,9.00,0.00,60,480,3,47,'OJR'),(563,'1',1,9.00,0.00,1,481,3,3,'OJR'),(564,'1',1,7.00,0.00,1,482,3,3,'OJR'),(565,'3',4522,37.00,0.00,15,483,8,12,'NAO'),(566,'1',4523,37.00,0.00,2,483,2,1,'NAO'),(567,'1',4524,37.00,0.00,3,483,5,4,'NAO'),(568,'1',4525,14.00,0.00,2,483,2,1,'NAO'),(569,'1',1,4.00,0.00,60,484,2,47,'OJR'),(570,'1',1,5.00,0.00,60,485,13,47,'OJR'),(571,'1',1,7.00,0.00,60,486,3,47,'OJR'),(572,'1',1,5.00,0.00,60,487,3,47,'OJR'),(573,'1',1,6.00,0.00,60,488,3,47,'OJR'),(574,'1',1,6.00,0.00,60,489,3,47,'OJR'),(575,'1',1,7.00,0.00,60,490,2,47,'OJR'),(576,'1',4528,37.00,0.00,2,491,4,1,'NAO'),(577,'3',4529,36.00,0.00,10,491,27,38,'NAO'),(578,'1',4530,37.00,0.00,2,491,4,1,'NAO'),(579,'1',1,10.00,0.00,1,492,17,45,'OJR'),(580,'3',4531,37.00,0.00,33,493,9,33,'NAO'),(581,'1',4532,37.00,0.00,3,493,5,4,'NAO'),(582,'1',1,7.00,5.00,60,494,2,47,'OJR'),(583,'1',1,5.00,0.00,60,495,2,47,'OJR'),(584,'1',1841,9.00,0.00,60,496,2,47,'OJR'),(585,'3',4533,36.00,0.00,39,497,23,38,'NAO'),(586,'3',4534,37.00,0.00,59,497,24,48,'NAO'),(587,'1',4535,37.00,0.00,3,497,1,4,'NAO'),(588,'1',4536,37.00,0.00,3,498,5,4,'NAO'),(589,'1',4537,37.00,0.00,2,498,4,1,'NAO'),(590,'1',4538,37.00,0.00,3,498,5,4,'NAO'),(591,'1',1843,4.00,0.00,60,499,2,47,'OJR'),(592,'1',1844,5.00,0.00,1,500,1,3,'OJR'),(593,'1',1845,6.00,0.00,1,501,1,3,'OJR'),(594,'1',1846,8.00,0.00,1,502,1,3,'OJR'),(595,'1',1847,6.00,0.00,1,503,1,3,'OJR'),(596,'1',4540,37.00,0.00,2,504,4,1,'NAO'),(597,'1',4541,30.00,0.00,2,504,4,1,'NAO'),(598,'2',4542,37.00,0.00,54,504,24,52,'NAO'),(599,'2',4543,36.00,0.00,25,504,6,27,'NAO'),(600,'1',1,5.00,0.00,1,505,1,2,'OJR'),(601,'1',1,5.00,0.00,60,506,4,47,'OJR'),(602,'1',1,5.00,0.00,3,507,4,47,'OJR'),(603,'1',4545,34.00,0.00,1,508,1,2,'NAO'),(604,'2',4546,36.00,0.00,56,508,9,19,'NAO'),(605,'1',4547,14.00,0.00,1,508,1,2,'NAO'),(606,'1',1,3.00,0.00,60,509,2,47,'OJR'),(607,'1',1852,2.00,1.00,60,510,2,47,'OJR'),(608,'2',4564,10.00,0.00,21,511,7,18,'NAO'),(609,'2',4565,7.00,0.00,21,512,7,18,'NAO'),(610,'2',4566,6.00,0.00,21,513,7,18,'NAO'),(611,'2',4567,6.00,0.00,21,514,7,18,'NAO'),(612,'3',4568,36.00,0.00,8,515,6,7,'NAO'),(613,'1',4569,34.00,0.00,1,515,1,2,'NAO'),(614,'3',4570,36.00,0.00,39,516,23,38,'NAO'),(615,'3',4571,30.00,7.00,32,516,22,46,'NAO'),(616,'1',1,7.00,0.00,1,517,1,2,'OJR'),(617,'1',1,6.00,0.00,1,518,1,2,'OJR'),(618,'1',4573,37.00,0.00,3,519,5,4,'NAO'),(619,'1',4574,37.00,0.00,2,519,4,1,'NAO'),(620,'1',4575,12.00,0.00,52,519,2,47,'NAO'),(621,'1',1,2.00,0.00,60,520,2,47,'OJR'),(622,'1',4576,7.00,30.00,3,521,5,4,'NAO'),(623,'1',4578,5.00,7.00,60,522,2,47,'NAO'),(624,'1',4579,7.00,23.00,3,523,5,4,'NAO'),(625,'1',4580,7.00,0.00,60,524,2,47,'NAO'),(626,'1',4581,7.00,16.00,3,525,5,4,'NAO'),(627,'1',1,10.00,0.00,60,526,2,47,'OJR'),(628,'1',4582,37.00,0.00,3,527,5,4,'NAO'),(629,'3',4583,36.00,0.00,23,527,12,44,'NAO'),(630,'3',4584,36.00,0.00,49,527,7,32,'NAO'),(631,'3',4585,36.00,0.00,25,527,6,27,'NAO'),(632,'1',1880,13.00,0.00,2,528,4,1,'OJR'),(633,'1',4586,16.00,0.00,2,529,4,1,'NAO'),(634,'3',4587,37.00,0.00,54,529,24,48,'NAO'),(635,'1',1,10.00,2.00,60,NULL,2,47,'NAO'),(636,'1',1,10.00,2.00,60,531,2,47,'NAO'),(637,'1',4593,10.00,27.00,2,532,4,1,'OJR'),(638,'1',4594,8.00,19.00,2,533,4,1,'OJR'),(639,'1',4595,7.00,12.00,2,534,4,1,'OJR'),(640,'1',14596,10.00,0.00,60,535,2,47,'OJR'),(641,'1',1883,7.00,0.00,2,NULL,2,1,'OJR'),(642,'1',1,36.00,0.00,2,537,4,1,'NAO'),(643,'3',1,36.00,0.00,23,537,12,44,'NAO'),(644,'3',1,36.00,0.00,21,537,7,18,'NAO'),(645,'3',1,36.00,0.00,51,537,27,38,'NAO'),(646,'1',4601,34.00,0.00,1,538,2,2,'NAO'),(647,'1',1,37.00,0.00,3,539,5,4,'NAO'),(648,'3',1,18.00,0.00,33,540,6,33,'NAO'),(649,'3',1,18.00,0.00,33,541,6,33,'NAO'),(650,'1',4605,34.00,0.00,1,542,2,2,'NAO'),(651,'3',4606,37.00,0.00,15,542,8,12,'NAO'),(652,'1',4607,25.00,0.00,1,542,2,2,'NAO'),(653,'1',4608,38.00,0.00,3,543,5,4,'NAO'),(654,'1',4609,38.00,0.00,3,543,5,4,'NAO'),(655,'1',4610,38.00,0.00,3,543,5,4,'NAO'),(656,'3',4611,37.00,0.00,15,543,8,12,'NAO'),(657,'1',4612,37.00,0.00,2,544,2,1,'NAO'),(658,'1',4613,34.00,0.00,1,544,1,2,'NAO'),(659,'1',4614,37.00,0.00,2,544,2,1,'NAO'),(660,'1',4615,34.00,0.00,1,544,1,2,'NAO'),(661,'1',1,8.00,0.00,2,NULL,4,1,'OJR'),(662,'1',1,9.00,0.00,1,546,1,2,'NAO'),(663,'1',4617,25.00,12.00,3,547,5,4,'NAO'),(664,'1',4618,12.00,0.00,3,548,5,4,'NAO'),(665,'3',4619,11.00,25.00,33,548,6,27,'NAO'),(666,'3',4620,25.00,0.00,33,549,6,33,'NAO'),(667,'3',4621,19.00,17.00,12,550,11,29,'NAO'),(668,'3',4622,17.00,0.00,12,551,11,29,'NAO'),(669,'3',4623,36.00,0.00,40,552,7,49,'NAO'),(670,'1',1,13.00,19.00,2,553,4,1,'NAO'),(671,'1',4625,14.00,10.00,1,554,1,2,'NAO'),(672,'1',4626,10.00,0.00,1,555,1,2,'NAO'),(673,'1',1,8.00,11.00,2,556,4,1,'NAO'),(674,'1',1,11.00,0.00,2,557,4,1,'NAO'),(675,'1',1,29.00,0.00,2,558,4,1,'NAO'),(676,'3',1,37.00,0.00,32,558,22,46,'NAO'),(677,'3',1,36.00,0.00,23,558,12,44,'NAO'),(678,'1',1903,8.00,0.00,1,559,1,2,'OJR'),(679,'1',4636,37.00,0.00,3,560,5,4,'NAO'),(680,'1',4637,37.00,0.00,3,560,5,4,'NAO'),(681,'1',4638,37.00,0.00,2,560,4,1,'NAO'),(682,'1',4639,37.00,0.00,2,560,4,1,'NAO'),(683,'1',4640,34.00,0.00,1,560,1,2,'NAO'),(684,'1',4641,10.00,0.00,3,561,5,4,'NAO'),(685,'1',1,36.00,0.00,3,562,5,4,'OJR'),(686,'1',1912,12.00,0.00,1,563,1,2,'OJR'),(687,'1',1913,9.00,0.00,2,NULL,4,1,'OJR'),(688,'1',4642,34.00,0.00,1,565,4,2,'NAO'),(689,'1',4643,15.00,0.00,2,565,4,1,'NAO'),(690,'1',4644,34.00,0.00,1,565,4,2,'NAO'),(691,'1',4645,37.00,0.00,2,565,4,1,'NAO'),(692,'1',4646,6.00,14.00,1,566,4,2,'NAO'),(693,'1',4647,5.00,9.00,1,567,4,2,'NAO'),(694,'1',4648,5.00,4.00,1,568,4,2,'NAO'),(695,'1',4649,4.00,0.00,1,569,4,2,'NAO'),(696,'1',1,12.00,0.00,1,570,1,2,'NAO'),(697,'1',1916,8.00,0.00,1,571,3,45,'OJR'),(698,'1',4651,37.00,0.00,2,572,4,1,'NAO'),(699,'1',1,5.00,0.00,62,NULL,3,47,'OJR'),(700,'1',4653,8.00,0.00,1,574,1,47,'NAO'),(701,'1',1,15.00,0.00,3,NULL,5,4,'OJR'),(702,'1',4654,17.00,0.00,2,576,4,1,'NAO'),(703,'3',4655,36632.00,0.00,23,576,12,51,'NAO'),(704,'1',4657,10.00,0.00,1,577,1,47,'NAO'),(705,'1',4658,24.00,0.00,3,578,5,4,'NAO'),(706,'2',4659,36543.00,0.00,21,578,7,18,'NAO'),(707,'1',4661,37.00,0.00,2,579,4,1,'NAO'),(708,'3',4662,36.00,0.00,49,579,9,19,'NAO'),(709,'1',1,10.00,0.00,3,580,5,4,'NAO'),(710,'3',1,43.00,0.00,16,580,10,13,'NAO'),(711,'1',1,12.00,0.00,1,581,1,2,'OJR'),(712,'1',1,10.00,0.00,2,582,4,1,'OJR'),(713,'1',4668,17.00,0.00,2,583,4,1,'NAO'),(714,'1',4669,37.00,0.00,3,583,5,4,'NAO'),(715,'3',4670,36.00,0.00,30,583,16,28,'NAO'),(716,'1',1,13.00,0.00,1,584,1,2,'OJR'),(717,'1',4671,10.00,0.00,1,585,2,47,'NAO'),(718,'1',4672,30.00,0.00,1,586,1,2,'NAO'),(719,'1',4673,16.00,0.00,1,587,1,2,'NAO'),(720,'1',4674,8.00,0.00,1,588,1,47,'NAO'),(721,'1',4675,7.00,0.00,1,589,2,47,'NAO'),(722,'1',1,13.00,8.00,2,590,4,1,'OJR'),(723,'1',1,9.00,0.00,1,591,1,2,'OJR'),(724,'1',1952,15.00,0.00,3,592,5,4,'OJR'),(725,'1',4676,20.00,0.00,2,593,4,1,'NAO'),(726,'1',4677,36.00,0.00,2,594,4,1,'NAO'),(727,'1',4678,36.00,0.00,3,594,5,4,'NAO'),(728,'1',4680,34.00,0.00,1,595,2,2,'NAO'),(729,'1',4681,30.00,0.00,1,596,1,2,'NAO'),(730,'1',1955,13.00,0.00,1,NULL,1,2,'OJR'),(731,'1',4683,20.00,0.00,3,598,5,4,'NAO'),(732,'1',4684,16.00,14.00,1,599,1,2,'NAO'),(733,'1',4685,14.00,0.00,1,600,1,2,'NAO'),(734,'1',4686,24.00,10.00,1,601,1,2,'NAO'),(735,'1',4687,10.00,0.00,1,602,1,2,'NAO'),(736,'1',1957,14.00,0.00,3,603,5,4,'OJR'),(737,'1',1958,11.00,0.00,3,604,5,4,'OJR'),(738,'1',4688,10.00,0.00,2,605,4,1,'NAO'),(739,'1',4689,12.00,0.00,1,606,1,2,'NAO'),(740,'1',4690,15.00,0.00,1,607,1,2,'NAO'),(741,'1',1959,15.00,0.00,1,608,2,2,'OJR'),(742,'1',4691,24.00,0.00,2,609,4,1,'NAO'),(743,'1',4692,12.00,18.00,2,610,4,1,'NAO'),(744,'1',4693,8.00,10.00,2,611,4,1,'NAO'),(745,'1',4694,10.00,0.00,2,612,4,1,'NAO'),(746,'1',1961,16.00,0.00,1,613,1,2,'OJR'),(747,'1',1960,10.00,0.00,1,614,1,2,'OJR'),(748,'1',1,10.00,0.00,3,615,5,4,'OJR'),(749,'1',1963,10.00,0.00,1,616,1,2,'OJR'),(750,'1',4696,10.00,0.00,1,617,2,47,'NAO'),(751,'1',1,7.00,30.00,1,618,1,2,'OJR'),(752,'1',1,15.00,15.00,1,619,1,2,'OJR'),(753,'1',1,15.00,0.00,1,620,1,2,'OJR'),(754,'1',4697,10.00,0.00,1,621,2,47,'NAO'),(755,'1',4698,10.00,0.00,1,622,2,47,'NAO'),(756,'1',4699,10.00,0.00,1,623,2,2,'NAO'),(757,'1',1,8.00,0.00,1,624,1,2,'OJR'),(758,'1',4700,15.00,22.00,2,625,4,1,'NAO'),(759,'1',4701,10.00,12.00,1,626,4,1,'NAO'),(760,'1',4702,12.00,0.00,64,627,2,47,'NAO'),(761,'1',4703,15.00,0.00,3,628,5,4,'NAO'),(762,'1',4704,23.00,0.00,3,629,5,4,'NAO'),(763,'1',4705,12.00,0.00,64,630,2,47,'NAO'),(764,'1',4706,12.00,0.00,64,631,2,47,'NAO'),(765,'1',4707,20.00,0.00,2,632,4,1,'NAO'),(766,'1',4708,12.00,0.00,64,633,2,47,'NAO'),(767,'1',4709,27.00,0.00,2,633,4,1,'NAO'),(768,'1',4708,12.00,0.00,64,NULL,2,47,'NAO'),(769,'1',4709,27.00,0.00,2,NULL,4,1,'NAO'),(770,'1',4710,36.00,0.00,2,635,4,1,'NAO'),(771,'1',4711,14.00,0.00,2,636,4,1,'NAO'),(772,'1',1,8.00,0.00,1,637,1,2,'OJR'),(773,'1',4712,13.00,0.00,1,638,1,2,'NAO'),(774,'1',4714,12.00,0.00,64,639,2,47,'NAO'),(775,'1',4715,11.00,0.00,1,640,1,2,'NAO'),(776,'1',4716,15.00,0.00,3,641,5,4,'NAO'),(777,'1',4717,24.00,0.00,2,642,4,1,'NAO'),(778,'1',4718,36.00,0.00,2,643,4,1,'NAO'),(779,'1',4719,12.00,0.00,64,644,2,47,'NAO'),(780,'1',4720,12.00,0.00,64,645,2,47,'NAO'),(781,'1',47214,24.00,0.00,2,646,4,1,'NAO'),(782,'1',4722,12.00,0.00,64,647,2,47,'NAO'),(783,'1',4723,12.00,0.00,64,648,2,47,'NAO'),(784,'1',1970,10.00,0.00,1,649,1,3,'OJR'),(785,'1',1971,9.00,0.00,1,650,1,2,'OJR'),(786,'1',1972,7.00,0.00,1,651,1,2,'OJR'),(787,'1',4751,8.00,0.00,3,652,5,1,'NAO'),(788,'1',4726,20.00,0.00,3,653,5,4,'NAO'),(789,'1',1974,9.00,0.00,1,654,1,2,'OJR'),(790,'1',1975,3.00,0.00,64,655,2,47,'OJR'),(791,'1',4728,10.00,0.00,64,656,2,47,'NAO'),(792,'1',4729,10.00,0.00,64,657,2,47,'NAO'),(793,'1',4730,10.00,0.00,64,658,2,47,'NAO'),(794,'1',1,5.00,0.00,1,659,1,2,'NAO'),(795,'1',1,6.00,0.00,3,660,2,47,'OJR'),(796,'1',4732,30.00,0.00,2,661,4,1,'NAO'),(797,'1',4733,10.00,0.00,64,662,2,47,'NAO'),(798,'1',1,5.00,0.00,1,663,1,2,'NAO'),(799,'3',1,36.00,0.00,63,664,28,29,'NAO'),(800,'1',1,8.00,0.00,64,665,1,47,'OJR'),(801,'1',4737,8.00,0.00,64,666,1,47,'OJR'),(802,'1',1,8.00,0.00,64,667,1,47,'NAO'),(803,'1',1,10.00,0.00,2,668,4,1,'NAO'),(804,'1',1,7.00,0.00,2,669,4,1,'OJR'),(805,'1',1,7.00,0.00,2,670,4,1,'OJR'),(806,'1',4741,30.00,0.00,2,671,4,1,'NAO'),(807,'1',4742,30.00,0.00,2,672,4,1,'NAO'),(808,'1',4743,30.00,0.00,2,673,4,1,'NAO'),(809,'1',4744,10.00,0.00,64,674,2,47,'OJR'),(810,'1',4745,10.00,0.00,64,675,2,47,'NAO'),(811,'1',4746,10.00,0.00,64,676,2,47,'NAO'),(812,'1',1980,16.00,0.00,1,677,1,2,'OJR'),(813,'1',4747,20.00,0.00,3,678,5,4,'NAO'),(814,'1',4748,10.00,0.00,64,679,2,47,'NAO'),(815,'1',4749,12.00,0.00,1,680,1,2,'NAO'),(816,'1',4752,3.00,0.00,1,681,1,2,'NAO'),(817,'1',1983,10.00,0.00,1,682,1,2,'OJR'),(818,'1',1982,8.00,0.00,3,683,5,4,'OJR'),(819,'1',1984,9.00,0.00,3,684,5,4,'OJR'),(820,'1',1985,6.00,0.00,3,685,5,4,'OJR'),(821,'1',1986,6.00,0.00,1,686,1,2,'OJR'),(822,'1',1,3.00,0.00,1,687,1,2,'OJR'),(823,'1',4754,8.00,0.00,64,688,2,47,'NAO'),(824,'1',1989,4.00,0.00,64,689,2,47,'OJR'),(825,'1',1990,5.00,0.00,64,690,2,47,'OJR'),(826,'1',1992,6.00,0.00,1,691,1,2,'OJR'),(827,'1',1991,6.00,0.00,1,692,1,2,'OJR'),(828,'1',1,9.00,0.00,64,693,2,47,'OJR'),(829,'1',4756,20.00,0.00,3,694,5,4,'NAO'),(830,'3',4758,30.00,0.00,57,695,25,39,'NAO'),(831,'1',4759,12.00,0.00,3,696,5,4,'NAO'),(832,'1',1,12.00,0.00,64,697,2,47,'NAO'),(833,'1',1,10.00,0.00,1,698,1,2,'OJR'),(834,'1',1995,6.00,0.00,1,699,1,2,'OJR'),(835,'1',1996,7.00,0.00,1,700,1,2,'OJR'),(836,'1',1998,8.00,0.00,64,701,2,47,'OJR'),(837,'1',1,5.00,0.00,64,702,2,47,'NAO'),(838,'1',4762,7.00,0.00,64,703,2,47,'OJR'),(839,'1',4763,3.00,0.00,64,704,2,47,'OJR'),(840,'1',1,8.00,0.00,1,705,1,2,'OJR'),(841,'1',1,8.00,0.00,1,706,1,2,'OJR'),(842,'1',2001,7.00,0.00,1,707,1,2,'OJR'),(843,'1',4764,7.00,0.00,64,708,2,47,'NAO'),(844,'1',4765,11.00,0.00,1,709,1,2,'NAO'),(845,'1',4766,6.00,0.00,64,710,2,47,'OJR'),(846,'1',1,12.00,0.00,64,711,2,47,'NAO'),(847,'1',1,34.00,0.00,1,711,1,2,'NAO'),(848,'1',1,9.00,0.00,52,711,2,47,'NAO'),(849,'1',2002,15.00,0.00,1,712,1,2,'OJR'),(850,'1',1,37.00,0.00,3,713,1,4,'NAO'),(851,'1',1,36.00,0.00,3,714,1,4,'NAO'),(852,'1',4772,25.00,0.00,64,715,4,1,'NAO'),(853,'1',4773,25.00,0.00,2,716,4,1,'NAO'),(854,'1',2004,10.00,0.00,1,717,1,2,'OJR'),(855,'1',4774,10.00,0.00,64,718,4,47,'OJR'),(856,'1',1,10.00,0.00,1,719,1,2,'OJR'),(857,'1',1,9.00,0.00,1,720,1,2,'OJR'),(858,'1',1,7.00,0.00,1,721,1,2,'OJR'),(859,'1',1,8.00,0.00,64,722,2,47,'OJR'),(860,'1',1,10.00,0.00,64,723,2,47,'OJR'),(861,'1',1,11.00,0.00,1,724,1,2,'OJR'),(862,'1',1,6.00,0.00,64,725,2,47,'OJR'),(863,'1',2013,5.00,0.00,1,726,1,2,'OJR'),(864,'1',2014,5.00,0.00,64,727,2,47,'OJR'),(865,'1',11111,43.00,0.00,1,NULL,1,3,'OJR'),(866,'3',1234,43.00,0.00,16,NULL,10,30,'NAO'),(867,'2',123,42.00,0.00,25,NULL,10,18,'OJR'),(868,'3',4780,43.00,0.00,16,731,10,30,'NAO'),(869,'2',4781,36.00,0.00,65,731,22,46,'NAO'),(870,'3',4778,36.00,0.00,47,732,7,46,'NAO'),(871,'3',4779,36.00,0.00,39,732,29,28,'NAO'),(872,'1',2016,13.00,0.00,3,733,5,4,'OJR'),(873,'1',2017,5.00,0.00,1,734,1,2,'OJR'),(874,'1',2018,4.00,0.00,1,735,1,2,'OJR'),(875,'1',2019,4.00,0.00,64,736,2,47,'OJR'),(876,'1',2020,12.00,0.00,2,737,4,1,'OJR'),(877,'1',1,5.00,0.00,64,738,2,47,'OJR'),(878,'1',2022,5.00,0.00,64,739,2,47,'OJR'),(879,'1',1,4.00,0.00,64,740,2,47,'OJR'),(880,'1',1,4.00,0.00,64,741,2,47,'OJR'),(881,'1',1,5.00,0.00,64,742,2,47,'OJR'),(882,'1',1,7.00,0.00,64,743,2,47,'OJR'),(883,'1',2028,7.00,0.00,1,744,1,2,'OJR'),(884,'1',2029,5.00,0.00,1,745,1,2,'OJR'),(885,'1',1,5.00,4.00,64,746,2,47,'OJR'),(886,'1',1,4.00,0.00,64,747,2,47,'OJR'),(887,'1',2034,5.00,0.00,64,748,2,47,'OJR'),(888,'1',2035,5.00,0.00,64,749,2,47,'OJR'),(889,'1',2036,4.00,0.00,64,750,2,47,'OJR'),(890,'1',2037,8.00,0.00,1,751,1,2,'OJR'),(891,'1',2038,7.00,0.00,1,752,1,2,'OJR'),(892,'1',2039,3.00,0.00,64,753,2,47,'OJR'),(893,'1',2040,9.00,0.00,1,754,1,2,'OJR'),(894,'1',2041,5.00,0.00,64,755,2,47,'OJR'),(895,'1',2043,8.00,0.00,1,756,1,2,'OJR'),(896,'1',2044,5.00,0.00,64,757,2,47,'OJR'),(897,'1',2045,12.00,0.00,3,758,2,47,'OJR'),(898,'1',2046,7.00,0.00,64,759,2,47,'OJR'),(899,'1',2047,6.00,0.00,1,760,1,2,'OJR'),(900,'1',1,8.00,0.00,2,761,4,1,'OJR'),(901,'1',1,5.00,0.00,64,762,2,47,'OJR'),(902,'1',12050,5.00,0.00,64,763,2,47,'OJR'),(903,'1',2051,7.00,0.00,1,764,1,2,'OJR'),(904,'1',2052,9.00,0.00,64,765,2,47,'OJR'),(905,'1',2054,6.00,0.00,1,766,1,2,'OJR'),(906,'1',2054,5.00,0.00,1,767,1,2,'OJR'),(907,'1',2055,5.00,0.00,64,768,2,47,'OJR'),(908,'1',1,7.00,0.00,64,769,2,47,'OJR'),(909,'1',1,7.00,0.00,1,770,1,2,'OJR'),(910,'1',2060,12.00,0.00,64,771,2,47,'OJR'),(911,'1',2061,5.00,0.00,1,772,1,2,'OJR'),(912,'1',1,1.00,1.00,1,773,16,17,'OJR'),(913,'1',2062,7.00,0.00,2,774,1,1,'OJR');
/*!40000 ALTER TABLE `Remito` ENABLE KEYS */;
UNLOCK TABLES;

--
-- Table structure for table `RemitoVarios`
--

DROP TABLE IF EXISTS `RemitoVarios`;
/*!40101 SET @saved_cs_client     = @@character_set_client */;
/*!50503 SET character_set_client = utf8mb4 */;
CREATE TABLE `RemitoVarios` (
  `id` bigint NOT NULL AUTO_INCREMENT,
  `transporte` varchar(10) NOT NULL,
  `destinatario_id` varchar(100) NOT NULL,
  `lugarEntrega` varchar(100) NOT NULL,
  `IVA` varchar(5) NOT NULL,
  `cantidad` decimal(30,2) DEFAULT NULL,
  `unidad` varchar(10) NOT NULL,
  `numero` int DEFAULT NULL,
  `fecha` datetime(6) NOT NULL,
  `camion_id` bigint DEFAULT NULL,
  `chofer_id` bigint DEFAULT NULL,
  `remolque_id` bigint DEFAULT NULL,
  `producto` varchar(100) NOT NULL,
  `observacion` varchar(100) NOT NULL,
  `empresa` varchar(10) NOT NULL,
  `rancho` tinyint(1) NOT NULL,
  PRIMARY KEY (`id`),
  KEY `RemitoVarios_camion_id_aa5d5595_fk_Camion_id` (`camion_id`),
  KEY `RemitoVarios_chofer_id_24374f3a_fk_Chofer_id` (`chofer_id`),
  KEY `RemitoVarios_remolque_id_b81f3bde_fk_Remolque_id` (`remolque_id`),
  CONSTRAINT `RemitoVarios_camion_id_aa5d5595_fk_Camion_id` FOREIGN KEY (`camion_id`) REFERENCES `Camion` (`id`),
  CONSTRAINT `RemitoVarios_chofer_id_24374f3a_fk_Chofer_id` FOREIGN KEY (`chofer_id`) REFERENCES `Chofer` (`id`),
  CONSTRAINT `RemitoVarios_remolque_id_b81f3bde_fk_Remolque_id` FOREIGN KEY (`remolque_id`) REFERENCES `Remolque` (`id`)
) ENGINE=InnoDB AUTO_INCREMENT=131 DEFAULT CHARSET=utf8mb4 COLLATE=utf8mb4_0900_ai_ci;
/*!40101 SET character_set_client = @saved_cs_client */;

--
-- Dumping data for table `RemitoVarios`
--

LOCK TABLES `RemitoVarios` WRITE;
/*!40000 ALTER TABLE `RemitoVarios` DISABLE KEYS */;
INSERT INTO `RemitoVarios` VALUES (1,'OJR ','1','DEPOSITO TRELEW','RI ',16.00,'LTS',4035,'2024-05-21 17:44:30.000000',1,2,3,'GAS OIL','.','',0),(2,'OJR ','2','SAN MARTIN','RI ',28.00,'TN ',1,'2024-05-23 21:15:44.000000',2,4,3,'RAPIBACH','00','',0),(3,'OJR ','3','DEPOSITO TRELEW','RI ',14.00,'MT2',4041,'2024-05-24 13:15:29.000000',1,2,3,'GAS OIL','.','',0),(4,'OJR ','2','fda','RI ',1.00,'TN ',1,'2024-05-28 21:39:07.000000',23,1,29,'fd','fd','NAO',0),(5,'OJR ','5','DEPOSITO TRELEW','RI ',5000.00,'LTS',1060,'2024-05-30 15:54:17.000000',25,6,27,'GAS OIL','.','OJR',0),(6,'OJR ','3','DEPOSITO TRELEW','RI ',12000.00,'LTS',4055,'2024-06-01 13:58:44.000000',1,2,3,'GO REVENTA B0','.','OJR',0),(7,'OJR ','3','DEPOSITO TRELEW','RI ',12000.00,'LTS',4063,'2024-06-06 16:13:39.000000',1,3,3,'GAS OIL','.','OJR',0),(8,'OJR ','3','DEPOSITO TRELEW','RI ',12000.00,'LTS',4070,'2024-06-07 16:42:35.000000',1,2,3,'GAS OIL','.','OJR',0),(9,'OJR ','3','DEPOSITO TRELEW','RI ',65000.00,'LTS',4083,'2024-06-11 14:29:53.000000',1,2,3,'GO REVENTA C/FLETE B0','.','OJR',0),(10,'OJR ','3','DEPOSITO TRELEW','RI ',30000.00,'LTS',4090,'2024-06-12 16:49:21.000000',1,2,3,'GO REVENTA C/FLETE B0','.','OJR',0),(11,'OJR ','3','DEPOSITO TRELEW','RI ',40000.00,'LTS',4100,'2024-06-18 15:13:02.000000',1,2,3,'GO REVENTA C/FLETE B0','.','NAO',0),(12,'OJR ','6','RAWSON','RI ',39000.00,'LTS',4112,'2024-06-19 15:41:22.000000',3,5,4,'GAS OIL','.','NAO',0),(13,'OJR ','5','DEPOSITO TRELEW','RI ',5000.00,'LTS',1,'2024-06-19 16:39:56.000000',2,4,1,'GO REVENTA B0','.','OJR',0),(14,'OJR ','4','DEPOSITO TRELEW','RI ',5000.00,'LTS',1,'2024-06-19 16:51:23.000000',2,4,1,'GAS OIL','.','OJR',0),(15,'OJR ','6','RAWSON DEPOSITO','RI ',36000.00,'LTS',4124,'2024-06-24 15:08:07.000000',2,4,1,'GAS OIL','.','NAO',0),(16,'OJR ','3','DEPOSITO TRELEW','RI ',36000.00,'LTS',4125,'2024-06-24 15:18:01.000000',1,2,3,'GO REVENTA B0','.','NAO',0),(17,'OJR ','6','RAWSON DEPOSITO','RI ',36000.00,'LTS',4130,'2024-06-26 11:52:09.000000',2,4,1,'GAS OIL','.','NAO',0),(18,'OJR ','3','DEPOSITO TRELEW','RI ',36000.00,'LTS',1,'2024-06-29 12:32:40.000000',2,2,1,'GO REVENTA C/FLETE B0','.','NAO',0),(19,'OJR ','4','DEPOSITO TRELEW','RI ',5000.00,'LTS',1091,'2024-07-04 16:01:55.000000',2,4,1,'GAS OIL','.','OJR',0),(20,'OJR ','5','DEPOSITO TRELEW','RI ',5000.00,'LTS',1092,'2024-07-04 16:02:50.000000',2,4,1,'GAS OIL','.','OJR',0),(21,'OJR ','3','DEPOSITO TRELEW','RI ',10000.00,'LTS',4155,'2024-07-05 12:50:01.000000',1,2,3,'GO REVENTA B0','.','NAO',0),(22,'OJR ','6','RAWSON DEPOSITO','RI ',36000.00,'LTS',4156,'2024-07-05 16:39:10.000000',35,11,7,'GAS OIL','.','NAO',0),(23,'OJR ','4','Trelew','RI ',5000.00,'LTS',1094,'2024-07-06 11:00:00.000000',1,2,3,'Gasoil','a','OJR',0),(24,'OJR ','5','Trelew','RI ',5000.00,'LTS',1095,'2024-07-06 11:00:00.000000',1,2,3,'Gasoil','a','OJR',0),(25,'OJR ','7','PUERTO MADRYN','RI ',1.00,'TN ',1096,'2024-07-08 14:09:55.000000',1,2,1,'RIMULA 15W40','RANCHO 24 047 ER02 000779 M','OJR',0),(26,'OJR ','6','Trelew','RI ',36000.00,'LTS',4164,'2024-07-09 17:00:00.000000',2,4,1,'Gasoil','Q','NAO',0),(27,'OJR ','8','RAWSON','RI ',1.00,'LTS',1100,'2024-07-11 12:45:14.000000',1,18,1,'RIMULA 15W40 x 209 litros','.','OJR',0),(28,'OJR ','4','DEPOSITO TRELEW','RI ',7500.00,'LTS',1103,'2024-07-12 16:00:00.000000',36,11,29,'GAS OIL','.','OJR',0),(29,'OJR ','5','DEPOSITO TRELEW','RI ',7500.00,'LTS',1104,'2024-07-12 16:00:00.000000',14,11,7,'GAS OIL','.','OJR',0),(30,'OJR ','4','DEPOSITO - TRELEW','RI ',5000.00,'LTS',1,'2024-07-25 13:52:59.000000',1,13,3,'GASOIL','.','OJR',0),(31,'OJR ','5','DEPOSITO - TRELEW','RI ',5000.00,'LTS',1,'2024-07-25 13:55:38.000000',1,13,3,'GASOIL','.','OJR',0),(32,'OJR ','6','DEPOSITO - RAWSON','RI ',37000.00,'LTS',4231,'2024-07-27 12:55:36.000000',2,4,1,'GASOIL','.','NAO',0),(33,'OJR ','4','DEPOSITO - TRELEW','RI ',6000.00,'LTS',1,'2024-07-29 15:14:10.000000',1,13,3,'GAS OIL','.','NAO',0),(34,'OJR ','5','DEPOSITO - TRELEW','RI ',6000.00,'LTS',1,'2024-07-29 15:15:12.000000',1,13,3,'GAS OIL','.','NAO',0),(35,'OJR ','6','DEPOSITO - RAWSON','RI ',37000.00,'LTS',1,'2024-07-30 13:24:43.000000',42,19,40,'GAS OIL G2','.','NAO',0),(36,'OJR ','6','DEPOSITO RAWSON','RI ',37000.00,'LTS',1,'2024-08-01 14:39:01.000000',43,20,41,'GAS OIL','.','OJR',0),(37,'OJR ','6','RAWSON DEPOSITO','RI ',37000.00,'LTS',1,'2024-08-07 13:29:53.000000',42,21,40,'GAS OIL','.','OJR',0),(38,'OJR ','8','Rawson','RI ',1.00,'TN ',1100,'2024-08-09 15:21:58.000000',1,2,1,'Rimula 15w40 x 209 litros','.','OJR',0),(39,'OJR ','5','Deposito - Trelew','RI ',6000.00,'LTS',1,'2024-08-10 16:20:30.000000',1,13,3,'GAS OIL','.','OJR',0),(40,'OJR ','4','Deposito - Trelew','RI ',6000.00,'LTS',1,'2024-08-10 16:26:00.000000',1,13,3,'GAS OIL','.','OJR',0),(41,'OJR ','4','DEPOSITO TRELEW','RI ',6500.00,'LTS',1356,'2024-08-10 11:00:00.000000',1,13,3,'GAS OIL','.','OJR',0),(42,'OJR ','5','DEPOSITO TRELEW','RI ',6500.00,'LTS',1357,'2024-08-10 11:30:00.000000',1,13,3,'GAS OIL','.','OJR',0),(43,'OJR ','6','DEPOSITO RAWSON','RI ',37000.00,'LTS',1,'2024-08-13 12:53:29.000000',45,21,42,'GAS OIL','.','NAO',0),(44,'OJR ','4','DEPOSITO TRELEW','RI ',6000.00,'LTS',1,'2024-08-14 13:08:00.000000',1,13,3,'GAS OIL','.','OJR',0),(45,'OJR ','5','DEPOSITO TRELEW','RI ',6000.00,'LTS',1,'2024-08-14 13:09:13.000000',1,13,3,'GAS OIL','.','OJR',0),(46,'OJR ','4','DEPOSITO TRELEW','RI ',7000.00,'LTS',1368,'2024-08-20 09:00:00.000000',1,13,3,'GAS OIL','.','OJR',0),(47,'OJR ','5','DEPOSITO TRELEW','RI ',7000.00,'LTS',1369,'2024-08-20 09:00:00.000000',1,13,3,'GAS OIL','.','OJR',0),(48,'OJR ','8','RAWSON','RI ',1.00,'LTS',1374,'2024-08-22 10:00:00.000000',46,18,45,'RIMULA 15W40 X 209L','.','OJR',0),(49,'OJR ','4','DEPOSITO TRELEW','RI ',7000.00,'LTS',1375,'2024-08-24 09:00:00.000000',1,13,3,'GAS OIL','.','OJR',0),(50,'OJR ','5','DEPOSITO TRELEW','RI ',7000.00,'LTS',1376,'2024-08-24 09:30:00.000000',1,13,3,'GAS OIL','.','OJR',0),(51,'OJR ','6','Trelew','RI ',36000.00,'LTS',4321,'2024-08-25 14:00:00.000000',2,13,1,'Gasoil','.','OJR',0),(52,'OJR ','6','RAWSON','RI ',6000.00,'LTS',1,'2024-08-27 15:05:35.000000',2,4,1,'GASOIL','.','OJR',0),(53,'OJR ','5','DEPOSITO TRELEW','RI ',5000.00,'LTS',1378,'2024-08-30 09:00:00.000000',1,13,3,'GAS OIL','.','OJR',0),(54,'OJR ','4','DEPOSITO TRELEW','RI ',5000.00,'LTS',1379,'2024-08-30 09:00:00.000000',1,13,3,'GAS OIL','.','OJR',0),(55,'OJR ','7','PUERTO MADRYN','RI ',209.00,'LTS',1,'2024-08-30 11:00:00.000000',46,2,45,'RIMULA 15W40 X 209L','.','OJR',0),(56,'OJR ','4','DEPOSITO TRELEW','RI ',7500.00,'LTS',1382,'2024-09-04 10:00:00.000000',1,13,3,'GAS OIL','.','OJR',0),(57,'OJR ','5','DEPOSITO TRELEW','RI ',7500.00,'LTS',1383,'2024-09-04 10:00:00.000000',1,13,3,'GAS OIL','.','OJR',0),(58,'OJR ','6','DEPOSITO','RI ',15000.00,'LTS',1,'2024-09-06 14:14:26.000000',2,4,1,'GASOIL GRADO 2','.','OJR',0),(59,'OJR ','6','DEPOSITO','RI ',22000.00,'LTS',1,'2024-09-07 13:05:24.000000',2,4,1,'GASOIL GRADO 2','.','OJR',0),(60,'OJR ','4','DEPOSITO','RI ',8000.00,'LTS',1,'2024-09-09 17:04:06.000000',34,14,34,'GASOIL','TRANSPORTE TRANSCONT','OJR',0),(61,'OJR ','5','DEPOSITO','RI ',8000.00,'LTS',1,'2024-09-09 17:05:29.000000',34,14,34,'GASOIL','TRA','OJR',0),(62,'OJR ','6','DEPOSITO RAWSON','RI ',37000.00,'LTS',1,'2024-09-10 14:31:26.000000',2,4,1,'GAS OIL','.','OJR',0),(63,'OJR ','5','DEPOSITO TRELEW','RI ',7500.00,'LTS',1,'2024-09-14 13:04:34.000000',1,13,3,'GASOIL','.','OJR',0),(64,'OJR ','4','DEPOSITO TRELEW','RI ',1.00,'LTS',1,'2024-09-14 13:05:42.000000',1,13,3,'GASOIL','.','OJR',0),(65,'OJR ','4','DEPOSITO TRELEW','RI ',4000.00,'LTS',1,'2024-09-20 15:20:23.000000',1,13,3,'GAS OIL','.','OJR',0),(66,'OJR ','5','DEPOSITO TRELEW','RI ',4000.00,'LTS',1,'2024-09-20 15:21:07.000000',1,13,3,'GAS OIL','.','OJR',0),(67,'OJR ','10','GUATRACHE LA PAMPA','RI ',20000.00,'LTS',1,'2024-10-02 11:45:47.000000',3,5,4,'GASOIL GR 2 D300','.','OJR',0),(68,'OJR ','6','DEPOSITO RAWSON','RI ',36000.00,'LTS',1,'2024-10-08 12:45:13.000000',2,2,1,'GAS OIL G2','.','OJR',0),(69,'OJR ','6','DEPOSITO RAWSON','RI ',36000.00,'LTS',1,'2024-10-25 11:51:42.000000',23,12,44,'GAS OIL','.','OJR',0),(70,'OJR ','10','GUATRACHE - LA PAMPA','RI ',12012.00,'LTS',1,'2024-10-28 15:00:10.000000',3,5,4,'GAS SOIL G2','.','OJR',0),(71,'OJR ','9','DOÑA ALFIA','RI ',5.00,'LTS',1,'2024-10-31 13:04:29.000000',1,2,3,'EXTRA VIDA XV 300 X 20 LITROS','.','OJR',0),(72,'OJR ','6','DEPOSITO - RAWSON','RI ',37000.00,'LTS',4393,'2024-11-02 13:07:38.000000',2,2,1,'GAS OIL','.','OJR',0),(73,'OJR ','6','RAWSON','RI ',36000.00,'LTS',4401,'2024-11-10 12:00:00.000000',34,14,34,'GAS OIL','132691/132651/132661/132638/132662/132633 / 44235/44236/44237/44238/44239/44240','NAO',0),(74,'OJR ','6','DEPOSITO RAWSON','RI ',36000.00,'LTS',1,'2024-11-11 15:54:29.000000',22,9,32,'GAS OIL GR2','.','OJR',0),(75,'OJR ','6','RAWSON','RI ',37000.00,'LTS',4405,'2024-11-13 20:00:00.000000',8,8,12,'GAS OIL','0132650/697/689/631/655 - 44080/078/079/301/302','NAO',0),(76,'OJR ','6','DEPOSITO - RAWSON','RI ',36000.00,'LTS',1,'2024-11-15 13:39:09.000000',3,1,4,'GAS OIL','.','NAO',0),(77,'OJR ','6','DEPOSITO - RAWSON','RI ',36000.00,'LTS',1,'2024-11-15 15:33:42.000000',49,9,19,'GAS OIL','.','OJR',0),(78,'OJR ','6','RAWSON','RI ',36000.00,'LTS',4414,'2024-11-21 14:00:00.000000',34,14,34,'GAS OIL','.','NAO',0),(79,'OJR ','6','RAWSON','RI ',43183.00,'LTS',4420,'2024-11-26 15:00:00.000000',16,10,30,'GAS OIL','.','NAO',0),(80,'OJR ','6','RAWSON','RI ',37100.00,'LTS',37102,'2024-11-27 11:00:00.000000',50,22,46,'GAS OIL','.','NAO',0),(81,'OJR ','6','DEPOSITO RAWSON','RI ',36000.00,'LTS',1,'2024-11-29 14:49:48.000000',33,6,27,'GASOIL G2','.','NAO',0),(82,'TRC','6','RAWSON','RI ',37244.00,'LTS',4430,'2024-12-02 12:00:00.000000',26,19,32,'GAS OIL','.','NAO',0),(83,'VESPRINI','6','RAWSON','RI ',37397.00,'LTS',4433,'2024-12-05 12:00:00.000000',15,8,12,'GAS OIL','.','NAO',0),(84,'OJR ','6','RAWSON','RI ',36000.00,'LTS',4438,'2024-12-09 15:00:00.000000',2,4,1,'GAS OIL','.','NAO',0),(85,'VESPRINI','6','RAWSON','RI ',36000.00,'LTS',4441,'2024-12-09 15:00:00.000000',40,7,18,'GAS OIL','.','NAO',0),(86,'OJR ','6','RAWSON','RI ',37000.00,'LTS',4444,'2024-12-13 18:00:00.000000',3,2,4,'GAS OIL','.','NAO',0),(87,'VESPRINI','6','DEPOSITO RAWSON','RI ',36000.00,'LTS',1,'2024-12-19 12:40:57.000000',25,6,27,'GAS OIL GR2','048336/337/338/339/340/341/342/343/344/345/331/332','NAO',0),(88,'OJR ','11','MAR DEL PLATA','RI ',37000.00,'LTS',1765,'2024-12-25 10:00:00.000000',2,4,1,'GAS OIL','a','OJR',0),(89,'OJR ','11','MAR DEL PLATA','RI ',23000.00,'LTS',1766,'2024-12-25 10:00:00.000000',3,5,4,'GAS OIL','.','OJR',0),(90,'VESPRINI','6','RAWSON DEPOSITO','RI ',36000.00,'LTS',4469,'2024-12-28 13:40:31.000000',57,25,39,'GO REVENTA B0','.','NAO',0),(91,'OJR ','12','PUERTO MADRYN','EX ',200.00,'LTS',1784,'2025-01-14 15:00:00.000000',3,5,4,'GAS OIL','.','OJR',0),(92,'OJR ','10','GUATRACHE. LA PAMPA','RI ',36.00,'LTS',1789,'2025-01-18 13:18:43.000000',3,5,4,'GAS OIL','.','OJR',0),(93,'OJR ','12','ADUANA P.M.','RI ',200.00,'LTS',1,'2025-05-15 14:23:59.000000',1,1,2,'GAS OIL GR 2','.','OJR',0),(94,'OJR ','4','DEPOSITO TRELEW','RI ',6000.00,'LTS',1,'2025-05-19 16:09:00.000000',2,4,1,'GAS OIL','.','OJR',0),(95,'OJR ','5','DEPOSITO TRELEW','RI ',6000.00,'LTS',1,'2025-05-19 16:09:46.000000',2,4,1,'GAS OIL','.','OJR',0),(96,'OJR ','1','CIPOLLETTI','RI ',37000.00,'LTS',1,'2025-05-23 16:27:36.000000',3,5,4,'GAS OIL','.','OJR',0),(97,'OJR ','1','CIPOLLETTI','RI ',36000.00,'LTS',1,'2025-05-23 16:29:44.000000',2,4,1,'GAS OIL','.','OJR',0),(98,'OJR ','1','CIPOLLETTI','RI ',37000.00,'LTS',1,'2025-05-28 14:11:08.000000',3,5,4,'GAS OIL GR2','.','OJR',0),(99,'OJR ','1','CIPOLLETTI','RI ',37000.00,'LTS',1,'2025-06-02 14:12:41.000000',3,5,4,'GAS OIL','.','OJR',0),(100,'OJR ','1','CIPOLLETTI','RI ',36000.00,'LTS',1,'2025-06-02 14:18:21.000000',2,4,1,'GAS OIL','.','OJR',0),(101,'OJR ','4','DEPOSITO TRELEW','RI ',5500.00,'LTS',1,'2025-06-25 14:13:06.000000',1,1,2,'GAS OIL G2','.','OJR',0),(102,'OJR ','5','DEPOSITO TRELEW','RI ',5500.00,'LTS',1,'2025-06-25 14:14:10.000000',1,1,2,'GAS OIL GR2','.','OJR',0),(103,'OJR ','1','CIPOLLETTI','RI ',36000.00,'LTS',1,'2025-06-26 14:13:41.000000',63,28,53,'GAS OIL G2','.','OJR',0),(104,'VESPRINI','1','CIPOLLETTI','RI ',36000.00,'LTS',1,'2025-06-26 14:23:21.000000',56,9,50,'GAS OIL GR2','.','OJR',0),(105,'VESPRINI','1','CIPOLLETTI','RI ',37000.00,'LTS',1,'2025-06-26 14:28:07.000000',8,8,12,'GAS OIL GR2','.','OJR',0),(107,'TRC','1','Trelew','RI ',36000.00,'LTS',1936,'2025-06-29 09:00:00.000000',63,28,53,'Gasoil','.','OJR',0),(108,'VESPRINI','1','CIPOLLETTI','RI ',36000.00,'LTS',1397,'2025-06-28 14:00:00.000000',49,9,19,'Gasoil','.','OJR',0),(109,'OJR ','1','CIPOLLETTI','RI ',36000.00,'LTS',1,'2025-06-30 13:11:37.000000',3,5,4,'GAS OIL G2','.','OJR',0),(110,'OJR ','12','MADRYN','RI ',200.00,'LTS',1,'2025-07-07 12:54:08.000000',52,1,47,'GASOIL GR 2','.','OJR',0),(111,'OJR ','4','DEPOSITO TRELEW','RI ',5000.00,'LTS',1,'2025-07-11 13:09:51.000000',61,2,47,'GAS OIL','.','OJR',0),(112,'OJR ','5','DEPOSITO TRELEW','RI ',5000.00,'LTS',1,'2025-07-11 13:11:08.000000',60,2,47,'GAS OIL','.','OJR',0),(113,'OJR ','7','PUERTO MADRYN','RI ',3.00,'TN ',1947,'2025-07-14 18:00:00.000000',1,18,47,'RIMULA R3 15W40 X 209L','.','OJR',1),(114,'OJR ','4','DEPOSITO TRELEW','RI ',4000.00,'LTS',1,'2025-07-18 12:54:40.000000',52,1,47,'GAS OIL','.','OJR',0),(115,'OJR ','5','DEPOSITO TRELEW','RI ',4000.00,'LTS',1,'2025-07-18 12:59:35.000000',60,1,47,'GAS OIL','.','OJR',0),(116,'OJR ','4','DEPOSITO TRELEW','RI ',4000.00,'LTS',1,'2025-07-24 14:52:35.000000',2,4,1,'GAS OIL','.','OJR',0),(117,'OJR ','5','DEPOSITO TRELEW','RI ',4000.00,'LTS',1,'2025-07-24 14:53:42.000000',2,4,1,'GASOIL','.','OJR',0),(118,'OJR ','12','ADUANA','RI ',400.00,'LTS',1,'2025-08-06 13:11:46.000000',1,1,2,'GAS OIL','.','OJR',0),(119,'OJR ','6','RAWSON','RI ',37000.00,'LTS',1968,'2025-08-18 14:00:00.000000',3,5,4,'GAS OIL','067431/32/33/34/35/36/37/38/39/40/43/44','OJR',0),(120,'OJR ','14','PUERTO MADRYN','RI ',37000.00,'LTS',1,'2025-08-30 13:10:38.000000',3,5,4,'GAS-OIL GR 3','.','OJR',0),(121,'OJR ','7','PUERTO MADRYN','RI ',1.00,'LTS',1,'2025-09-03 10:00:00.000000',37,2,47,'RIMULA 15W40 X 209L','.','OJR',1),(122,'OJR ','15','GAIMAN','EX ',28.00,'TN ',1925,'2025-09-06 14:36:26.000000',2,4,47,'EMULSION ASF. CRR -1 M','L/P N° 18/2025','OJR',0),(123,'OJR ','12','ADUANA - MADRYN','RI ',400.00,'LTS',1,'2025-11-07 12:00:00.000000',61,2,47,'GAS OIL GR 2','.','OJR',0),(124,'OJR ','6','RAWSON','RI ',38000.00,'LTS',4783,'2025-12-04 13:02:41.000000',42,19,40,'GAS OIL','.','NAO',0),(125,'OJR ','14','Puerto Madryn','RI ',37000.00,'LTS',1,'2025-12-02 14:06:59.000000',3,5,4,'GASOIL G3','Sale de Campana','OJR',0),(126,'OJR ','6','PUERTO MADRYN','RI ',40000.00,'LTS',1,'2025-12-04 14:44:43.000000',1,1,1,'GASOIL GR2','.','NAO',0),(127,'OJR ','6','PUERTO MADRYN','RI ',40000.00,'LTS',1,'2025-12-06 14:09:46.000000',1,20,13,'GASOIL GR 2','.','NAO',0),(128,'OJR ','6','RAWSON','RI ',38000.00,'LTS',4790,'2025-12-08 13:07:00.000000',26,1,32,'GAS OIL','132691/132651/132661/132638/132662/132633 / 44235/44236/44237/44238/44239/44240','NAO',0),(129,'OJR ','6','.','RI ',38000.00,'LTS',1,'2025-12-09 14:22:00.000000',45,19,42,'GAS OIL GR2','.','NAO',0),(130,'OJR ','6','.','RI ',40000.00,'LTS',1,'2025-12-12 14:45:46.000000',25,25,48,'GAS OIL GR 2','.','NAO',0);
/*!40000 ALTER TABLE `RemitoVarios` ENABLE KEYS */;
UNLOCK TABLES;

--
-- Table structure for table `Remolque`
--

DROP TABLE IF EXISTS `Remolque`;
/*!40101 SET @saved_cs_client     = @@character_set_client */;
/*!50503 SET character_set_client = utf8mb4 */;
CREATE TABLE `Remolque` (
  `id` bigint NOT NULL AUTO_INCREMENT,
  `marca` varchar(100) NOT NULL,
  `patente` varchar(15) NOT NULL,
  `fecha_alta` datetime(6) NOT NULL,
  `fecha_actualizacion` datetime(6) NOT NULL,
  `transporte_id` bigint NOT NULL,
  PRIMARY KEY (`id`),
  KEY `Remolque_transporte_id_18c5c49d_fk_Transporte_id` (`transporte_id`),
  CONSTRAINT `Remolque_transporte_id_18c5c49d_fk_Transporte_id` FOREIGN KEY (`transporte_id`) REFERENCES `Transporte` (`id`)
) ENGINE=InnoDB AUTO_INCREMENT=54 DEFAULT CHARSET=utf8mb4 COLLATE=utf8mb4_0900_ai_ci;
/*!40101 SET character_set_client = @saved_cs_client */;

--
-- Dumping data for table `Remolque`
--

LOCK TABLES `Remolque` WRITE;
/*!40000 ALTER TABLE `Remolque` DISABLE KEYS */;
INSERT INTO `Remolque` VALUES (1,'HEIL','HEP 235','2023-11-08 21:53:31.593199','2023-11-15 22:33:31.382072',1),(2,'MILEI','ICQ 076','2023-11-15 22:33:48.307703','2023-11-15 22:33:48.307736',1),(3,'MONTENEGRO','RZQ 708','2023-11-15 22:34:12.009309','2023-11-15 22:34:12.009327',1),(4,'HEIL','JQF 665','2023-11-15 22:34:29.453958','2023-11-15 22:34:29.453975',1),(7,'FANGIO','NMH460','2024-04-22 21:51:03.742394','2024-05-30 14:33:52.543086',3),(8,'FANGIO','MHH717','2024-04-22 21:51:03.742394','2024-05-30 14:35:01.831819',3),(12,'DANES','JZU643','2024-04-22 21:51:03.742394','2024-05-30 14:41:00.680803',3),(13,'FANGIO','AE670XT','2024-04-22 21:51:03.742394','2024-05-27 13:35:57.487719',3),(16,'FANGIO','AA294NA','2024-04-22 21:51:03.742394','2024-05-30 14:40:32.292746',3),(17,'FANGIO','AA469SU','2024-04-22 21:51:03.742394','2024-04-22 21:51:03.742394',1),(18,'FANGIO','AA097BK','2024-04-22 21:51:03.742394','2024-06-07 12:53:30.575443',2),(19,'FANGIO','KNC688','2024-04-22 21:51:03.742394','2024-04-22 21:51:03.742394',1),(20,'FANGIO','NND682','2024-04-22 21:51:03.742394','2024-05-30 14:35:32.820263',3),(27,'FANGIO','JXC150','2024-04-22 21:51:03.742394','2024-05-30 14:32:20.835935',2),(28,'FANGIO','NXH316','2024-04-22 21:51:03.742394','2024-04-22 21:51:03.742394',1),(29,'FANGIO','KRA759','2024-05-21 15:56:47.920012','2024-05-30 14:42:05.143301',3),(30,'0','AE670XT','2024-05-27 13:23:08.770228','2024-05-27 13:23:08.770253',3),(31,'FANGIO','AE756UL','2024-06-07 13:18:05.392369','2024-06-07 13:18:05.392428',2),(32,'DANES','KNC688','2024-06-07 13:27:00.000735','2024-06-07 13:27:00.000756',2),(33,'FANGIO','JXC150','2024-06-07 14:33:35.889180','2024-06-07 14:33:35.889201',3),(34,'FANGIO','AA 097 BJ','2024-06-11 21:09:00.982430','2024-06-11 21:09:00.982449',2),(35,'HEIL','KRA759','2024-07-09 14:49:08.289932','2024-07-09 14:49:08.289955',2),(36,'HEIL','AA294NA','2024-07-09 15:12:10.980964','2024-07-09 15:12:10.981005',3),(37,'HEIL','NXH 316','2024-07-10 21:30:01.228781','2024-07-10 21:30:01.228803',3),(38,'HEIL','NMH 463','2024-07-10 21:32:05.004834','2024-07-10 21:32:05.004856',3),(39,'FANGIO','NMH462','2024-07-13 13:26:06.085634','2024-07-13 13:26:06.085657',3),(40,'TRACTOR','AD582MS','2024-07-30 13:35:54.069113','2024-07-30 13:35:54.069139',4),(41,'SEMI','FNY893','2024-08-01 14:38:22.191862','2024-08-01 14:38:56.040750',4),(42,'Semi','FAS303','2024-08-14 12:59:05.796608','2024-08-14 12:59:05.796631',4),(43,'SEMI','AD582MS','2024-08-14 12:59:35.380367','2024-08-14 12:59:35.380389',4),(44,'HEIL','NJR556','2024-08-15 22:44:38.198070','2024-08-15 22:44:38.198093',3),(45,'TOYOTA','NYZ385','2024-08-21 21:18:26.406154','2024-08-21 21:18:26.406175',1),(46,'SEMI','KFT634','2024-11-19 12:38:51.715671','2024-11-19 12:38:51.715689',3),(47,'0','0','2024-12-09 13:32:38.989883','2024-12-09 13:32:38.989902',1),(48,'SEMI','KFT633','2024-12-17 14:24:50.315154','2024-12-17 14:24:50.315173',3),(49,'SEMI','AA097BK','2024-12-19 14:34:15.237343','2024-12-19 14:34:29.621806',3),(50,'SEMI','KNC688','2024-12-20 16:37:36.144879','2024-12-20 16:37:36.144901',3),(51,'HEIL','NMH 464','2025-02-03 14:36:11.278222','2025-02-03 14:36:11.278261',3),(52,'HEIL','KFT 633','2025-02-05 20:48:57.531967','2025-02-05 20:48:57.531988',3),(53,'SEMI','AA469SU','2025-06-26 14:20:11.495116','2025-06-26 14:20:28.617729',3);
/*!40000 ALTER TABLE `Remolque` ENABLE KEYS */;
UNLOCK TABLES;

--
-- Table structure for table `Transporte`
--

DROP TABLE IF EXISTS `Transporte`;
/*!40101 SET @saved_cs_client     = @@character_set_client */;
/*!50503 SET character_set_client = utf8mb4 */;
CREATE TABLE `Transporte` (
  `id` bigint NOT NULL AUTO_INCREMENT,
  `abreviatura` varchar(10) NOT NULL,
  `nombre` varchar(100) NOT NULL,
  `cuit` varchar(13) NOT NULL,
  PRIMARY KEY (`id`)
) ENGINE=InnoDB AUTO_INCREMENT=6 DEFAULT CHARSET=utf8mb4 COLLATE=utf8mb4_0900_ai_ci;
/*!40101 SET character_set_client = @saved_cs_client */;

--
-- Dumping data for table `Transporte`
--

LOCK TABLES `Transporte` WRITE;
/*!40000 ALTER TABLE `Transporte` DISABLE KEYS */;
INSERT INTO `Transporte` VALUES (1,'OJR','Robert Orlando Jorge(090)','20115039521'),(2,'TNC','TRANSCONT S.R.L. (123)','30661981632'),(3,'VES','VESPRINI S.A. (65)','30693761731'),(4,'MAR','Petromares S.A.','30716903083'),(5,'TCC','TRANSPORTE A CARGO DEL CLIENTE','...');
/*!40000 ALTER TABLE `Transporte` ENABLE KEYS */;
UNLOCK TABLES;

--
-- Dumping events for database 'ojrdb'
--

--
-- Dumping routines for database 'ojrdb'
--
/*!40103 SET TIME_ZONE=@OLD_TIME_ZONE */;

/*!40101 SET SQL_MODE=@OLD_SQL_MODE */;
/*!40014 SET FOREIGN_KEY_CHECKS=@OLD_FOREIGN_KEY_CHECKS */;
/*!40014 SET UNIQUE_CHECKS=@OLD_UNIQUE_CHECKS */;
/*!40101 SET CHARACTER_SET_CLIENT=@OLD_CHARACTER_SET_CLIENT */;
/*!40101 SET CHARACTER_SET_RESULTS=@OLD_CHARACTER_SET_RESULTS */;
/*!40101 SET COLLATION_CONNECTION=@OLD_COLLATION_CONNECTION */;
/*!40111 SET SQL_NOTES=@OLD_SQL_NOTES */;

-- Dump completed on 2025-12-14 17:21:31
